File,WaveData20200304_348.csv,
Date/Time,20-03-04/16:12,

Trace,A
Center Wavelength,1546.62,nm
Span Wavelength,5,nm
Start Wavelength,1544.12,nm
Stop Wavelength,1549.12,nm
Value In Air/Vacuum,Vacuum,
Optical Attenuater,Off,
Resolution,0.1,nm
Actual Resolution,0.096,nm
VBW,1000,Hz
Point Average,Off,
Sweep Average,1,
Smooth,Off,
Sampling Points,2001,pt
Trace Type,Write,
Trace Storage Mode,Off,
Trace Calculate Trace 1,-,
Trace Calculate Trace 2,-,
Dynamic Range,Normal,
Ext-Trigger,Off,
Interval Time,Off,
MM Mode,Off,
Start,1544.12,nm
Stop,1549.12,nm
Trace,B
Center Wavelength,1546.62,nm
Span Wavelength,5,nm
Start Wavelength,1544.12,nm
Stop Wavelength,1549.12,nm
Value In Air/Vacuum,Vacuum,
Optical Attenuater,Off,
Resolution,0.1,nm
Actual Resolution,0.096,nm
VBW,1000,Hz
Point Average,Off,
Sweep Average,1,
Smooth,Off,
Sampling Points,2001,pt
Trace Type,Write,
Trace Storage Mode,Off,
Trace Calculate Trace 1,-,
Trace Calculate Trace 2,-,
Dynamic Range,Normal,
Ext-Trigger,Off,
Interval Time,Off,
MM Mode,Off,
Start,1544.12,nm
Stop,1549.12,nm
Trace,C
Center Wavelength,1537.97,nm
Span Wavelength,2,nm
Start Wavelength,1536.97,nm
Stop Wavelength,1538.97,nm
Value In Air/Vacuum,Air,
Optical Attenuater,Off,
Resolution,0.03,nm
Actual Resolution,0.031,nm
VBW,1000,Hz
Point Average,Off,
Sweep Average,1,
Smooth,Off,
Sampling Points,501,pt
Trace Type,Fix,
Trace Storage Mode,Off,
Trace Calculate Trace 1,-,
Trace Calculate Trace 2,-,
Dynamic Range,Normal,
Ext-Trigger,Off,
Interval Time,Off,
MM Mode,Off,

Wavelength(A),Level(A),Wavelength(B),Level(B)
1544.120000,4.8970E-005,1544.120000,4.8970E-005
1544.122500,4.9120E-005,1544.122500,4.9120E-005
1544.125000,4.9260E-005,1544.125000,4.9260E-005
1544.127500,4.9610E-005,1544.127500,4.9610E-005
1544.130000,4.9750E-005,1544.130000,4.9750E-005
1544.132500,4.9880E-005,1544.132500,4.9880E-005
1544.135000,5.0010E-005,1544.135000,5.0010E-005
1544.137500,5.0080E-005,1544.137500,5.0080E-005
1544.140000,5.0220E-005,1544.140000,5.0220E-005
1544.142500,5.0350E-005,1544.142500,5.0350E-005
1544.145000,5.0380E-005,1544.145000,5.0380E-005
1544.147500,5.0310E-005,1544.147500,5.0310E-005
1544.150000,5.0320E-005,1544.150000,5.0320E-005
1544.152500,5.0300E-005,1544.152500,5.0300E-005
1544.155000,5.0270E-005,1544.155000,5.0270E-005
1544.157500,5.0200E-005,1544.157500,5.0200E-005
1544.160000,5.0150E-005,1544.160000,5.0150E-005
1544.162500,4.9950E-005,1544.162500,4.9950E-005
1544.165000,4.9840E-005,1544.165000,4.9840E-005
1544.167500,4.9670E-005,1544.167500,4.9670E-005
1544.170000,4.9480E-005,1544.170000,4.9480E-005
1544.172500,4.9260E-005,1544.172500,4.9260E-005
1544.175000,4.9050E-005,1544.175000,4.9050E-005
1544.177500,4.8720E-005,1544.177500,4.8720E-005
1544.180000,4.8360E-005,1544.180000,4.8360E-005
1544.182500,4.8510E-005,1544.182500,4.8510E-005
1544.185000,4.8080E-005,1544.185000,4.8080E-005
1544.187500,4.7670E-005,1544.187500,4.7670E-005
1544.190000,4.7230E-005,1544.190000,4.7230E-005
1544.192500,4.7030E-005,1544.192500,4.7030E-005
1544.195000,4.6780E-005,1544.195000,4.6780E-005
1544.197500,4.6380E-005,1544.197500,4.6380E-005
1544.200000,4.6120E-005,1544.200000,4.6120E-005
1544.202500,4.5780E-005,1544.202500,4.5780E-005
1544.205000,4.5250E-005,1544.205000,4.5250E-005
1544.207500,4.4740E-005,1544.207500,4.4740E-005
1544.210000,4.4330E-005,1544.210000,4.4330E-005
1544.212500,4.4350E-005,1544.212500,4.4350E-005
1544.215000,4.3860E-005,1544.215000,4.3860E-005
1544.217500,4.3360E-005,1544.217500,4.3360E-005
1544.220000,4.2700E-005,1544.220000,4.2700E-005
1544.222500,4.2820E-005,1544.222500,4.2820E-005
1544.225000,4.2350E-005,1544.225000,4.2350E-005
1544.227500,4.1860E-005,1544.227500,4.1860E-005
1544.230000,4.1270E-005,1544.230000,4.1270E-005
1544.232500,4.0890E-005,1544.232500,4.0890E-005
1544.235000,4.0390E-005,1544.235000,4.0390E-005
1544.237500,3.9980E-005,1544.237500,3.9980E-005
1544.240000,3.9560E-005,1544.240000,3.9560E-005
1544.242500,3.9180E-005,1544.242500,3.9180E-005
1544.245000,3.8560E-005,1544.245000,3.8560E-005
1544.247500,3.8090E-005,1544.247500,3.8090E-005
1544.250000,3.7670E-005,1544.250000,3.7670E-005
1544.252500,3.7270E-005,1544.252500,3.7270E-005
1544.255000,3.6790E-005,1544.255000,3.6790E-005
1544.257500,3.6850E-005,1544.257500,3.6850E-005
1544.260000,3.6440E-005,1544.260000,3.6440E-005
1544.262500,3.5910E-005,1544.262500,3.5910E-005
1544.265000,3.5550E-005,1544.265000,3.5550E-005
1544.267500,3.5220E-005,1544.267500,3.5220E-005
1544.270000,3.4970E-005,1544.270000,3.4970E-005
1544.272500,3.4680E-005,1544.272500,3.4680E-005
1544.275000,3.4390E-005,1544.275000,3.4390E-005
1544.277500,3.4060E-005,1544.277500,3.4060E-005
1544.280000,3.3650E-005,1544.280000,3.3650E-005
1544.282500,3.3390E-005,1544.282500,3.3390E-005
1544.285000,3.3090E-005,1544.285000,3.3090E-005
1544.287500,3.2860E-005,1544.287500,3.2860E-005
1544.290000,3.2480E-005,1544.290000,3.2480E-005
1544.292500,3.2500E-005,1544.292500,3.2500E-005
1544.295000,3.2220E-005,1544.295000,3.2220E-005
1544.297500,3.1900E-005,1544.297500,3.1900E-005
1544.300000,3.1590E-005,1544.300000,3.1590E-005
1544.302500,3.1570E-005,1544.302500,3.1570E-005
1544.305000,3.1380E-005,1544.305000,3.1380E-005
1544.307500,3.1190E-005,1544.307500,3.1190E-005
1544.310000,3.1120E-005,1544.310000,3.1120E-005
1544.312500,3.0990E-005,1544.312500,3.0990E-005
1544.315000,3.0980E-005,1544.315000,3.0980E-005
1544.317500,3.0910E-005,1544.317500,3.0910E-005
1544.320000,3.0840E-005,1544.320000,3.0840E-005
1544.322500,3.0720E-005,1544.322500,3.0720E-005
1544.325000,3.0720E-005,1544.325000,3.0720E-005
1544.327500,3.0660E-005,1544.327500,3.0660E-005
1544.330000,3.0770E-005,1544.330000,3.0770E-005
1544.332500,3.0750E-005,1544.332500,3.0750E-005
1544.335000,3.0910E-005,1544.335000,3.0910E-005
1544.337500,3.1040E-005,1544.337500,3.1040E-005
1544.340000,3.1200E-005,1544.340000,3.1200E-005
1544.342500,3.1160E-005,1544.342500,3.1160E-005
1544.345000,3.1310E-005,1544.345000,3.1310E-005
1544.347500,3.1470E-005,1544.347500,3.1470E-005
1544.350000,3.1680E-005,1544.350000,3.1680E-005
1544.352500,3.1850E-005,1544.352500,3.1850E-005
1544.355000,3.2090E-005,1544.355000,3.2090E-005
1544.357500,3.2260E-005,1544.357500,3.2260E-005
1544.360000,3.2480E-005,1544.360000,3.2480E-005
1544.362500,3.2710E-005,1544.362500,3.2710E-005
1544.365000,3.3010E-005,1544.365000,3.3010E-005
1544.367500,3.3250E-005,1544.367500,3.3250E-005
1544.370000,3.3640E-005,1544.370000,3.3640E-005
1544.372500,3.3610E-005,1544.372500,3.3610E-005
1544.375000,3.3950E-005,1544.375000,3.3950E-005
1544.377500,3.4380E-005,1544.377500,3.4380E-005
1544.380000,3.4690E-005,1544.380000,3.4690E-005
1544.382500,3.5050E-005,1544.382500,3.5050E-005
1544.385000,3.5490E-005,1544.385000,3.5490E-005
1544.387500,3.5870E-005,1544.387500,3.5870E-005
1544.390000,3.6230E-005,1544.390000,3.6230E-005
1544.392500,3.6550E-005,1544.392500,3.6550E-005
1544.395000,3.6920E-005,1544.395000,3.6920E-005
1544.397500,3.7290E-005,1544.397500,3.7290E-005
1544.400000,3.7840E-005,1544.400000,3.7840E-005
1544.402500,3.7760E-005,1544.402500,3.7760E-005
1544.405000,3.8100E-005,1544.405000,3.8100E-005
1544.407500,3.8680E-005,1544.407500,3.8680E-005
1544.410000,3.9210E-005,1544.410000,3.9210E-005
1544.412500,3.9750E-005,1544.412500,3.9750E-005
1544.415000,4.0260E-005,1544.415000,4.0260E-005
1544.417500,4.0210E-005,1544.417500,4.0210E-005
1544.420000,4.0580E-005,1544.420000,4.0580E-005
1544.422500,4.1090E-005,1544.422500,4.1090E-005
1544.425000,4.1520E-005,1544.425000,4.1520E-005
1544.427500,4.1960E-005,1544.427500,4.1960E-005
1544.430000,4.2480E-005,1544.430000,4.2480E-005
1544.432500,4.2800E-005,1544.432500,4.2800E-005
1544.435000,4.3160E-005,1544.435000,4.3160E-005
1544.437500,4.3460E-005,1544.437500,4.3460E-005
1544.440000,4.3900E-005,1544.440000,4.3900E-005
1544.442500,4.4230E-005,1544.442500,4.4230E-005
1544.445000,4.4710E-005,1544.445000,4.4710E-005
1544.447500,4.4550E-005,1544.447500,4.4550E-005
1544.450000,4.4920E-005,1544.450000,4.4920E-005
1544.452500,4.5420E-005,1544.452500,4.5420E-005
1544.455000,4.5810E-005,1544.455000,4.5810E-005
1544.457500,4.5980E-005,1544.457500,4.5980E-005
1544.460000,4.6460E-005,1544.460000,4.6460E-005
1544.462500,4.6750E-005,1544.462500,4.6750E-005
1544.465000,4.7060E-005,1544.465000,4.7060E-005
1544.467500,4.7340E-005,1544.467500,4.7340E-005
1544.470000,4.7660E-005,1544.470000,4.7660E-005
1544.472500,4.7990E-005,1544.472500,4.7990E-005
1544.475000,4.8340E-005,1544.475000,4.8340E-005
1544.477500,4.8380E-005,1544.477500,4.8380E-005
1544.480000,4.8690E-005,1544.480000,4.8690E-005
1544.482500,4.8950E-005,1544.482500,4.8950E-005
1544.485000,4.9110E-005,1544.485000,4.9110E-005
1544.487500,4.9180E-005,1544.487500,4.9180E-005
1544.490000,4.9340E-005,1544.490000,4.9340E-005
1544.492500,4.9440E-005,1544.492500,4.9440E-005
1544.495000,4.9560E-005,1544.495000,4.9560E-005
1544.497500,4.9730E-005,1544.497500,4.9730E-005
1544.500000,4.9750E-005,1544.500000,4.9750E-005
1544.502500,4.9880E-005,1544.502500,4.9880E-005
1544.505000,4.9960E-005,1544.505000,4.9960E-005
1544.507500,5.0060E-005,1544.507500,5.0060E-005
1544.510000,5.0040E-005,1544.510000,5.0040E-005
1544.512500,4.9970E-005,1544.512500,4.9970E-005
1544.515000,4.9980E-005,1544.515000,4.9980E-005
1544.517500,4.9990E-005,1544.517500,4.9990E-005
1544.520000,4.9930E-005,1544.520000,4.9930E-005
1544.522500,4.9880E-005,1544.522500,4.9880E-005
1544.525000,4.9950E-005,1544.525000,4.9950E-005
1544.527500,4.9790E-005,1544.527500,4.9790E-005
1544.530000,4.9590E-005,1544.530000,4.9590E-005
1544.532500,4.9390E-005,1544.532500,4.9390E-005
1544.535000,4.9180E-005,1544.535000,4.9180E-005
1544.537500,4.8950E-005,1544.537500,4.8950E-005
1544.540000,4.8760E-005,1544.540000,4.8760E-005
1544.542500,4.8540E-005,1544.542500,4.8540E-005
1544.545000,4.8260E-005,1544.545000,4.8260E-005
1544.547500,4.7980E-005,1544.547500,4.7980E-005
1544.550000,4.7550E-005,1544.550000,4.7550E-005
1544.552500,4.7580E-005,1544.552500,4.7580E-005
1544.555000,4.7100E-005,1544.555000,4.7100E-005
1544.557500,4.6650E-005,1544.557500,4.6650E-005
1544.560000,4.6090E-005,1544.560000,4.6090E-005
1544.562500,4.6110E-005,1544.562500,4.6110E-005
1544.565000,4.5860E-005,1544.565000,4.5860E-005
1544.567500,4.5420E-005,1544.567500,4.5420E-005
1544.570000,4.4850E-005,1544.570000,4.4850E-005
1544.572500,4.4260E-005,1544.572500,4.4260E-005
1544.575000,4.3800E-005,1544.575000,4.3800E-005
1544.577500,4.3350E-005,1544.577500,4.3350E-005
1544.580000,4.2870E-005,1544.580000,4.2870E-005
1544.582500,4.2430E-005,1544.582500,4.2430E-005
1544.585000,4.1980E-005,1544.585000,4.1980E-005
1544.587500,4.2030E-005,1544.587500,4.2030E-005
1544.590000,4.1450E-005,1544.590000,4.1450E-005
1544.592500,4.0860E-005,1544.592500,4.0860E-005
1544.595000,4.0050E-005,1544.595000,4.0050E-005
1544.597500,4.0030E-005,1544.597500,4.0030E-005
1544.600000,3.9490E-005,1544.600000,3.9490E-005
1544.602500,3.8960E-005,1544.602500,3.8960E-005
1544.605000,3.8400E-005,1544.605000,3.8400E-005
1544.607500,3.7970E-005,1544.607500,3.7970E-005
1544.610000,3.7620E-005,1544.610000,3.7620E-005
1544.612500,3.7190E-005,1544.612500,3.7190E-005
1544.615000,3.6690E-005,1544.615000,3.6690E-005
1544.617500,3.6290E-005,1544.617500,3.6290E-005
1544.620000,3.5760E-005,1544.620000,3.5760E-005
1544.622500,3.5720E-005,1544.622500,3.5720E-005
1544.625000,3.5380E-005,1544.625000,3.5380E-005
1544.627500,3.4940E-005,1544.627500,3.4940E-005
1544.630000,3.4430E-005,1544.630000,3.4430E-005
1544.632500,3.4100E-005,1544.632500,3.4100E-005
1544.635000,3.3800E-005,1544.635000,3.3800E-005
1544.637500,3.3760E-005,1544.637500,3.3760E-005
1544.640000,3.3410E-005,1544.640000,3.3410E-005
1544.642500,3.3140E-005,1544.642500,3.3140E-005
1544.645000,3.2800E-005,1544.645000,3.2800E-005
1544.647500,3.2680E-005,1544.647500,3.2680E-005
1544.650000,3.2510E-005,1544.650000,3.2510E-005
1544.652500,3.2310E-005,1544.652500,3.2310E-005
1544.655000,3.2180E-005,1544.655000,3.2180E-005
1544.657500,3.2030E-005,1544.657500,3.2030E-005
1544.660000,3.1940E-005,1544.660000,3.1940E-005
1544.662500,3.1760E-005,1544.662500,3.1760E-005
1544.665000,3.1590E-005,1544.665000,3.1590E-005
1544.667500,3.1510E-005,1544.667500,3.1510E-005
1544.670000,3.1390E-005,1544.670000,3.1390E-005
1544.672500,3.1350E-005,1544.672500,3.1350E-005
1544.675000,3.1290E-005,1544.675000,3.1290E-005
1544.677500,3.1240E-005,1544.677500,3.1240E-005
1544.680000,3.1210E-005,1544.680000,3.1210E-005
1544.682500,3.1320E-005,1544.682500,3.1320E-005
1544.685000,3.1280E-005,1544.685000,3.1280E-005
1544.687500,3.1380E-005,1544.687500,3.1380E-005
1544.690000,3.1500E-005,1544.690000,3.1500E-005
1544.692500,3.1440E-005,1544.692500,3.1440E-005
1544.695000,3.1590E-005,1544.695000,3.1590E-005
1544.697500,3.1620E-005,1544.697500,3.1620E-005
1544.700000,3.1740E-005,1544.700000,3.1740E-005
1544.702500,3.1850E-005,1544.702500,3.1850E-005
1544.705000,3.2030E-005,1544.705000,3.2030E-005
1544.707500,3.2190E-005,1544.707500,3.2190E-005
1544.710000,3.2420E-005,1544.710000,3.2420E-005
1544.712500,3.2460E-005,1544.712500,3.2460E-005
1544.715000,3.2620E-005,1544.715000,3.2620E-005
1544.717500,3.2990E-005,1544.717500,3.2990E-005
1544.720000,3.3270E-005,1544.720000,3.3270E-005
1544.722500,3.3270E-005,1544.722500,3.3270E-005
1544.725000,3.3500E-005,1544.725000,3.3500E-005
1544.727500,3.3890E-005,1544.727500,3.3890E-005
1544.730000,3.4140E-005,1544.730000,3.4140E-005
1544.732500,3.4320E-005,1544.732500,3.4320E-005
1544.735000,3.4490E-005,1544.735000,3.4490E-005
1544.737500,3.4780E-005,1544.737500,3.4780E-005
1544.740000,3.5250E-005,1544.740000,3.5250E-005
1544.742500,3.5460E-005,1544.742500,3.5460E-005
1544.745000,3.5810E-005,1544.745000,3.5810E-005
1544.747500,3.6220E-005,1544.747500,3.6220E-005
1544.750000,3.6670E-005,1544.750000,3.6670E-005
1544.752500,3.6980E-005,1544.752500,3.6980E-005
1544.755000,3.7450E-005,1544.755000,3.7450E-005
1544.757500,3.7700E-005,1544.757500,3.7700E-005
1544.760000,3.8170E-005,1544.760000,3.8170E-005
1544.762500,3.8450E-005,1544.762500,3.8450E-005
1544.765000,3.8950E-005,1544.765000,3.8950E-005
1544.767500,3.9280E-005,1544.767500,3.9280E-005
1544.770000,3.9570E-005,1544.770000,3.9570E-005
1544.772500,3.9910E-005,1544.772500,3.9910E-005
1544.775000,4.0390E-005,1544.775000,4.0390E-005
1544.777500,4.0790E-005,1544.777500,4.0790E-005
1544.780000,4.1250E-005,1544.780000,4.1250E-005
1544.782500,4.1500E-005,1544.782500,4.1500E-005
1544.785000,4.1960E-005,1544.785000,4.1960E-005
1544.787500,4.2280E-005,1544.787500,4.2280E-005
1544.790000,4.2750E-005,1544.790000,4.2750E-005
1544.792500,4.3080E-005,1544.792500,4.3080E-005
1544.795000,4.3520E-005,1544.795000,4.3520E-005
1544.797500,4.3790E-005,1544.797500,4.3790E-005
1544.800000,4.4270E-005,1544.800000,4.4270E-005
1544.802500,4.4470E-005,1544.802500,4.4470E-005
1544.805000,4.4770E-005,1544.805000,4.4770E-005
1544.807500,4.5080E-005,1544.807500,4.5080E-005
1544.810000,4.5300E-005,1544.810000,4.5300E-005
1544.812500,4.5610E-005,1544.812500,4.5610E-005
1544.815000,4.5860E-005,1544.815000,4.5860E-005
1544.817500,4.6100E-005,1544.817500,4.6100E-005
1544.820000,4.6290E-005,1544.820000,4.6290E-005
1544.822500,4.6640E-005,1544.822500,4.6640E-005
1544.825000,4.6820E-005,1544.825000,4.6820E-005
1544.827500,4.6960E-005,1544.827500,4.6960E-005
1544.830000,4.7140E-005,1544.830000,4.7140E-005
1544.832500,4.7320E-005,1544.832500,4.7320E-005
1544.835000,4.7540E-005,1544.835000,4.7540E-005
1544.837500,4.7580E-005,1544.837500,4.7580E-005
1544.840000,4.7770E-005,1544.840000,4.7770E-005
1544.842500,4.8020E-005,1544.842500,4.8020E-005
1544.845000,4.8080E-005,1544.845000,4.8080E-005
1544.847500,4.7980E-005,1544.847500,4.7980E-005
1544.850000,4.8150E-005,1544.850000,4.8150E-005
1544.852500,4.8200E-005,1544.852500,4.8200E-005
1544.855000,4.8320E-005,1544.855000,4.8320E-005
1544.857500,4.8340E-005,1544.857500,4.8340E-005
1544.860000,4.8380E-005,1544.860000,4.8380E-005
1544.862500,4.8420E-005,1544.862500,4.8420E-005
1544.865000,4.8230E-005,1544.865000,4.8230E-005
1544.867500,4.8250E-005,1544.867500,4.8250E-005
1544.870000,4.8230E-005,1544.870000,4.8230E-005
1544.872500,4.8080E-005,1544.872500,4.8080E-005
1544.875000,4.8040E-005,1544.875000,4.8040E-005
1544.877500,4.8000E-005,1544.877500,4.8000E-005
1544.880000,4.7820E-005,1544.880000,4.7820E-005
1544.882500,4.7750E-005,1544.882500,4.7750E-005
1544.885000,4.7590E-005,1544.885000,4.7590E-005
1544.887500,4.7580E-005,1544.887500,4.7580E-005
1544.890000,4.7470E-005,1544.890000,4.7470E-005
1544.892500,4.7340E-005,1544.892500,4.7340E-005
1544.895000,4.7160E-005,1544.895000,4.7160E-005
1544.897500,4.6900E-005,1544.897500,4.6900E-005
1544.900000,4.6690E-005,1544.900000,4.6690E-005
1544.902500,4.6730E-005,1544.902500,4.6730E-005
1544.905000,4.6410E-005,1544.905000,4.6410E-005
1544.907500,4.6090E-005,1544.907500,4.6090E-005
1544.910000,4.5770E-005,1544.910000,4.5770E-005
1544.912500,4.5740E-005,1544.912500,4.5740E-005
1544.915000,4.5420E-005,1544.915000,4.5420E-005
1544.917500,4.5090E-005,1544.917500,4.5090E-005
1544.920000,4.4660E-005,1544.920000,4.4660E-005
1544.922500,4.4360E-005,1544.922500,4.4360E-005
1544.925000,4.4050E-005,1544.925000,4.4050E-005
1544.927500,4.3850E-005,1544.927500,4.3850E-005
1544.930000,4.3450E-005,1544.930000,4.3450E-005
1544.932500,4.3110E-005,1544.932500,4.3110E-005
1544.935000,4.2570E-005,1544.935000,4.2570E-005
1544.937500,4.2150E-005,1544.937500,4.2150E-005
1544.940000,4.1740E-005,1544.940000,4.1740E-005
1544.942500,4.1240E-005,1544.942500,4.1240E-005
1544.945000,4.0780E-005,1544.945000,4.0780E-005
1544.947500,4.0820E-005,1544.947500,4.0820E-005
1544.950000,4.0310E-005,1544.950000,4.0310E-005
1544.952500,3.9750E-005,1544.952500,3.9750E-005
1544.955000,3.9140E-005,1544.955000,3.9140E-005
1544.957500,3.8820E-005,1544.957500,3.8820E-005
1544.960000,3.8540E-005,1544.960000,3.8540E-005
1544.962500,3.8240E-005,1544.962500,3.8240E-005
1544.965000,3.7690E-005,1544.965000,3.7690E-005
1544.967500,3.7310E-005,1544.967500,3.7310E-005
1544.970000,3.6730E-005,1544.970000,3.6730E-005
1544.972500,3.6200E-005,1544.972500,3.6200E-005
1544.975000,3.5640E-005,1544.975000,3.5640E-005
1544.977500,3.5530E-005,1544.977500,3.5530E-005
1544.980000,3.4930E-005,1544.980000,3.4930E-005
1544.982500,3.4400E-005,1544.982500,3.4400E-005
1544.985000,3.3850E-005,1544.985000,3.3850E-005
1544.987500,3.3460E-005,1544.987500,3.3460E-005
1544.990000,3.3120E-005,1544.990000,3.3120E-005
1544.992500,3.2800E-005,1544.992500,3.2800E-005
1544.995000,3.2470E-005,1544.995000,3.2470E-005
1544.997500,3.2250E-005,1544.997500,3.2250E-005
1545.000000,3.1840E-005,1545.000000,3.1840E-005
1545.002500,3.1560E-005,1545.002500,3.1560E-005
1545.005000,3.1240E-005,1545.005000,3.1240E-005
1545.007500,3.0980E-005,1545.007500,3.0980E-005
1545.010000,3.0700E-005,1545.010000,3.0700E-005
1545.012500,3.0510E-005,1545.012500,3.0510E-005
1545.015000,3.0330E-005,1545.015000,3.0330E-005
1545.017500,3.0070E-005,1545.017500,3.0070E-005
1545.020000,2.9970E-005,1545.020000,2.9970E-005
1545.022500,2.9930E-005,1545.022500,2.9930E-005
1545.025000,2.9820E-005,1545.025000,2.9820E-005
1545.027500,2.9670E-005,1545.027500,2.9670E-005
1545.030000,2.9790E-005,1545.030000,2.9790E-005
1545.032500,2.9720E-005,1545.032500,2.9720E-005
1545.035000,2.9750E-005,1545.035000,2.9750E-005
1545.037500,2.9690E-005,1545.037500,2.9690E-005
1545.040000,2.9690E-005,1545.040000,2.9690E-005
1545.042500,2.9780E-005,1545.042500,2.9780E-005
1545.045000,2.9860E-005,1545.045000,2.9860E-005
1545.047500,3.0000E-005,1545.047500,3.0000E-005
1545.050000,2.9970E-005,1545.050000,2.9970E-005
1545.052500,3.0130E-005,1545.052500,3.0130E-005
1545.055000,3.0230E-005,1545.055000,3.0230E-005
1545.057500,3.0460E-005,1545.057500,3.0460E-005
1545.060000,3.0740E-005,1545.060000,3.0740E-005
1545.062500,3.0910E-005,1545.062500,3.0910E-005
1545.065000,3.1210E-005,1545.065000,3.1210E-005
1545.067500,3.1380E-005,1545.067500,3.1380E-005
1545.070000,3.1630E-005,1545.070000,3.1630E-005
1545.072500,3.1920E-005,1545.072500,3.1920E-005
1545.075000,3.2240E-005,1545.075000,3.2240E-005
1545.077500,3.2410E-005,1545.077500,3.2410E-005
1545.080000,3.2670E-005,1545.080000,3.2670E-005
1545.082500,3.3060E-005,1545.082500,3.3060E-005
1545.085000,3.3340E-005,1545.085000,3.3340E-005
1545.087500,3.3640E-005,1545.087500,3.3640E-005
1545.090000,3.4070E-005,1545.090000,3.4070E-005
1545.092500,3.4430E-005,1545.092500,3.4430E-005
1545.095000,3.4780E-005,1545.095000,3.4780E-005
1545.097500,3.5230E-005,1545.097500,3.5230E-005
1545.100000,3.5640E-005,1545.100000,3.5640E-005
1545.102500,3.5850E-005,1545.102500,3.5850E-005
1545.105000,3.6170E-005,1545.105000,3.6170E-005
1545.107500,3.6500E-005,1545.107500,3.6500E-005
1545.110000,3.6880E-005,1545.110000,3.6880E-005
1545.112500,3.7250E-005,1545.112500,3.7250E-005
1545.115000,3.7640E-005,1545.115000,3.7640E-005
1545.117500,3.8100E-005,1545.117500,3.8100E-005
1545.120000,3.8410E-005,1545.120000,3.8410E-005
1545.122500,3.8720E-005,1545.122500,3.8720E-005
1545.125000,3.9160E-005,1545.125000,3.9160E-005
1545.127500,3.9590E-005,1545.127500,3.9590E-005
1545.130000,4.0040E-005,1545.130000,4.0040E-005
1545.132500,4.0420E-005,1545.132500,4.0420E-005
1545.135000,4.0780E-005,1545.135000,4.0780E-005
1545.137500,4.1180E-005,1545.137500,4.1180E-005
1545.140000,4.1620E-005,1545.140000,4.1620E-005
1545.142500,4.1950E-005,1545.142500,4.1950E-005
1545.145000,4.2430E-005,1545.145000,4.2430E-005
1545.147500,4.2500E-005,1545.147500,4.2500E-005
1545.150000,4.2830E-005,1545.150000,4.2830E-005
1545.152500,4.3340E-005,1545.152500,4.3340E-005
1545.155000,4.3720E-005,1545.155000,4.3720E-005
1545.157500,4.4200E-005,1545.157500,4.4200E-005
1545.160000,4.4520E-005,1545.160000,4.4520E-005
1545.162500,4.4870E-005,1545.162500,4.4870E-005
1545.165000,4.5110E-005,1545.165000,4.5110E-005
1545.167500,4.5460E-005,1545.167500,4.5460E-005
1545.170000,4.5810E-005,1545.170000,4.5810E-005
1545.172500,4.6170E-005,1545.172500,4.6170E-005
1545.175000,4.6490E-005,1545.175000,4.6490E-005
1545.177500,4.6860E-005,1545.177500,4.6860E-005
1545.180000,4.7110E-005,1545.180000,4.7110E-005
1545.182500,4.7060E-005,1545.182500,4.7060E-005
1545.185000,4.7300E-005,1545.185000,4.7300E-005
1545.187500,4.7600E-005,1545.187500,4.7600E-005
1545.190000,4.7790E-005,1545.190000,4.7790E-005
1545.192500,4.7940E-005,1545.192500,4.7940E-005
1545.195000,4.8110E-005,1545.195000,4.8110E-005
1545.197500,4.8140E-005,1545.197500,4.8140E-005
1545.200000,4.8270E-005,1545.200000,4.8270E-005
1545.202500,4.8350E-005,1545.202500,4.8350E-005
1545.205000,4.8500E-005,1545.205000,4.8500E-005
1545.207500,4.8470E-005,1545.207500,4.8470E-005
1545.210000,4.8480E-005,1545.210000,4.8480E-005
1545.212500,4.8480E-005,1545.212500,4.8480E-005
1545.215000,4.8450E-005,1545.215000,4.8450E-005
1545.217500,4.8340E-005,1545.217500,4.8340E-005
1545.220000,4.8300E-005,1545.220000,4.8300E-005
1545.222500,4.8150E-005,1545.222500,4.8150E-005
1545.225000,4.8070E-005,1545.225000,4.8070E-005
1545.227500,4.8150E-005,1545.227500,4.8150E-005
1545.230000,4.8020E-005,1545.230000,4.8020E-005
1545.232500,4.7820E-005,1545.232500,4.7820E-005
1545.235000,4.7580E-005,1545.235000,4.7580E-005
1545.237500,4.7440E-005,1545.237500,4.7440E-005
1545.240000,4.7160E-005,1545.240000,4.7160E-005
1545.242500,4.6920E-005,1545.242500,4.6920E-005
1545.245000,4.6710E-005,1545.245000,4.6710E-005
1545.247500,4.6370E-005,1545.247500,4.6370E-005
1545.250000,4.6080E-005,1545.250000,4.6080E-005
1545.252500,4.6000E-005,1545.252500,4.6000E-005
1545.255000,4.5620E-005,1545.255000,4.5620E-005
1545.257500,4.5350E-005,1545.257500,4.5350E-005
1545.260000,4.4890E-005,1545.260000,4.4890E-005
1545.262500,4.4730E-005,1545.262500,4.4730E-005
1545.265000,4.4450E-005,1545.265000,4.4450E-005
1545.267500,4.4240E-005,1545.267500,4.4240E-005
1545.270000,4.3920E-005,1545.270000,4.3920E-005
1545.272500,4.3550E-005,1545.272500,4.3550E-005
1545.275000,4.3220E-005,1545.275000,4.3220E-005
1545.277500,4.2900E-005,1545.277500,4.2900E-005
1545.280000,4.2590E-005,1545.280000,4.2590E-005
1545.282500,4.2270E-005,1545.282500,4.2270E-005
1545.285000,4.1820E-005,1545.285000,4.1820E-005
1545.287500,4.1500E-005,1545.287500,4.1500E-005
1545.290000,4.1000E-005,1545.290000,4.1000E-005
1545.292500,4.1090E-005,1545.292500,4.1090E-005
1545.295000,4.0760E-005,1545.295000,4.0760E-005
1545.297500,4.0290E-005,1545.297500,4.0290E-005
1545.300000,3.9740E-005,1545.300000,3.9740E-005
1545.302500,3.9460E-005,1545.302500,3.9460E-005
1545.305000,3.9080E-005,1545.305000,3.9080E-005
1545.307500,3.8780E-005,1545.307500,3.8780E-005
1545.310000,3.8520E-005,1545.310000,3.8520E-005
1545.312500,3.8120E-005,1545.312500,3.8120E-005
1545.315000,3.7760E-005,1545.315000,3.7760E-005
1545.317500,3.7460E-005,1545.317500,3.7460E-005
1545.320000,3.7020E-005,1545.320000,3.7020E-005
1545.322500,3.6610E-005,1545.322500,3.6610E-005
1545.325000,3.6270E-005,1545.325000,3.6270E-005
1545.327500,3.6230E-005,1545.327500,3.6230E-005
1545.330000,3.5830E-005,1545.330000,3.5830E-005
1545.332500,3.5380E-005,1545.332500,3.5380E-005
1545.335000,3.4930E-005,1545.335000,3.4930E-005
1545.337500,3.4930E-005,1545.337500,3.4930E-005
1545.340000,3.4440E-005,1545.340000,3.4440E-005
1545.342500,3.4110E-005,1545.342500,3.4110E-005
1545.345000,3.3700E-005,1545.345000,3.3700E-005
1545.347500,3.3310E-005,1545.347500,3.3310E-005
1545.350000,3.2870E-005,1545.350000,3.2870E-005
1545.352500,3.2690E-005,1545.352500,3.2690E-005
1545.355000,3.2180E-005,1545.355000,3.2180E-005
1545.357500,3.2060E-005,1545.357500,3.2060E-005
1545.360000,3.1720E-005,1545.360000,3.1720E-005
1545.362500,3.1450E-005,1545.362500,3.1450E-005
1545.365000,3.1100E-005,1545.365000,3.1100E-005
1545.367500,3.1020E-005,1545.367500,3.1020E-005
1545.370000,3.0830E-005,1545.370000,3.0830E-005
1545.372500,3.0570E-005,1545.372500,3.0570E-005
1545.375000,3.0240E-005,1545.375000,3.0240E-005
1545.377500,3.0100E-005,1545.377500,3.0100E-005
1545.380000,2.9810E-005,1545.380000,2.9810E-005
1545.382500,2.9760E-005,1545.382500,2.9760E-005
1545.385000,2.9510E-005,1545.385000,2.9510E-005
1545.387500,2.9420E-005,1545.387500,2.9420E-005
1545.390000,2.9330E-005,1545.390000,2.9330E-005
1545.392500,2.9220E-005,1545.392500,2.9220E-005
1545.395000,2.9140E-005,1545.395000,2.9140E-005
1545.397500,2.9210E-005,1545.397500,2.9210E-005
1545.400000,2.9280E-005,1545.400000,2.9280E-005
1545.402500,2.9220E-005,1545.402500,2.9220E-005
1545.405000,2.9260E-005,1545.405000,2.9260E-005
1545.407500,2.9400E-005,1545.407500,2.9400E-005
1545.410000,2.9400E-005,1545.410000,2.9400E-005
1545.412500,2.9540E-005,1545.412500,2.9540E-005
1545.415000,2.9780E-005,1545.415000,2.9780E-005
1545.417500,2.9780E-005,1545.417500,2.9780E-005
1545.420000,3.0120E-005,1545.420000,3.0120E-005
1545.422500,3.0200E-005,1545.422500,3.0200E-005
1545.425000,3.0440E-005,1545.425000,3.0440E-005
1545.427500,3.0840E-005,1545.427500,3.0840E-005
1545.430000,3.1230E-005,1545.430000,3.1230E-005
1545.432500,3.1470E-005,1545.432500,3.1470E-005
1545.435000,3.1890E-005,1545.435000,3.1890E-005
1545.437500,3.1860E-005,1545.437500,3.1860E-005
1545.440000,3.2270E-005,1545.440000,3.2270E-005
1545.442500,3.2780E-005,1545.442500,3.2780E-005
1545.445000,3.3330E-005,1545.445000,3.3330E-005
1545.447500,3.3330E-005,1545.447500,3.3330E-005
1545.450000,3.3740E-005,1545.450000,3.3740E-005
1545.452500,3.4210E-005,1545.452500,3.4210E-005
1545.455000,3.4840E-005,1545.455000,3.4840E-005
1545.457500,3.5210E-005,1545.457500,3.5210E-005
1545.460000,3.5640E-005,1545.460000,3.5640E-005
1545.462500,3.5980E-005,1545.462500,3.5980E-005
1545.465000,3.6350E-005,1545.465000,3.6350E-005
1545.467500,3.6810E-005,1545.467500,3.6810E-005
1545.470000,3.7450E-005,1545.470000,3.7450E-005
1545.472500,3.7890E-005,1545.472500,3.7890E-005
1545.475000,3.8450E-005,1545.475000,3.8450E-005
1545.477500,3.8330E-005,1545.477500,3.8330E-005
1545.480000,3.8890E-005,1545.480000,3.8890E-005
1545.482500,3.9530E-005,1545.482500,3.9530E-005
1545.485000,4.0010E-005,1545.485000,4.0010E-005
1545.487500,4.0390E-005,1545.487500,4.0390E-005
1545.490000,4.0860E-005,1545.490000,4.0860E-005
1545.492500,4.1100E-005,1545.492500,4.1100E-005
1545.495000,4.1460E-005,1545.495000,4.1460E-005
1545.497500,4.1850E-005,1545.497500,4.1850E-005
1545.500000,4.2290E-005,1545.500000,4.2290E-005
1545.502500,4.2630E-005,1545.502500,4.2630E-005
1545.505000,4.3110E-005,1545.505000,4.3110E-005
1545.507500,4.3560E-005,1545.507500,4.3560E-005
1545.510000,4.3920E-005,1545.510000,4.3920E-005
1545.512500,4.4320E-005,1545.512500,4.4320E-005
1545.515000,4.4790E-005,1545.515000,4.4790E-005
1545.517500,4.4780E-005,1545.517500,4.4780E-005
1545.520000,4.5020E-005,1545.520000,4.5020E-005
1545.522500,4.5550E-005,1545.522500,4.5550E-005
1545.525000,4.6080E-005,1545.525000,4.6080E-005
1545.527500,4.6050E-005,1545.527500,4.6050E-005
1545.530000,4.6320E-005,1545.530000,4.6320E-005
1545.532500,4.6650E-005,1545.532500,4.6650E-005
1545.535000,4.7050E-005,1545.535000,4.7050E-005
1545.537500,4.7180E-005,1545.537500,4.7180E-005
1545.540000,4.7550E-005,1545.540000,4.7550E-005
1545.542500,4.7770E-005,1545.542500,4.7770E-005
1545.545000,4.8050E-005,1545.545000,4.8050E-005
1545.547500,4.8020E-005,1545.547500,4.8020E-005
1545.550000,4.8300E-005,1545.550000,4.8300E-005
1545.552500,4.8470E-005,1545.552500,4.8470E-005
1545.555000,4.8660E-005,1545.555000,4.8660E-005
1545.557500,4.8720E-005,1545.557500,4.8720E-005
1545.560000,4.8880E-005,1545.560000,4.8880E-005
1545.562500,4.9000E-005,1545.562500,4.9000E-005
1545.565000,4.8950E-005,1545.565000,4.8950E-005
1545.567500,4.8970E-005,1545.567500,4.8970E-005
1545.570000,4.9090E-005,1545.570000,4.9090E-005
1545.572500,4.9070E-005,1545.572500,4.9070E-005
1545.575000,4.8980E-005,1545.575000,4.8980E-005
1545.577500,4.9000E-005,1545.577500,4.9000E-005
1545.580000,4.9020E-005,1545.580000,4.9020E-005
1545.582500,4.8870E-005,1545.582500,4.8870E-005
1545.585000,4.8830E-005,1545.585000,4.8830E-005
1545.587500,4.8620E-005,1545.587500,4.8620E-005
1545.590000,4.8400E-005,1545.590000,4.8400E-005
1545.592500,4.8290E-005,1545.592500,4.8290E-005
1545.595000,4.8150E-005,1545.595000,4.8150E-005
1545.597500,4.7810E-005,1545.597500,4.7810E-005
1545.600000,4.7540E-005,1545.600000,4.7540E-005
1545.602500,4.7400E-005,1545.602500,4.7400E-005
1545.605000,4.7050E-005,1545.605000,4.7050E-005
1545.607500,4.6730E-005,1545.607500,4.6730E-005
1545.610000,4.6240E-005,1545.610000,4.6240E-005
1545.612500,4.6240E-005,1545.612500,4.6240E-005
1545.615000,4.5870E-005,1545.615000,4.5870E-005
1545.617500,4.5350E-005,1545.617500,4.5350E-005
1545.620000,4.4880E-005,1545.620000,4.4880E-005
1545.622500,4.4550E-005,1545.622500,4.4550E-005
1545.625000,4.4140E-005,1545.625000,4.4140E-005
1545.627500,4.3890E-005,1545.627500,4.3890E-005
1545.630000,4.3270E-005,1545.630000,4.3270E-005
1545.632500,4.2840E-005,1545.632500,4.2840E-005
1545.635000,4.2400E-005,1545.635000,4.2400E-005
1545.637500,4.1910E-005,1545.637500,4.1910E-005
1545.640000,4.1510E-005,1545.640000,4.1510E-005
1545.642500,4.1090E-005,1545.642500,4.1090E-005
1545.645000,4.0650E-005,1545.645000,4.0650E-005
1545.647500,4.0230E-005,1545.647500,4.0230E-005
1545.650000,3.9600E-005,1545.650000,3.9600E-005
1545.652500,3.9130E-005,1545.652500,3.9130E-005
1545.655000,3.8850E-005,1545.655000,3.8850E-005
1545.657500,3.8800E-005,1545.657500,3.8800E-005
1545.660000,3.8300E-005,1545.660000,3.8300E-005
1545.662500,3.7730E-005,1545.662500,3.7730E-005
1545.665000,3.7220E-005,1545.665000,3.7220E-005
1545.667500,3.6830E-005,1545.667500,3.6830E-005
1545.670000,3.6510E-005,1545.670000,3.6510E-005
1545.672500,3.6260E-005,1545.672500,3.6260E-005
1545.675000,3.5690E-005,1545.675000,3.5690E-005
1545.677500,3.5350E-005,1545.677500,3.5350E-005
1545.680000,3.4990E-005,1545.680000,3.4990E-005
1545.682500,3.4650E-005,1545.682500,3.4650E-005
1545.685000,3.4360E-005,1545.685000,3.4360E-005
1545.687500,3.3960E-005,1545.687500,3.3960E-005
1545.690000,3.3570E-005,1545.690000,3.3570E-005
1545.692500,3.3270E-005,1545.692500,3.3270E-005
1545.695000,3.3120E-005,1545.695000,3.3120E-005
1545.697500,3.2990E-005,1545.697500,3.2990E-005
1545.700000,3.2710E-005,1545.700000,3.2710E-005
1545.702500,3.2480E-005,1545.702500,3.2480E-005
1545.705000,3.2100E-005,1545.705000,3.2100E-005
1545.707500,3.1850E-005,1545.707500,3.1850E-005
1545.710000,3.1620E-005,1545.710000,3.1620E-005
1545.712500,3.1420E-005,1545.712500,3.1420E-005
1545.715000,3.1290E-005,1545.715000,3.1290E-005
1545.717500,3.1060E-005,1545.717500,3.1060E-005
1545.720000,3.0800E-005,1545.720000,3.0800E-005
1545.722500,3.0670E-005,1545.722500,3.0670E-005
1545.725000,3.0330E-005,1545.725000,3.0330E-005
1545.727500,3.0330E-005,1545.727500,3.0330E-005
1545.730000,3.0130E-005,1545.730000,3.0130E-005
1545.732500,2.9960E-005,1545.732500,2.9960E-005
1545.735000,2.9780E-005,1545.735000,2.9780E-005
1545.737500,2.9780E-005,1545.737500,2.9780E-005
1545.740000,2.9650E-005,1545.740000,2.9650E-005
1545.742500,2.9560E-005,1545.742500,2.9560E-005
1545.745000,2.9510E-005,1545.745000,2.9510E-005
1545.747500,2.9490E-005,1545.747500,2.9490E-005
1545.750000,2.9440E-005,1545.750000,2.9440E-005
1545.752500,2.9400E-005,1545.752500,2.9400E-005
1545.755000,2.9440E-005,1545.755000,2.9440E-005
1545.757500,2.9350E-005,1545.757500,2.9350E-005
1545.760000,2.9390E-005,1545.760000,2.9390E-005
1545.762500,2.9530E-005,1545.762500,2.9530E-005
1545.765000,2.9480E-005,1545.765000,2.9480E-005
1545.767500,2.9540E-005,1545.767500,2.9540E-005
1545.770000,2.9650E-005,1545.770000,2.9650E-005
1545.772500,2.9690E-005,1545.772500,2.9690E-005
1545.775000,2.9970E-005,1545.775000,2.9970E-005
1545.777500,3.0090E-005,1545.777500,3.0090E-005
1545.780000,3.0270E-005,1545.780000,3.0270E-005
1545.782500,3.0340E-005,1545.782500,3.0340E-005
1545.785000,3.0530E-005,1545.785000,3.0530E-005
1545.787500,3.0750E-005,1545.787500,3.0750E-005
1545.790000,3.1050E-005,1545.790000,3.1050E-005
1545.792500,3.1240E-005,1545.792500,3.1240E-005
1545.795000,3.1510E-005,1545.795000,3.1510E-005
1545.797500,3.1720E-005,1545.797500,3.1720E-005
1545.800000,3.1990E-005,1545.800000,3.1990E-005
1545.802500,3.2400E-005,1545.802500,3.2400E-005
1545.805000,3.2620E-005,1545.805000,3.2620E-005
1545.807500,3.3070E-005,1545.807500,3.3070E-005
1545.810000,3.3410E-005,1545.810000,3.3410E-005
1545.812500,3.3410E-005,1545.812500,3.3410E-005
1545.815000,3.3910E-005,1545.815000,3.3910E-005
1545.817500,3.4330E-005,1545.817500,3.4330E-005
1545.820000,3.4920E-005,1545.820000,3.4920E-005
1545.822500,3.5300E-005,1545.822500,3.5300E-005
1545.825000,3.5640E-005,1545.825000,3.5640E-005
1545.827500,3.5960E-005,1545.827500,3.5960E-005
1545.830000,3.6580E-005,1545.830000,3.6580E-005
1545.832500,3.6950E-005,1545.832500,3.6950E-005
1545.835000,3.7490E-005,1545.835000,3.7490E-005
1545.837500,3.7850E-005,1545.837500,3.7850E-005
1545.840000,3.8340E-005,1545.840000,3.8340E-005
1545.842500,3.8740E-005,1545.842500,3.8740E-005
1545.845000,3.9320E-005,1545.845000,3.9320E-005
1545.847500,3.9280E-005,1545.847500,3.9280E-005
1545.850000,3.9740E-005,1545.850000,3.9740E-005
1545.852500,4.0260E-005,1545.852500,4.0260E-005
1545.855000,4.0760E-005,1545.855000,4.0760E-005
1545.857500,4.1070E-005,1545.857500,4.1070E-005
1545.860000,4.1570E-005,1545.860000,4.1570E-005
1545.862500,4.1880E-005,1545.862500,4.1880E-005
1545.865000,4.2260E-005,1545.865000,4.2260E-005
1545.867500,4.2540E-005,1545.867500,4.2540E-005
1545.870000,4.2900E-005,1545.870000,4.2900E-005
1545.872500,4.3240E-005,1545.872500,4.3240E-005
1545.875000,4.3820E-005,1545.875000,4.3820E-005
1545.877500,4.3790E-005,1545.877500,4.3790E-005
1545.880000,4.4160E-005,1545.880000,4.4160E-005
1545.882500,4.4570E-005,1545.882500,4.4570E-005
1545.885000,4.4910E-005,1545.885000,4.4910E-005
1545.887500,4.5140E-005,1545.887500,4.5140E-005
1545.890000,4.5340E-005,1545.890000,4.5340E-005
1545.892500,4.5610E-005,1545.892500,4.5610E-005
1545.895000,4.5880E-005,1545.895000,4.5880E-005
1545.897500,4.6080E-005,1545.897500,4.6080E-005
1545.900000,4.6240E-005,1545.900000,4.6240E-005
1545.902500,4.6430E-005,1545.902500,4.6430E-005
1545.905000,4.6650E-005,1545.905000,4.6650E-005
1545.907500,4.6820E-005,1545.907500,4.6820E-005
1545.910000,4.6920E-005,1545.910000,4.6920E-005
1545.912500,4.7040E-005,1545.912500,4.7040E-005
1545.915000,4.7120E-005,1545.915000,4.7120E-005
1545.917500,4.7210E-005,1545.917500,4.7210E-005
1545.920000,4.7290E-005,1545.920000,4.7290E-005
1545.922500,4.7400E-005,1545.922500,4.7400E-005
1545.925000,4.7430E-005,1545.925000,4.7430E-005
1545.927500,4.7450E-005,1545.927500,4.7450E-005
1545.930000,4.7440E-005,1545.930000,4.7440E-005
1545.932500,4.7460E-005,1545.932500,4.7460E-005
1545.935000,4.7390E-005,1545.935000,4.7390E-005
1545.937500,4.7230E-005,1545.937500,4.7230E-005
1545.940000,4.7250E-005,1545.940000,4.7250E-005
1545.942500,4.7190E-005,1545.942500,4.7190E-005
1545.945000,4.7040E-005,1545.945000,4.7040E-005
1545.947500,4.6850E-005,1545.947500,4.6850E-005
1545.950000,4.6720E-005,1545.950000,4.6720E-005
1545.952500,4.6790E-005,1545.952500,4.6790E-005
1545.955000,4.6570E-005,1545.955000,4.6570E-005
1545.957500,4.6320E-005,1545.957500,4.6320E-005
1545.960000,4.6040E-005,1545.960000,4.6040E-005
1545.962500,4.5940E-005,1545.962500,4.5940E-005
1545.965000,4.5630E-005,1545.965000,4.5630E-005
1545.967500,4.5300E-005,1545.967500,4.5300E-005
1545.970000,4.4950E-005,1545.970000,4.4950E-005
1545.972500,4.4640E-005,1545.972500,4.4640E-005
1545.975000,4.4340E-005,1545.975000,4.4340E-005
1545.977500,4.4060E-005,1545.977500,4.4060E-005
1545.980000,4.3730E-005,1545.980000,4.3730E-005
1545.982500,4.3340E-005,1545.982500,4.3340E-005
1545.985000,4.2860E-005,1545.985000,4.2860E-005
1545.987500,4.2370E-005,1545.987500,4.2370E-005
1545.990000,4.2050E-005,1545.990000,4.2050E-005
1545.992500,4.1570E-005,1545.992500,4.1570E-005
1545.995000,4.1090E-005,1545.995000,4.1090E-005
1545.997500,4.1120E-005,1545.997500,4.1120E-005
1546.000000,4.0530E-005,1546.000000,4.0530E-005
1546.002500,3.9830E-005,1546.002500,3.9830E-005
1546.005000,3.9290E-005,1546.005000,3.9290E-005
1546.007500,3.9060E-005,1546.007500,3.9060E-005
1546.010000,3.8610E-005,1546.010000,3.8610E-005
1546.012500,3.8240E-005,1546.012500,3.8240E-005
1546.015000,3.7800E-005,1546.015000,3.7800E-005
1546.017500,3.7430E-005,1546.017500,3.7430E-005
1546.020000,3.6900E-005,1546.020000,3.6900E-005
1546.022500,3.6390E-005,1546.022500,3.6390E-005
1546.025000,3.5890E-005,1546.025000,3.5890E-005
1546.027500,3.5470E-005,1546.027500,3.5470E-005
1546.030000,3.4900E-005,1546.030000,3.4900E-005
1546.032500,3.4570E-005,1546.032500,3.4570E-005
1546.035000,3.4070E-005,1546.035000,3.4070E-005
1546.037500,3.3710E-005,1546.037500,3.3710E-005
1546.040000,3.3230E-005,1546.040000,3.3230E-005
1546.042500,3.2880E-005,1546.042500,3.2880E-005
1546.045000,3.2400E-005,1546.045000,3.2400E-005
1546.047500,3.2460E-005,1546.047500,3.2460E-005
1546.050000,3.2120E-005,1546.050000,3.2120E-005
1546.052500,3.1810E-005,1546.052500,3.1810E-005
1546.055000,3.1350E-005,1546.055000,3.1350E-005
1546.057500,3.1040E-005,1546.057500,3.1040E-005
1546.060000,3.0770E-005,1546.060000,3.0770E-005
1546.062500,3.0670E-005,1546.062500,3.0670E-005
1546.065000,3.0310E-005,1546.065000,3.0310E-005
1546.067500,3.0130E-005,1546.067500,3.0130E-005
1546.070000,2.9860E-005,1546.070000,2.9860E-005
1546.072500,2.9610E-005,1546.072500,2.9610E-005
1546.075000,2.9440E-005,1546.075000,2.9440E-005
1546.077500,2.9270E-005,1546.077500,2.9270E-005
1546.080000,2.9150E-005,1546.080000,2.9150E-005
1546.082500,2.9060E-005,1546.082500,2.9060E-005
1546.085000,2.8900E-005,1546.085000,2.8900E-005
1546.087500,2.8910E-005,1546.087500,2.8910E-005
1546.090000,2.8780E-005,1546.090000,2.8780E-005
1546.092500,2.8840E-005,1546.092500,2.8840E-005
1546.095000,2.8780E-005,1546.095000,2.8780E-005
1546.097500,2.8830E-005,1546.097500,2.8830E-005
1546.100000,2.8810E-005,1546.100000,2.8810E-005
1546.102500,2.8730E-005,1546.102500,2.8730E-005
1546.105000,2.8830E-005,1546.105000,2.8830E-005
1546.107500,2.8810E-005,1546.107500,2.8810E-005
1546.110000,2.8920E-005,1546.110000,2.8920E-005
1546.112500,2.8930E-005,1546.112500,2.8930E-005
1546.115000,2.9010E-005,1546.115000,2.9010E-005
1546.117500,2.9150E-005,1546.117500,2.9150E-005
1546.120000,2.9260E-005,1546.120000,2.9260E-005
1546.122500,2.9470E-005,1546.122500,2.9470E-005
1546.125000,2.9610E-005,1546.125000,2.9610E-005
1546.127500,2.9530E-005,1546.127500,2.9530E-005
1546.130000,2.9800E-005,1546.130000,2.9800E-005
1546.132500,3.0000E-005,1546.132500,3.0000E-005
1546.135000,3.0310E-005,1546.135000,3.0310E-005
1546.137500,3.0530E-005,1546.137500,3.0530E-005
1546.140000,3.0770E-005,1546.140000,3.0770E-005
1546.142500,3.0940E-005,1546.142500,3.0940E-005
1546.145000,3.1170E-005,1546.145000,3.1170E-005
1546.147500,3.1500E-005,1546.147500,3.1500E-005
1546.150000,3.1770E-005,1546.150000,3.1770E-005
1546.152500,3.2080E-005,1546.152500,3.2080E-005
1546.155000,3.2250E-005,1546.155000,3.2250E-005
1546.157500,3.2500E-005,1546.157500,3.2500E-005
1546.160000,3.2830E-005,1546.160000,3.2830E-005
1546.162500,3.3240E-005,1546.162500,3.3240E-005
1546.165000,3.3510E-005,1546.165000,3.3510E-005
1546.167500,3.3730E-005,1546.167500,3.3730E-005
1546.170000,3.4110E-005,1546.170000,3.4110E-005
1546.172500,3.4470E-005,1546.172500,3.4470E-005
1546.175000,3.4740E-005,1546.175000,3.4740E-005
1546.177500,3.5010E-005,1546.177500,3.5010E-005
1546.180000,3.5560E-005,1546.180000,3.5560E-005
1546.182500,3.5560E-005,1546.182500,3.5560E-005
1546.185000,3.6030E-005,1546.185000,3.6030E-005
1546.187500,3.6510E-005,1546.187500,3.6510E-005
1546.190000,3.6910E-005,1546.190000,3.6910E-005
1546.192500,3.7270E-005,1546.192500,3.7270E-005
1546.195000,3.7500E-005,1546.195000,3.7500E-005
1546.197500,3.7990E-005,1546.197500,3.7990E-005
1546.200000,3.8340E-005,1546.200000,3.8340E-005
1546.202500,3.8680E-005,1546.202500,3.8680E-005
1546.205000,3.9090E-005,1546.205000,3.9090E-005
1546.207500,3.9540E-005,1546.207500,3.9540E-005
1546.210000,3.9960E-005,1546.210000,3.9960E-005
1546.212500,4.0380E-005,1546.212500,4.0380E-005
1546.215000,4.0820E-005,1546.215000,4.0820E-005
1546.217500,4.1120E-005,1546.217500,4.1120E-005
1546.220000,4.1600E-005,1546.220000,4.1600E-005
1546.222500,4.1920E-005,1546.222500,4.1920E-005
1546.225000,4.2310E-005,1546.225000,4.2310E-005
1546.227500,4.2690E-005,1546.227500,4.2690E-005
1546.230000,4.3070E-005,1546.230000,4.3070E-005
1546.232500,4.3150E-005,1546.232500,4.3150E-005
1546.235000,4.3490E-005,1546.235000,4.3490E-005
1546.237500,4.3960E-005,1546.237500,4.3960E-005
1546.240000,4.4250E-005,1546.240000,4.4250E-005
1546.242500,4.4640E-005,1546.242500,4.4640E-005
1546.245000,4.4930E-005,1546.245000,4.4930E-005
1546.247500,4.5260E-005,1546.247500,4.5260E-005
1546.250000,4.5550E-005,1546.250000,4.5550E-005
1546.252500,4.5700E-005,1546.252500,4.5700E-005
1546.255000,4.6020E-005,1546.255000,4.6020E-005
1546.257500,4.6180E-005,1546.257500,4.6180E-005
1546.260000,4.6540E-005,1546.260000,4.6540E-005
1546.262500,4.6670E-005,1546.262500,4.6670E-005
1546.265000,4.6820E-005,1546.265000,4.6820E-005
1546.267500,4.7100E-005,1546.267500,4.7100E-005
1546.270000,4.7380E-005,1546.270000,4.7380E-005
1546.272500,4.7480E-005,1546.272500,4.7480E-005
1546.275000,4.7550E-005,1546.275000,4.7550E-005
1546.277500,4.7710E-005,1546.277500,4.7710E-005
1546.280000,4.7770E-005,1546.280000,4.7770E-005
1546.282500,4.7810E-005,1546.282500,4.7810E-005
1546.285000,4.7880E-005,1546.285000,4.7880E-005
1546.287500,4.7920E-005,1546.287500,4.7920E-005
1546.290000,4.7760E-005,1546.290000,4.7760E-005
1546.292500,4.7910E-005,1546.292500,4.7910E-005
1546.295000,4.7760E-005,1546.295000,4.7760E-005
1546.297500,4.7750E-005,1546.297500,4.7750E-005
1546.300000,4.7680E-005,1546.300000,4.7680E-005
1546.302500,4.7540E-005,1546.302500,4.7540E-005
1546.305000,4.7600E-005,1546.305000,4.7600E-005
1546.307500,4.7550E-005,1546.307500,4.7550E-005
1546.310000,4.7370E-005,1546.310000,4.7370E-005
1546.312500,4.7140E-005,1546.312500,4.7140E-005
1546.315000,4.6900E-005,1546.315000,4.6900E-005
1546.317500,4.6970E-005,1546.317500,4.6970E-005
1546.320000,4.6610E-005,1546.320000,4.6610E-005
1546.322500,4.6390E-005,1546.322500,4.6390E-005
1546.325000,4.5990E-005,1546.325000,4.5990E-005
1546.327500,4.5720E-005,1546.327500,4.5720E-005
1546.330000,4.5460E-005,1546.330000,4.5460E-005
1546.332500,4.5230E-005,1546.332500,4.5230E-005
1546.335000,4.4890E-005,1546.335000,4.4890E-005
1546.337500,4.4670E-005,1546.337500,4.4670E-005
1546.340000,4.4400E-005,1546.340000,4.4400E-005
1546.342500,4.3970E-005,1546.342500,4.3970E-005
1546.345000,4.3630E-005,1546.345000,4.3630E-005
1546.347500,4.3350E-005,1546.347500,4.3350E-005
1546.350000,4.2830E-005,1546.350000,4.2830E-005
1546.352500,4.2530E-005,1546.352500,4.2530E-005
1546.355000,4.1930E-005,1546.355000,4.1930E-005
1546.357500,4.1590E-005,1546.357500,4.1590E-005
1546.360000,4.1100E-005,1546.360000,4.1100E-005
1546.362500,4.0750E-005,1546.362500,4.0750E-005
1546.365000,4.0420E-005,1546.365000,4.0420E-005
1546.367500,4.0030E-005,1546.367500,4.0030E-005
1546.370000,3.9370E-005,1546.370000,3.9370E-005
1546.372500,3.8870E-005,1546.372500,3.8870E-005
1546.375000,3.8340E-005,1546.375000,3.8340E-005
1546.377500,3.8330E-005,1546.377500,3.8330E-005
1546.380000,3.7800E-005,1546.380000,3.7800E-005
1546.382500,3.7190E-005,1546.382500,3.7190E-005
1546.385000,3.6700E-005,1546.385000,3.6700E-005
1546.387500,3.6220E-005,1546.387500,3.6220E-005
1546.390000,3.5790E-005,1546.390000,3.5790E-005
1546.392500,3.5350E-005,1546.392500,3.5350E-005
1546.395000,3.4920E-005,1546.395000,3.4920E-005
1546.397500,3.4390E-005,1546.397500,3.4390E-005
1546.400000,3.3940E-005,1546.400000,3.3940E-005
1546.402500,3.3600E-005,1546.402500,3.3600E-005
1546.405000,3.3060E-005,1546.405000,3.3060E-005
1546.407500,3.2800E-005,1546.407500,3.2800E-005
1546.410000,3.2350E-005,1546.410000,3.2350E-005
1546.412500,3.1960E-005,1546.412500,3.1960E-005
1546.415000,3.1640E-005,1546.415000,3.1640E-005
1546.417500,3.1290E-005,1546.417500,3.1290E-005
1546.420000,3.0860E-005,1546.420000,3.0860E-005
1546.422500,3.0650E-005,1546.422500,3.0650E-005
1546.425000,3.0250E-005,1546.425000,3.0250E-005
1546.427500,2.9930E-005,1546.427500,2.9930E-005
1546.430000,2.9650E-005,1546.430000,2.9650E-005
1546.432500,2.9620E-005,1546.432500,2.9620E-005
1546.435000,2.9460E-005,1546.435000,2.9460E-005
1546.437500,2.9060E-005,1546.437500,2.9060E-005
1546.440000,2.8770E-005,1546.440000,2.8770E-005
1546.442500,2.8530E-005,1546.442500,2.8530E-005
1546.445000,2.8350E-005,1546.445000,2.8350E-005
1546.447500,2.8180E-005,1546.447500,2.8180E-005
1546.450000,2.8020E-005,1546.450000,2.8020E-005
1546.452500,2.7950E-005,1546.452500,2.7950E-005
1546.455000,2.7870E-005,1546.455000,2.7870E-005
1546.457500,2.7650E-005,1546.457500,2.7650E-005
1546.460000,2.7620E-005,1546.460000,2.7620E-005
1546.462500,2.7600E-005,1546.462500,2.7600E-005
1546.465000,2.7570E-005,1546.465000,2.7570E-005
1546.467500,2.7640E-005,1546.467500,2.7640E-005
1546.470000,2.7600E-005,1546.470000,2.7600E-005
1546.472500,2.7760E-005,1546.472500,2.7760E-005
1546.475000,2.7800E-005,1546.475000,2.7800E-005
1546.477500,2.7900E-005,1546.477500,2.7900E-005
1546.480000,2.8020E-005,1546.480000,2.8020E-005
1546.482500,2.8060E-005,1546.482500,2.8060E-005
1546.485000,2.8310E-005,1546.485000,2.8310E-005
1546.487500,2.8420E-005,1546.487500,2.8420E-005
1546.490000,2.8570E-005,1546.490000,2.8570E-005
1546.492500,2.8730E-005,1546.492500,2.8730E-005
1546.495000,2.9070E-005,1546.495000,2.9070E-005
1546.497500,2.9210E-005,1546.497500,2.9210E-005
1546.500000,2.9670E-005,1546.500000,2.9670E-005
1546.502500,2.9910E-005,1546.502500,2.9910E-005
1546.505000,3.0270E-005,1546.505000,3.0270E-005
1546.507500,3.0190E-005,1546.507500,3.0190E-005
1546.510000,3.0540E-005,1546.510000,3.0540E-005
1546.512500,3.0970E-005,1546.512500,3.0970E-005
1546.515000,3.1300E-005,1546.515000,3.1300E-005
1546.517500,3.1750E-005,1546.517500,3.1750E-005
1546.520000,3.2050E-005,1546.520000,3.2050E-005
1546.522500,3.2390E-005,1546.522500,3.2390E-005
1546.525000,3.2690E-005,1546.525000,3.2690E-005
1546.527500,3.3040E-005,1546.527500,3.3040E-005
1546.530000,3.3530E-005,1546.530000,3.3530E-005
1546.532500,3.3880E-005,1546.532500,3.3880E-005
1546.535000,3.4430E-005,1546.535000,3.4430E-005
1546.537500,3.4770E-005,1546.537500,3.4770E-005
1546.540000,3.5300E-005,1546.540000,3.5300E-005
1546.542500,3.5640E-005,1546.542500,3.5640E-005
1546.545000,3.6190E-005,1546.545000,3.6190E-005
1546.547500,3.6110E-005,1546.547500,3.6110E-005
1546.550000,3.6620E-005,1546.550000,3.6620E-005
1546.552500,3.7110E-005,1546.552500,3.7110E-005
1546.555000,3.7750E-005,1546.555000,3.7750E-005
1546.557500,3.8050E-005,1546.557500,3.8050E-005
1546.560000,3.8570E-005,1546.560000,3.8570E-005
1546.562500,3.8860E-005,1546.562500,3.8860E-005
1546.565000,3.9220E-005,1546.565000,3.9220E-005
1546.567500,3.9750E-005,1546.567500,3.9750E-005
1546.570000,4.0170E-005,1546.570000,4.0170E-005
1546.572500,4.0420E-005,1546.572500,4.0420E-005
1546.575000,4.0840E-005,1546.575000,4.0840E-005
1546.577500,4.1270E-005,1546.577500,4.1270E-005
1546.580000,4.1590E-005,1546.580000,4.1590E-005
1546.582500,4.1820E-005,1546.582500,4.1820E-005
1546.585000,4.2150E-005,1546.585000,4.2150E-005
1546.587500,4.2590E-005,1546.587500,4.2590E-005
1546.590000,4.2890E-005,1546.590000,4.2890E-005
1546.592500,4.2800E-005,1546.592500,4.2800E-005
1546.595000,4.3340E-005,1546.595000,4.3340E-005
1546.597500,4.3610E-005,1546.597500,4.3610E-005
1546.600000,4.4030E-005,1546.600000,4.4030E-005
1546.602500,4.4280E-005,1546.602500,4.4280E-005
1546.605000,4.4510E-005,1546.605000,4.4510E-005
1546.607500,4.4580E-005,1546.607500,4.4580E-005
1546.610000,4.4870E-005,1546.610000,4.4870E-005
1546.612500,4.5160E-005,1546.612500,4.5160E-005
1546.615000,4.5450E-005,1546.615000,4.5450E-005
1546.617500,4.5500E-005,1546.617500,4.5500E-005
1546.620000,4.5660E-005,1546.620000,4.5660E-005
1546.622500,4.5780E-005,1546.622500,4.5780E-005
1546.625000,4.5850E-005,1546.625000,4.5850E-005
1546.627500,4.5930E-005,1546.627500,4.5930E-005
1546.630000,4.6010E-005,1546.630000,4.6010E-005
1546.632500,4.6200E-005,1546.632500,4.6200E-005
1546.635000,4.6220E-005,1546.635000,4.6220E-005
1546.637500,4.6280E-005,1546.637500,4.6280E-005
1546.640000,4.6320E-005,1546.640000,4.6320E-005
1546.642500,4.6420E-005,1546.642500,4.6420E-005
1546.645000,4.6320E-005,1546.645000,4.6320E-005
1546.647500,4.6390E-005,1546.647500,4.6390E-005
1546.650000,4.6330E-005,1546.650000,4.6330E-005
1546.652500,4.6330E-005,1546.652500,4.6330E-005
1546.655000,4.6250E-005,1546.655000,4.6250E-005
1546.657500,4.6280E-005,1546.657500,4.6280E-005
1546.660000,4.6220E-005,1546.660000,4.6220E-005
1546.662500,4.5950E-005,1546.662500,4.5950E-005
1546.665000,4.5930E-005,1546.665000,4.5930E-005
1546.667500,4.5780E-005,1546.667500,4.5780E-005
1546.670000,4.5720E-005,1546.670000,4.5720E-005
1546.672500,4.5650E-005,1546.672500,4.5650E-005
1546.675000,4.5450E-005,1546.675000,4.5450E-005
1546.677500,4.5280E-005,1546.677500,4.5280E-005
1546.680000,4.5170E-005,1546.680000,4.5170E-005
1546.682500,4.5060E-005,1546.682500,4.5060E-005
1546.685000,4.4900E-005,1546.685000,4.4900E-005
1546.687500,4.4700E-005,1546.687500,4.4700E-005
1546.690000,4.4500E-005,1546.690000,4.4500E-005
1546.692500,4.4210E-005,1546.692500,4.4210E-005
1546.695000,4.4030E-005,1546.695000,4.4030E-005
1546.697500,4.3780E-005,1546.697500,4.3780E-005
1546.700000,4.3520E-005,1546.700000,4.3520E-005
1546.702500,4.3270E-005,1546.702500,4.3270E-005
1546.705000,4.3040E-005,1546.705000,4.3040E-005
1546.707500,4.2790E-005,1546.707500,4.2790E-005
1546.710000,4.2440E-005,1546.710000,4.2440E-005
1546.712500,4.2100E-005,1546.712500,4.2100E-005
1546.715000,4.1800E-005,1546.715000,4.1800E-005
1546.717500,4.1460E-005,1546.717500,4.1460E-005
1546.720000,4.1210E-005,1546.720000,4.1210E-005
1546.722500,4.0910E-005,1546.722500,4.0910E-005
1546.725000,4.0590E-005,1546.725000,4.0590E-005
1546.727500,4.0110E-005,1546.727500,4.0110E-005
1546.730000,3.9710E-005,1546.730000,3.9710E-005
1546.732500,3.9250E-005,1546.732500,3.9250E-005
1546.735000,3.8920E-005,1546.735000,3.8920E-005
1546.737500,3.8590E-005,1546.737500,3.8590E-005
1546.740000,3.8620E-005,1546.740000,3.8620E-005
1546.742500,3.8250E-005,1546.742500,3.8250E-005
1546.745000,3.7690E-005,1546.745000,3.7690E-005
1546.747500,3.7290E-005,1546.747500,3.7290E-005
1546.750000,3.6980E-005,1546.750000,3.6980E-005
1546.752500,3.6610E-005,1546.752500,3.6610E-005
1546.755000,3.6330E-005,1546.755000,3.6330E-005
1546.757500,3.5990E-005,1546.757500,3.5990E-005
1546.760000,3.5700E-005,1546.760000,3.5700E-005
1546.762500,3.5210E-005,1546.762500,3.5210E-005
1546.765000,3.4920E-005,1546.765000,3.4920E-005
1546.767500,3.4670E-005,1546.767500,3.4670E-005
1546.770000,3.4200E-005,1546.770000,3.4200E-005
1546.772500,3.3850E-005,1546.772500,3.3850E-005
1546.775000,3.3410E-005,1546.775000,3.3410E-005
1546.777500,3.2950E-005,1546.777500,3.2950E-005
1546.780000,3.3020E-005,1546.780000,3.3020E-005
1546.782500,3.2680E-005,1546.782500,3.2680E-005
1546.785000,3.2340E-005,1546.785000,3.2340E-005
1546.787500,3.1970E-005,1546.787500,3.1970E-005
1546.790000,3.1710E-005,1546.790000,3.1710E-005
1546.792500,3.1610E-005,1546.792500,3.1610E-005
1546.795000,3.1430E-005,1546.795000,3.1430E-005
1546.797500,3.1180E-005,1546.797500,3.1180E-005
1546.800000,3.0920E-005,1546.800000,3.0920E-005
1546.802500,3.0740E-005,1546.802500,3.0740E-005
1546.805000,3.0600E-005,1546.805000,3.0600E-005
1546.807500,3.0370E-005,1546.807500,3.0370E-005
1546.810000,3.0300E-005,1546.810000,3.0300E-005
1546.812500,2.9960E-005,1546.812500,2.9960E-005
1546.815000,2.9880E-005,1546.815000,2.9880E-005
1546.817500,2.9700E-005,1546.817500,2.9700E-005
1546.820000,2.9630E-005,1546.820000,2.9630E-005
1546.822500,2.9660E-005,1546.822500,2.9660E-005
1546.825000,2.9560E-005,1546.825000,2.9560E-005
1546.827500,2.9680E-005,1546.827500,2.9680E-005
1546.830000,2.9640E-005,1546.830000,2.9640E-005
1546.832500,2.9660E-005,1546.832500,2.9660E-005
1546.835000,2.9720E-005,1546.835000,2.9720E-005
1546.837500,2.9790E-005,1546.837500,2.9790E-005
1546.840000,2.9770E-005,1546.840000,2.9770E-005
1546.842500,2.9850E-005,1546.842500,2.9850E-005
1546.845000,2.9790E-005,1546.845000,2.9790E-005
1546.847500,2.9930E-005,1546.847500,2.9930E-005
1546.850000,2.9910E-005,1546.850000,2.9910E-005
1546.852500,3.0150E-005,1546.852500,3.0150E-005
1546.855000,3.0170E-005,1546.855000,3.0170E-005
1546.857500,3.0320E-005,1546.857500,3.0320E-005
1546.860000,3.0520E-005,1546.860000,3.0520E-005
1546.862500,3.0690E-005,1546.862500,3.0690E-005
1546.865000,3.0850E-005,1546.865000,3.0850E-005
1546.867500,3.1160E-005,1546.867500,3.1160E-005
1546.870000,3.1430E-005,1546.870000,3.1430E-005
1546.872500,3.1640E-005,1546.872500,3.1640E-005
1546.875000,3.1730E-005,1546.875000,3.1730E-005
1546.877500,3.2010E-005,1546.877500,3.2010E-005
1546.880000,3.2240E-005,1546.880000,3.2240E-005
1546.882500,3.2530E-005,1546.882500,3.2530E-005
1546.885000,3.2820E-005,1546.885000,3.2820E-005
1546.887500,3.3050E-005,1546.887500,3.3050E-005
1546.890000,3.3390E-005,1546.890000,3.3390E-005
1546.892500,3.3670E-005,1546.892500,3.3670E-005
1546.895000,3.3990E-005,1546.895000,3.3990E-005
1546.897500,3.4330E-005,1546.897500,3.4330E-005
1546.900000,3.4700E-005,1546.900000,3.4700E-005
1546.902500,3.5010E-005,1546.902500,3.5010E-005
1546.905000,3.5550E-005,1546.905000,3.5550E-005
1546.907500,3.5860E-005,1546.907500,3.5860E-005
1546.910000,3.6030E-005,1546.910000,3.6030E-005
1546.912500,3.6550E-005,1546.912500,3.6550E-005
1546.915000,3.6850E-005,1546.915000,3.6850E-005
1546.917500,3.7290E-005,1546.917500,3.7290E-005
1546.920000,3.7550E-005,1546.920000,3.7550E-005
1546.922500,3.7910E-005,1546.922500,3.7910E-005
1546.925000,3.8250E-005,1546.925000,3.8250E-005
1546.927500,3.8580E-005,1546.927500,3.8580E-005
1546.930000,3.9050E-005,1546.930000,3.9050E-005
1546.932500,3.9520E-005,1546.932500,3.9520E-005
1546.935000,3.9560E-005,1546.935000,3.9560E-005
1546.937500,4.0000E-005,1546.937500,4.0000E-005
1546.940000,4.0600E-005,1546.940000,4.0600E-005
1546.942500,4.1060E-005,1546.942500,4.1060E-005
1546.945000,4.1110E-005,1546.945000,4.1110E-005
1546.947500,4.1570E-005,1546.947500,4.1570E-005
1546.950000,4.1990E-005,1546.950000,4.1990E-005
1546.952500,4.2450E-005,1546.952500,4.2450E-005
1546.955000,4.2920E-005,1546.955000,4.2920E-005
1546.957500,4.3190E-005,1546.957500,4.3190E-005
1546.960000,4.3330E-005,1546.960000,4.3330E-005
1546.962500,4.3600E-005,1546.962500,4.3600E-005
1546.965000,4.3920E-005,1546.965000,4.3920E-005
1546.967500,4.4180E-005,1546.967500,4.4180E-005
1546.970000,4.4180E-005,1546.970000,4.4180E-005
1546.972500,4.4480E-005,1546.972500,4.4480E-005
1546.975000,4.4790E-005,1546.975000,4.4790E-005
1546.977500,4.5080E-005,1546.977500,4.5080E-005
1546.980000,4.5020E-005,1546.980000,4.5020E-005
1546.982500,4.5190E-005,1546.982500,4.5190E-005
1546.985000,4.5280E-005,1546.985000,4.5280E-005
1546.987500,4.5550E-005,1546.987500,4.5550E-005
1546.990000,4.5620E-005,1546.990000,4.5620E-005
1546.992500,4.5660E-005,1546.992500,4.5660E-005
1546.995000,4.5730E-005,1546.995000,4.5730E-005
1546.997500,4.5690E-005,1546.997500,4.5690E-005
1547.000000,4.5660E-005,1547.000000,4.5660E-005
1547.002500,4.5570E-005,1547.002500,4.5570E-005
1547.005000,4.5550E-005,1547.005000,4.5550E-005
1547.007500,4.5400E-005,1547.007500,4.5400E-005
1547.010000,4.5470E-005,1547.010000,4.5470E-005
1547.012500,4.5340E-005,1547.012500,4.5340E-005
1547.015000,4.5390E-005,1547.015000,4.5390E-005
1547.017500,4.5350E-005,1547.017500,4.5350E-005
1547.020000,4.5320E-005,1547.020000,4.5320E-005
1547.022500,4.5260E-005,1547.022500,4.5260E-005
1547.025000,4.5260E-005,1547.025000,4.5260E-005
1547.027500,4.5240E-005,1547.027500,4.5240E-005
1547.030000,4.5220E-005,1547.030000,4.5220E-005
1547.032500,4.5380E-005,1547.032500,4.5380E-005
1547.035000,4.5350E-005,1547.035000,4.5350E-005
1547.037500,4.5370E-005,1547.037500,4.5370E-005
1547.040000,4.5470E-005,1547.040000,4.5470E-005
1547.042500,4.5610E-005,1547.042500,4.5610E-005
1547.045000,4.5730E-005,1547.045000,4.5730E-005
1547.047500,4.6180E-005,1547.047500,4.6180E-005
1547.050000,4.6000E-005,1547.050000,4.6000E-005
1547.052500,4.6480E-005,1547.052500,4.6480E-005
1547.055000,4.6980E-005,1547.055000,4.6980E-005
1547.057500,4.7610E-005,1547.057500,4.7610E-005
1547.060000,4.8070E-005,1547.060000,4.8070E-005
1547.062500,4.8600E-005,1547.062500,4.8600E-005
1547.065000,4.9080E-005,1547.065000,4.9080E-005
1547.067500,4.9690E-005,1547.067500,4.9690E-005
1547.070000,5.0330E-005,1547.070000,5.0330E-005
1547.072500,5.0950E-005,1547.072500,5.0950E-005
1547.075000,5.1410E-005,1547.075000,5.1410E-005
1547.077500,5.1880E-005,1547.077500,5.1880E-005
1547.080000,5.2090E-005,1547.080000,5.2090E-005
1547.082500,5.2430E-005,1547.082500,5.2430E-005
1547.085000,5.2730E-005,1547.085000,5.2730E-005
1547.087500,5.3140E-005,1547.087500,5.3140E-005
1547.090000,5.3360E-005,1547.090000,5.3360E-005
1547.092500,5.3590E-005,1547.092500,5.3590E-005
1547.095000,5.3590E-005,1547.095000,5.3590E-005
1547.097500,5.3890E-005,1547.097500,5.3890E-005
1547.100000,5.4270E-005,1547.100000,5.4270E-005
1547.102500,5.4940E-005,1547.102500,5.4940E-005
1547.105000,5.5420E-005,1547.105000,5.5420E-005
1547.107500,5.6600E-005,1547.107500,5.6600E-005
1547.110000,5.7680E-005,1547.110000,5.7680E-005
1547.112500,5.9650E-005,1547.112500,5.9650E-005
1547.115000,6.1980E-005,1547.115000,6.1980E-005
1547.117500,6.6030E-005,1547.117500,6.6030E-005
1547.120000,7.0600E-005,1547.120000,7.0600E-005
1547.122500,7.5990E-005,1547.122500,7.5990E-005
1547.125000,8.1460E-005,1547.125000,8.1460E-005
1547.127500,9.0750E-005,1547.127500,9.0750E-005
1547.130000,9.9910E-005,1547.130000,9.9910E-005
1547.132500,1.1370E-004,1547.132500,1.1370E-004
1547.135000,1.2680E-004,1547.135000,1.2680E-004
1547.137500,1.4340E-004,1547.137500,1.4340E-004
1547.140000,1.5990E-004,1547.140000,1.5990E-004
1547.142500,1.8070E-004,1547.142500,1.8070E-004
1547.145000,1.9830E-004,1547.145000,1.9830E-004
1547.147500,2.2340E-004,1547.147500,2.2340E-004
1547.150000,2.4820E-004,1547.150000,2.4820E-004
1547.152500,2.8270E-004,1547.152500,2.8270E-004
1547.155000,3.1230E-004,1547.155000,3.1230E-004
1547.157500,3.5080E-004,1547.157500,3.5080E-004
1547.160000,3.8400E-004,1547.160000,3.8400E-004
1547.162500,4.2140E-004,1547.162500,4.2140E-004
1547.165000,4.6120E-004,1547.165000,4.6120E-004
1547.167500,5.0370E-004,1547.167500,5.0370E-004
1547.170000,5.4670E-004,1547.170000,5.4670E-004
1547.172500,5.9430E-004,1547.172500,5.9430E-004
1547.175000,6.3420E-004,1547.175000,6.3420E-004
1547.177500,6.8040E-004,1547.177500,6.8040E-004
1547.180000,7.1740E-004,1547.180000,7.1740E-004
1547.182500,7.6800E-004,1547.182500,7.6800E-004
1547.185000,8.1670E-004,1547.185000,8.1670E-004
1547.187500,8.6950E-004,1547.187500,8.6950E-004
1547.190000,9.1640E-004,1547.190000,9.1640E-004
1547.192500,9.7040E-004,1547.192500,9.7040E-004
1547.195000,1.0240E-003,1547.195000,1.0240E-003
1547.197500,1.0940E-003,1547.197500,1.0940E-003
1547.200000,1.1600E-003,1547.200000,1.1600E-003
1547.202500,1.2200E-003,1547.202500,1.2200E-003
1547.205000,1.2250E-003,1547.205000,1.2250E-003
1547.207500,1.2880E-003,1547.207500,1.2880E-003
1547.210000,1.3510E-003,1547.210000,1.3510E-003
1547.212500,1.4210E-003,1547.212500,1.4210E-003
1547.215000,1.4780E-003,1547.215000,1.4780E-003
1547.217500,1.5280E-003,1547.217500,1.5280E-003
1547.220000,1.5710E-003,1547.220000,1.5710E-003
1547.222500,1.6150E-003,1547.222500,1.6150E-003
1547.225000,1.6600E-003,1547.225000,1.6600E-003
1547.227500,1.7120E-003,1547.227500,1.7120E-003
1547.230000,1.7590E-003,1547.230000,1.7590E-003
1547.232500,1.8110E-003,1547.232500,1.8110E-003
1547.235000,1.8480E-003,1547.235000,1.8480E-003
1547.237500,1.8930E-003,1547.237500,1.8930E-003
1547.240000,1.9290E-003,1547.240000,1.9290E-003
1547.242500,1.9150E-003,1547.242500,1.9150E-003
1547.245000,1.9430E-003,1547.245000,1.9430E-003
1547.247500,1.9750E-003,1547.247500,1.9750E-003
1547.250000,2.0050E-003,1547.250000,2.0050E-003
1547.252500,2.0360E-003,1547.252500,2.0360E-003
1547.255000,2.0620E-003,1547.255000,2.0620E-003
1547.257500,2.0900E-003,1547.257500,2.0900E-003
1547.260000,2.1170E-003,1547.260000,2.1170E-003
1547.262500,2.1350E-003,1547.262500,2.1350E-003
1547.265000,2.1560E-003,1547.265000,2.1560E-003
1547.267500,2.1680E-003,1547.267500,2.1680E-003
1547.270000,2.1720E-003,1547.270000,2.1720E-003
1547.272500,2.1840E-003,1547.272500,2.1840E-003
1547.275000,2.2000E-003,1547.275000,2.2000E-003
1547.277500,2.2060E-003,1547.277500,2.2060E-003
1547.280000,2.2130E-003,1547.280000,2.2130E-003
1547.282500,2.2250E-003,1547.282500,2.2250E-003
1547.285000,2.2300E-003,1547.285000,2.2300E-003
1547.287500,2.2360E-003,1547.287500,2.2360E-003
1547.290000,2.2410E-003,1547.290000,2.2410E-003
1547.292500,2.2440E-003,1547.292500,2.2440E-003
1547.295000,2.2480E-003,1547.295000,2.2480E-003
1547.297500,2.2510E-003,1547.297500,2.2510E-003
1547.300000,2.2530E-003,1547.300000,2.2530E-003
1547.302500,2.2510E-003,1547.302500,2.2510E-003
1547.305000,2.2510E-003,1547.305000,2.2510E-003
1547.307500,2.2500E-003,1547.307500,2.2500E-003
1547.310000,2.2460E-003,1547.310000,2.2460E-003
1547.312500,2.2460E-003,1547.312500,2.2460E-003
1547.315000,2.2390E-003,1547.315000,2.2390E-003
1547.317500,2.2320E-003,1547.317500,2.2320E-003
1547.320000,2.2300E-003,1547.320000,2.2300E-003
1547.322500,2.2220E-003,1547.322500,2.2220E-003
1547.325000,2.2080E-003,1547.325000,2.2080E-003
1547.327500,2.1980E-003,1547.327500,2.1980E-003
1547.330000,2.1820E-003,1547.330000,2.1820E-003
1547.332500,2.1700E-003,1547.332500,2.1700E-003
1547.335000,2.1640E-003,1547.335000,2.1640E-003
1547.337500,2.1400E-003,1547.337500,2.1400E-003
1547.340000,2.1260E-003,1547.340000,2.1260E-003
1547.342500,2.1050E-003,1547.342500,2.1050E-003
1547.345000,2.0850E-003,1547.345000,2.0850E-003
1547.347500,2.0570E-003,1547.347500,2.0570E-003
1547.350000,2.0310E-003,1547.350000,2.0310E-003
1547.352500,2.0000E-003,1547.352500,2.0000E-003
1547.355000,1.9690E-003,1547.355000,1.9690E-003
1547.357500,1.9440E-003,1547.357500,1.9440E-003
1547.360000,1.9040E-003,1547.360000,1.9040E-003
1547.362500,1.8590E-003,1547.362500,1.8590E-003
1547.365000,1.8100E-003,1547.365000,1.8100E-003
1547.367500,1.7630E-003,1547.367500,1.7630E-003
1547.370000,1.7610E-003,1547.370000,1.7610E-003
1547.372500,1.7060E-003,1547.372500,1.7060E-003
1547.375000,1.6400E-003,1547.375000,1.6400E-003
1547.377500,1.5730E-003,1547.377500,1.5730E-003
1547.380000,1.5350E-003,1547.380000,1.5350E-003
1547.382500,1.4900E-003,1547.382500,1.4900E-003
1547.385000,1.4540E-003,1547.385000,1.4540E-003
1547.387500,1.3900E-003,1547.387500,1.3900E-003
1547.390000,1.3250E-003,1547.390000,1.3250E-003
1547.392500,1.2610E-003,1547.392500,1.2610E-003
1547.395000,1.2090E-003,1547.395000,1.2090E-003
1547.397500,1.1970E-003,1547.397500,1.1970E-003
1547.400000,1.1530E-003,1547.400000,1.1530E-003
1547.402500,1.0990E-003,1547.402500,1.0990E-003
1547.405000,1.0410E-003,1547.405000,1.0410E-003
1547.407500,9.7250E-004,1547.407500,9.7250E-004
1547.410000,9.1780E-004,1547.410000,9.1780E-004
1547.412500,8.5060E-004,1547.412500,8.5060E-004
1547.415000,7.9040E-004,1547.415000,7.9040E-004
1547.417500,7.2320E-004,1547.417500,7.2320E-004
1547.420000,7.2400E-004,1547.420000,7.2400E-004
1547.422500,6.6460E-004,1547.422500,6.6460E-004
1547.425000,6.0580E-004,1547.425000,6.0580E-004
1547.427500,5.4780E-004,1547.427500,5.4780E-004
1547.430000,4.9650E-004,1547.430000,4.9650E-004
1547.432500,4.5240E-004,1547.432500,4.5240E-004
1547.435000,4.2470E-004,1547.435000,4.2470E-004
1547.437500,3.9400E-004,1547.437500,3.9400E-004
1547.440000,3.5800E-004,1547.440000,3.5800E-004
1547.442500,3.1730E-004,1547.442500,3.1730E-004
1547.445000,2.8360E-004,1547.445000,2.8360E-004
1547.447500,2.4840E-004,1547.447500,2.4840E-004
1547.450000,2.2090E-004,1547.450000,2.2090E-004
1547.452500,1.9710E-004,1547.452500,1.9710E-004
1547.455000,1.7610E-004,1547.455000,1.7610E-004
1547.457500,1.5460E-004,1547.457500,1.5460E-004
1547.460000,1.3670E-004,1547.460000,1.3670E-004
1547.462500,1.3180E-004,1547.462500,1.3180E-004
1547.465000,1.1700E-004,1547.465000,1.1700E-004
1547.467500,1.0340E-004,1547.467500,1.0340E-004
1547.470000,9.5300E-005,1547.470000,9.5300E-005
1547.472500,8.8430E-005,1547.472500,8.8430E-005
1547.475000,8.3110E-005,1547.475000,8.3110E-005
1547.477500,7.9360E-005,1547.477500,7.9360E-005
1547.480000,7.8020E-005,1547.480000,7.8020E-005
1547.482500,7.7990E-005,1547.482500,7.7990E-005
1547.485000,7.9160E-005,1547.485000,7.9160E-005
1547.487500,8.2200E-005,1547.487500,8.2200E-005
1547.490000,8.5730E-005,1547.490000,8.5730E-005
1547.492500,9.0660E-005,1547.492500,9.0660E-005
1547.495000,9.5600E-005,1547.495000,9.5600E-005
1547.497500,1.0320E-004,1547.497500,1.0320E-004
1547.500000,1.1040E-004,1547.500000,1.1040E-004
1547.502500,1.2060E-004,1547.502500,1.2060E-004
1547.505000,1.3080E-004,1547.505000,1.3080E-004
1547.507500,1.4400E-004,1547.507500,1.4400E-004
1547.510000,1.5390E-004,1547.510000,1.5390E-004
1547.512500,1.6240E-004,1547.512500,1.6240E-004
1547.515000,1.7090E-004,1547.515000,1.7090E-004
1547.517500,1.8690E-004,1547.517500,1.8690E-004
1547.520000,2.0350E-004,1547.520000,2.0350E-004
1547.522500,2.1880E-004,1547.522500,2.1880E-004
1547.525000,2.3210E-004,1547.525000,2.3210E-004
1547.527500,2.4880E-004,1547.527500,2.4880E-004
1547.530000,2.6140E-004,1547.530000,2.6140E-004
1547.532500,2.8250E-004,1547.532500,2.8250E-004
1547.535000,3.0300E-004,1547.535000,3.0300E-004
1547.537500,3.2380E-004,1547.537500,3.2380E-004
1547.540000,3.4170E-004,1547.540000,3.4170E-004
1547.542500,3.6220E-004,1547.542500,3.6220E-004
1547.545000,3.7930E-004,1547.545000,3.7930E-004
1547.547500,4.0270E-004,1547.547500,4.0270E-004
1547.550000,4.2630E-004,1547.550000,4.2630E-004
1547.552500,4.5420E-004,1547.552500,4.5420E-004
1547.555000,4.7460E-004,1547.555000,4.7460E-004
1547.557500,4.9870E-004,1547.557500,4.9870E-004
1547.560000,5.1660E-004,1547.560000,5.1660E-004
1547.562500,5.3880E-004,1547.562500,5.3880E-004
1547.565000,5.5950E-004,1547.565000,5.5950E-004
1547.567500,5.8070E-004,1547.567500,5.8070E-004
1547.570000,5.9930E-004,1547.570000,5.9930E-004
1547.572500,6.2300E-004,1547.572500,6.2300E-004
1547.575000,6.3980E-004,1547.575000,6.3980E-004
1547.577500,6.5750E-004,1547.577500,6.5750E-004
1547.580000,6.7380E-004,1547.580000,6.7380E-004
1547.582500,6.9490E-004,1547.582500,6.9490E-004
1547.585000,7.1180E-004,1547.585000,7.1180E-004
1547.587500,7.3290E-004,1547.587500,7.3290E-004
1547.590000,7.4830E-004,1547.590000,7.4830E-004
1547.592500,7.6570E-004,1547.592500,7.6570E-004
1547.595000,7.8270E-004,1547.595000,7.8270E-004
1547.597500,7.9650E-004,1547.597500,7.9650E-004
1547.600000,8.1030E-004,1547.600000,8.1030E-004
1547.602500,8.2580E-004,1547.602500,8.2580E-004
1547.605000,8.3930E-004,1547.605000,8.3930E-004
1547.607500,8.5140E-004,1547.607500,8.5140E-004
1547.610000,8.5080E-004,1547.610000,8.5080E-004
1547.612500,8.6300E-004,1547.612500,8.6300E-004
1547.615000,8.7600E-004,1547.615000,8.7600E-004
1547.617500,8.8770E-004,1547.617500,8.8770E-004
1547.620000,8.9350E-004,1547.620000,8.9350E-004
1547.622500,8.9960E-004,1547.622500,8.9960E-004
1547.625000,9.0420E-004,1547.625000,9.0420E-004
1547.627500,9.1090E-004,1547.627500,9.1090E-004
1547.630000,9.1710E-004,1547.630000,9.1710E-004
1547.632500,9.2390E-004,1547.632500,9.2390E-004
1547.635000,9.2810E-004,1547.635000,9.2810E-004
1547.637500,9.3200E-004,1547.637500,9.3200E-004
1547.640000,9.3390E-004,1547.640000,9.3390E-004
1547.642500,9.3790E-004,1547.642500,9.3790E-004
1547.645000,9.4180E-004,1547.645000,9.4180E-004
1547.647500,9.4460E-004,1547.647500,9.4460E-004
1547.650000,9.4600E-004,1547.650000,9.4600E-004
1547.652500,9.4840E-004,1547.652500,9.4840E-004
1547.655000,9.4790E-004,1547.655000,9.4790E-004
1547.657500,9.4970E-004,1547.657500,9.4970E-004
1547.660000,9.5070E-004,1547.660000,9.5070E-004
1547.662500,9.5120E-004,1547.662500,9.5120E-004
1547.665000,9.5050E-004,1547.665000,9.5050E-004
1547.667500,9.5000E-004,1547.667500,9.5000E-004
1547.670000,9.4910E-004,1547.670000,9.4910E-004
1547.672500,9.4730E-004,1547.672500,9.4730E-004
1547.675000,9.4510E-004,1547.675000,9.4510E-004
1547.677500,9.4220E-004,1547.677500,9.4220E-004
1547.680000,9.4050E-004,1547.680000,9.4050E-004
1547.682500,9.3730E-004,1547.682500,9.3730E-004
1547.685000,9.3330E-004,1547.685000,9.3330E-004
1547.687500,9.2730E-004,1547.687500,9.2730E-004
1547.690000,9.2270E-004,1547.690000,9.2270E-004
1547.692500,9.1540E-004,1547.692500,9.1540E-004
1547.695000,9.0800E-004,1547.695000,9.0800E-004
1547.697500,8.9970E-004,1547.697500,8.9970E-004
1547.700000,8.9080E-004,1547.700000,8.9080E-004
1547.702500,8.7990E-004,1547.702500,8.7990E-004
1547.705000,8.6860E-004,1547.705000,8.6860E-004
1547.707500,8.5490E-004,1547.707500,8.5490E-004
1547.710000,8.4130E-004,1547.710000,8.4130E-004
1547.712500,8.2630E-004,1547.712500,8.2630E-004
1547.715000,8.1220E-004,1547.715000,8.1220E-004
1547.717500,7.9220E-004,1547.717500,7.9220E-004
1547.720000,7.7300E-004,1547.720000,7.7300E-004
1547.722500,7.5250E-004,1547.722500,7.5250E-004
1547.725000,7.3640E-004,1547.725000,7.3640E-004
1547.727500,7.1790E-004,1547.727500,7.1790E-004
1547.730000,6.9730E-004,1547.730000,6.9730E-004
1547.732500,6.7330E-004,1547.732500,6.7330E-004
1547.735000,6.4990E-004,1547.735000,6.4990E-004
1547.737500,6.2390E-004,1547.737500,6.2390E-004
1547.740000,5.9390E-004,1547.740000,5.9390E-004
1547.742500,5.7070E-004,1547.742500,5.7070E-004
1547.745000,5.7190E-004,1547.745000,5.7190E-004
1547.747500,5.4070E-004,1547.747500,5.4070E-004
1547.750000,5.1010E-004,1547.750000,5.1010E-004
1547.752500,4.8390E-004,1547.752500,4.8390E-004
1547.755000,4.6090E-004,1547.755000,4.6090E-004
1547.757500,4.3790E-004,1547.757500,4.3790E-004
1547.760000,4.1830E-004,1547.760000,4.1830E-004
1547.762500,3.9620E-004,1547.762500,3.9620E-004
1547.765000,3.7640E-004,1547.765000,3.7640E-004
1547.767500,3.5430E-004,1547.767500,3.5430E-004
1547.770000,3.3640E-004,1547.770000,3.3640E-004
1547.772500,3.1480E-004,1547.772500,3.1480E-004
1547.775000,2.9150E-004,1547.775000,2.9150E-004
1547.777500,2.6420E-004,1547.777500,2.6420E-004
1547.780000,2.6550E-004,1547.780000,2.6550E-004
1547.782500,2.4510E-004,1547.782500,2.4510E-004
1547.785000,2.2280E-004,1547.785000,2.2280E-004
1547.787500,1.9880E-004,1547.787500,1.9880E-004
1547.790000,1.8350E-004,1547.790000,1.8350E-004
1547.792500,1.6950E-004,1547.792500,1.6950E-004
1547.795000,1.5700E-004,1547.795000,1.5700E-004
1547.797500,1.4400E-004,1547.797500,1.4400E-004
1547.800000,1.3290E-004,1547.800000,1.3290E-004
1547.802500,1.2590E-004,1547.802500,1.2590E-004
1547.805000,1.1670E-004,1547.805000,1.1670E-004
1547.807500,1.0680E-004,1547.807500,1.0680E-004
1547.810000,9.8920E-005,1547.810000,9.8920E-005
1547.812500,9.2540E-005,1547.812500,9.2540E-005
1547.815000,8.7400E-005,1547.815000,8.7400E-005
1547.817500,8.2080E-005,1547.817500,8.2080E-005
1547.820000,7.8270E-005,1547.820000,7.8270E-005
1547.822500,7.4870E-005,1547.822500,7.4870E-005
1547.825000,7.3100E-005,1547.825000,7.3100E-005
1547.827500,7.1300E-005,1547.827500,7.1300E-005
1547.830000,7.0110E-005,1547.830000,7.0110E-005
1547.832500,6.9370E-005,1547.832500,6.9370E-005
1547.835000,6.8930E-005,1547.835000,6.8930E-005
1547.837500,6.8990E-005,1547.837500,6.8990E-005
1547.840000,6.9450E-005,1547.840000,6.9450E-005
1547.842500,7.0640E-005,1547.842500,7.0640E-005
1547.845000,7.2030E-005,1547.845000,7.2030E-005
1547.847500,7.4630E-005,1547.847500,7.4630E-005
1547.850000,7.7670E-005,1547.850000,7.7670E-005
1547.852500,8.1910E-005,1547.852500,8.1910E-005
1547.855000,8.7020E-005,1547.855000,8.7020E-005
1547.857500,9.4230E-005,1547.857500,9.4230E-005
1547.860000,1.0280E-004,1547.860000,1.0280E-004
1547.862500,1.1490E-004,1547.862500,1.1490E-004
1547.865000,1.2960E-004,1547.865000,1.2960E-004
1547.867500,1.4740E-004,1547.867500,1.4740E-004
1547.870000,1.4690E-004,1547.870000,1.4690E-004
1547.872500,1.7040E-004,1547.872500,1.7040E-004
1547.875000,2.0770E-004,1547.875000,2.0770E-004
1547.877500,2.3370E-004,1547.877500,2.3370E-004
1547.880000,2.5770E-004,1547.880000,2.5770E-004
1547.882500,2.8850E-004,1547.882500,2.8850E-004
1547.885000,3.2050E-004,1547.885000,3.2050E-004
1547.887500,3.6000E-004,1547.887500,3.6000E-004
1547.890000,3.9760E-004,1547.890000,3.9760E-004
1547.892500,4.5070E-004,1547.892500,4.5070E-004
1547.895000,4.9160E-004,1547.895000,4.9160E-004
1547.897500,5.4890E-004,1547.897500,5.4890E-004
1547.900000,5.9980E-004,1547.900000,5.9980E-004
1547.902500,6.6010E-004,1547.902500,6.6010E-004
1547.905000,7.1840E-004,1547.905000,7.1840E-004
1547.907500,7.8830E-004,1547.907500,7.8830E-004
1547.910000,8.4940E-004,1547.910000,8.4940E-004
1547.912500,9.1210E-004,1547.912500,9.1210E-004
1547.915000,9.8170E-004,1547.915000,9.8170E-004
1547.917500,1.0620E-003,1547.917500,1.0620E-003
1547.920000,1.1340E-003,1547.920000,1.1340E-003
1547.922500,1.2130E-003,1547.922500,1.2130E-003
1547.925000,1.2120E-003,1547.925000,1.2120E-003
1547.927500,1.2910E-003,1547.927500,1.2910E-003
1547.930000,1.3900E-003,1547.930000,1.3900E-003
1547.932500,1.4870E-003,1547.932500,1.4870E-003
1547.935000,1.5580E-003,1547.935000,1.5580E-003
1547.937500,1.6310E-003,1547.937500,1.6310E-003
1547.940000,1.6910E-003,1547.940000,1.6910E-003
1547.942500,1.7600E-003,1547.942500,1.7600E-003
1547.945000,1.8360E-003,1547.945000,1.8360E-003
1547.947500,1.9330E-003,1547.947500,1.9330E-003
1547.950000,1.9370E-003,1547.950000,1.9370E-003
1547.952500,2.0000E-003,1547.952500,2.0000E-003
1547.955000,2.0800E-003,1547.955000,2.0800E-003
1547.957500,2.1520E-003,1547.957500,2.1520E-003
1547.960000,2.2240E-003,1547.960000,2.2240E-003
1547.962500,2.2940E-003,1547.962500,2.2940E-003
1547.965000,2.3560E-003,1547.965000,2.3560E-003
1547.967500,2.4280E-003,1547.967500,2.4280E-003
1547.970000,2.4800E-003,1547.970000,2.4800E-003
1547.972500,2.5230E-003,1547.972500,2.5230E-003
1547.975000,2.5710E-003,1547.975000,2.5710E-003
1547.977500,2.6270E-003,1547.977500,2.6270E-003
1547.980000,2.6750E-003,1547.980000,2.6750E-003
1547.982500,2.7250E-003,1547.982500,2.7250E-003
1547.985000,2.7700E-003,1547.985000,2.7700E-003
1547.987500,2.8140E-003,1547.987500,2.8140E-003
1547.990000,2.8360E-003,1547.990000,2.8360E-003
1547.992500,2.8700E-003,1547.992500,2.8700E-003
1547.995000,2.8950E-003,1547.995000,2.8950E-003
1547.997500,2.9220E-003,1547.997500,2.9220E-003
1548.000000,2.9460E-003,1548.000000,2.9460E-003
1548.002500,2.9610E-003,1548.002500,2.9610E-003
1548.005000,2.9760E-003,1548.005000,2.9760E-003
1548.007500,2.9940E-003,1548.007500,2.9940E-003
1548.010000,3.0080E-003,1548.010000,3.0080E-003
1548.012500,3.0260E-003,1548.012500,3.0260E-003
1548.015000,3.0370E-003,1548.015000,3.0370E-003
1548.017500,3.0480E-003,1548.017500,3.0480E-003
1548.020000,3.0510E-003,1548.020000,3.0510E-003
1548.022500,3.0590E-003,1548.022500,3.0590E-003
1548.025000,3.0630E-003,1548.025000,3.0630E-003
1548.027500,3.0790E-003,1548.027500,3.0790E-003
1548.030000,3.0830E-003,1548.030000,3.0830E-003
1548.032500,3.0910E-003,1548.032500,3.0910E-003
1548.035000,3.0910E-003,1548.035000,3.0910E-003
1548.037500,3.0850E-003,1548.037500,3.0850E-003
1548.040000,3.0840E-003,1548.040000,3.0840E-003
1548.042500,3.0810E-003,1548.042500,3.0810E-003
1548.045000,3.0730E-003,1548.045000,3.0730E-003
1548.047500,3.0680E-003,1548.047500,3.0680E-003
1548.050000,3.0630E-003,1548.050000,3.0630E-003
1548.052500,3.0550E-003,1548.052500,3.0550E-003
1548.055000,3.0410E-003,1548.055000,3.0410E-003
1548.057500,3.0310E-003,1548.057500,3.0310E-003
1548.060000,3.0150E-003,1548.060000,3.0150E-003
1548.062500,3.0050E-003,1548.062500,3.0050E-003
1548.065000,2.9870E-003,1548.065000,2.9870E-003
1548.067500,2.9620E-003,1548.067500,2.9620E-003
1548.070000,2.9360E-003,1548.070000,2.9360E-003
1548.072500,2.9000E-003,1548.072500,2.9000E-003
1548.075000,2.8570E-003,1548.075000,2.8570E-003
1548.077500,2.8200E-003,1548.077500,2.8200E-003
1548.080000,2.7870E-003,1548.080000,2.7870E-003
1548.082500,2.7440E-003,1548.082500,2.7440E-003
1548.085000,2.7370E-003,1548.085000,2.7370E-003
1548.087500,2.6880E-003,1548.087500,2.6880E-003
1548.090000,2.6190E-003,1548.090000,2.6190E-003
1548.092500,2.5520E-003,1548.092500,2.5520E-003
1548.095000,2.4980E-003,1548.095000,2.4980E-003
1548.097500,2.4510E-003,1548.097500,2.4510E-003
1548.100000,2.4060E-003,1548.100000,2.4060E-003
1548.102500,2.3350E-003,1548.102500,2.3350E-003
1548.105000,2.2590E-003,1548.105000,2.2590E-003
1548.107500,2.1730E-003,1548.107500,2.1730E-003
1548.110000,2.0980E-003,1548.110000,2.0980E-003
1548.112500,2.0110E-003,1548.112500,2.0110E-003
1548.115000,1.9300E-003,1548.115000,1.9300E-003
1548.117500,1.8310E-003,1548.117500,1.8310E-003
1548.120000,1.8170E-003,1548.120000,1.8170E-003
1548.122500,1.7190E-003,1548.122500,1.7190E-003
1548.125000,1.6070E-003,1548.125000,1.6070E-003
1548.127500,1.5260E-003,1548.127500,1.5260E-003
1548.130000,1.4720E-003,1548.130000,1.4720E-003
1548.132500,1.4030E-003,1548.132500,1.4030E-003
1548.135000,1.3230E-003,1548.135000,1.3230E-003
1548.137500,1.2490E-003,1548.137500,1.2490E-003
1548.140000,1.1890E-003,1548.140000,1.1890E-003
1548.142500,1.1560E-003,1548.142500,1.1560E-003
1548.145000,1.0950E-003,1548.145000,1.0950E-003
1548.147500,1.0210E-003,1548.147500,1.0210E-003
1548.150000,9.5850E-004,1548.150000,9.5850E-004
1548.152500,8.8050E-004,1548.152500,8.8050E-004
1548.155000,8.1420E-004,1548.155000,8.1420E-004
1548.157500,7.5850E-004,1548.157500,7.5850E-004
1548.160000,7.0300E-004,1548.160000,7.0300E-004
1548.162500,6.3180E-004,1548.162500,6.3180E-004
1548.165000,5.6560E-004,1548.165000,5.6560E-004
1548.167500,5.0560E-004,1548.167500,5.0560E-004
1548.170000,4.5960E-004,1548.170000,4.5960E-004
1548.172500,4.1350E-004,1548.172500,4.1350E-004
1548.175000,3.7440E-004,1548.175000,3.7440E-004
1548.177500,3.3050E-004,1548.177500,3.3050E-004
1548.180000,2.9290E-004,1548.180000,2.9290E-004
1548.182500,2.5220E-004,1548.182500,2.5220E-004
1548.185000,2.1900E-004,1548.185000,2.1900E-004
1548.187500,1.9220E-004,1548.187500,1.9220E-004
1548.190000,1.7930E-004,1548.190000,1.7930E-004
1548.192500,1.6090E-004,1548.192500,1.6090E-004
1548.195000,1.4180E-004,1548.195000,1.4180E-004
1548.197500,1.3280E-004,1548.197500,1.3280E-004
1548.200000,1.1950E-004,1548.200000,1.1950E-004
1548.202500,1.0770E-004,1548.202500,1.0770E-004
1548.205000,9.9830E-005,1548.205000,9.9830E-005
1548.207500,9.2270E-005,1548.207500,9.2270E-005
1548.210000,8.6310E-005,1548.210000,8.6310E-005
1548.212500,8.1100E-005,1548.212500,8.1100E-005
1548.215000,7.8030E-005,1548.215000,7.8030E-005
1548.217500,7.4570E-005,1548.217500,7.4570E-005
1548.220000,7.2000E-005,1548.220000,7.2000E-005
1548.222500,6.9530E-005,1548.222500,6.9530E-005
1548.225000,6.7180E-005,1548.225000,6.7180E-005
1548.227500,6.5570E-005,1548.227500,6.5570E-005
1548.230000,6.3730E-005,1548.230000,6.3730E-005
1548.232500,6.1650E-005,1548.232500,6.1650E-005
1548.235000,5.9360E-005,1548.235000,5.9360E-005
1548.237500,5.7000E-005,1548.237500,5.7000E-005
1548.240000,5.5140E-005,1548.240000,5.5140E-005
1548.242500,5.3280E-005,1548.242500,5.3280E-005
1548.245000,5.1730E-005,1548.245000,5.1730E-005
1548.247500,4.9890E-005,1548.247500,4.9890E-005
1548.250000,4.8330E-005,1548.250000,4.8330E-005
1548.252500,4.6790E-005,1548.252500,4.6790E-005
1548.255000,4.5640E-005,1548.255000,4.5640E-005
1548.257500,4.4360E-005,1548.257500,4.4360E-005
1548.260000,4.3410E-005,1548.260000,4.3410E-005
1548.262500,4.2700E-005,1548.262500,4.2700E-005
1548.265000,4.2090E-005,1548.265000,4.2090E-005
1548.267500,4.1530E-005,1548.267500,4.1530E-005
1548.270000,4.1520E-005,1548.270000,4.1520E-005
1548.272500,4.1260E-005,1548.272500,4.1260E-005
1548.275000,4.1050E-005,1548.275000,4.1050E-005
1548.277500,4.1130E-005,1548.277500,4.1130E-005
1548.280000,4.1130E-005,1548.280000,4.1130E-005
1548.282500,4.1210E-005,1548.282500,4.1210E-005
1548.285000,4.1340E-005,1548.285000,4.1340E-005
1548.287500,4.1470E-005,1548.287500,4.1470E-005
1548.290000,4.1730E-005,1548.290000,4.1730E-005
1548.292500,4.1920E-005,1548.292500,4.1920E-005
1548.295000,4.2240E-005,1548.295000,4.2240E-005
1548.297500,4.2570E-005,1548.297500,4.2570E-005
1548.300000,4.2630E-005,1548.300000,4.2630E-005
1548.302500,4.3010E-005,1548.302500,4.3010E-005
1548.305000,4.3240E-005,1548.305000,4.3240E-005
1548.307500,4.3510E-005,1548.307500,4.3510E-005
1548.310000,4.3580E-005,1548.310000,4.3580E-005
1548.312500,4.3800E-005,1548.312500,4.3800E-005
1548.315000,4.3900E-005,1548.315000,4.3900E-005
1548.317500,4.3990E-005,1548.317500,4.3990E-005
1548.320000,4.4020E-005,1548.320000,4.4020E-005
1548.322500,4.4280E-005,1548.322500,4.4280E-005
1548.325000,4.4350E-005,1548.325000,4.4350E-005
1548.327500,4.4650E-005,1548.327500,4.4650E-005
1548.330000,4.4910E-005,1548.330000,4.4910E-005
1548.332500,4.5170E-005,1548.332500,4.5170E-005
1548.335000,4.5110E-005,1548.335000,4.5110E-005
1548.337500,4.5450E-005,1548.337500,4.5450E-005
1548.340000,4.5650E-005,1548.340000,4.5650E-005
1548.342500,4.5940E-005,1548.342500,4.5940E-005
1548.345000,4.5930E-005,1548.345000,4.5930E-005
1548.347500,4.6060E-005,1548.347500,4.6060E-005
1548.350000,4.6240E-005,1548.350000,4.6240E-005
1548.352500,4.6450E-005,1548.352500,4.6450E-005
1548.355000,4.6750E-005,1548.355000,4.6750E-005
1548.357500,4.7100E-005,1548.357500,4.7100E-005
1548.360000,4.7470E-005,1548.360000,4.7470E-005
1548.362500,4.7990E-005,1548.362500,4.7990E-005
1548.365000,4.8270E-005,1548.365000,4.8270E-005
1548.367500,4.8860E-005,1548.367500,4.8860E-005
1548.370000,4.9400E-005,1548.370000,4.9400E-005
1548.372500,5.0090E-005,1548.372500,5.0090E-005
1548.375000,5.0090E-005,1548.375000,5.0090E-005
1548.377500,5.0840E-005,1548.377500,5.0840E-005
1548.380000,5.1630E-005,1548.380000,5.1630E-005
1548.382500,5.2440E-005,1548.382500,5.2440E-005
1548.385000,5.3010E-005,1548.385000,5.3010E-005
1548.387500,5.3520E-005,1548.387500,5.3520E-005
1548.390000,5.4060E-005,1548.390000,5.4060E-005
1548.392500,5.4810E-005,1548.392500,5.4810E-005
1548.395000,5.5630E-005,1548.395000,5.5630E-005
1548.397500,5.7000E-005,1548.397500,5.7000E-005
1548.400000,5.8220E-005,1548.400000,5.8220E-005
1548.402500,5.9750E-005,1548.402500,5.9750E-005
1548.405000,6.1150E-005,1548.405000,6.1150E-005
1548.407500,6.2740E-005,1548.407500,6.2740E-005
1548.410000,6.4030E-005,1548.410000,6.4030E-005
1548.412500,6.5600E-005,1548.412500,6.5600E-005
1548.415000,6.7120E-005,1548.415000,6.7120E-005
1548.417500,6.8790E-005,1548.417500,6.8790E-005
1548.420000,7.0360E-005,1548.420000,7.0360E-005
1548.422500,7.1980E-005,1548.422500,7.1980E-005
1548.425000,7.3210E-005,1548.425000,7.3210E-005
1548.427500,7.5020E-005,1548.427500,7.5020E-005
1548.430000,7.6230E-005,1548.430000,7.6230E-005
1548.432500,7.7920E-005,1548.432500,7.7920E-005
1548.435000,7.9240E-005,1548.435000,7.9240E-005
1548.437500,8.0860E-005,1548.437500,8.0860E-005
1548.440000,8.2000E-005,1548.440000,8.2000E-005
1548.442500,8.3350E-005,1548.442500,8.3350E-005
1548.445000,8.4070E-005,1548.445000,8.4070E-005
1548.447500,8.5000E-005,1548.447500,8.5000E-005
1548.450000,8.5570E-005,1548.450000,8.5570E-005
1548.452500,8.6390E-005,1548.452500,8.6390E-005
1548.455000,8.7110E-005,1548.455000,8.7110E-005
1548.457500,8.7850E-005,1548.457500,8.7850E-005
1548.460000,8.8460E-005,1548.460000,8.8460E-005
1548.462500,8.9360E-005,1548.462500,8.9360E-005
1548.465000,9.0480E-005,1548.465000,9.0480E-005
1548.467500,9.2510E-005,1548.467500,9.2510E-005
1548.470000,9.5200E-005,1548.470000,9.5200E-005
1548.472500,9.8790E-005,1548.472500,9.8790E-005
1548.475000,1.0240E-004,1548.475000,1.0240E-004
1548.477500,1.0780E-004,1548.477500,1.0780E-004
1548.480000,1.1420E-004,1548.480000,1.1420E-004
1548.482500,1.2350E-004,1548.482500,1.2350E-004
1548.485000,1.3390E-004,1548.485000,1.3390E-004
1548.487500,1.4710E-004,1548.487500,1.4710E-004
1548.490000,1.5870E-004,1548.490000,1.5870E-004
1548.492500,1.7880E-004,1548.492500,1.7880E-004
1548.495000,1.9390E-004,1548.495000,1.9390E-004
1548.497500,2.1840E-004,1548.497500,2.1840E-004
1548.500000,2.4490E-004,1548.500000,2.4490E-004
1548.502500,2.7850E-004,1548.502500,2.7850E-004
1548.505000,3.1350E-004,1548.505000,3.1350E-004
1548.507500,3.5450E-004,1548.507500,3.5450E-004
1548.510000,3.9450E-004,1548.510000,3.9450E-004
1548.512500,4.5320E-004,1548.512500,4.5320E-004
1548.515000,5.1330E-004,1548.515000,5.1330E-004
1548.517500,5.7560E-004,1548.517500,5.7560E-004
1548.520000,6.2810E-004,1548.520000,6.2810E-004
1548.522500,6.9230E-004,1548.522500,6.9230E-004
1548.525000,7.5650E-004,1548.525000,7.5650E-004
1548.527500,8.1980E-004,1548.527500,8.1980E-004
1548.530000,8.9950E-004,1548.530000,8.9950E-004
1548.532500,1.0150E-003,1548.532500,1.0150E-003
1548.535000,1.1190E-003,1548.535000,1.1190E-003
1548.537500,1.2300E-003,1548.537500,1.2300E-003
1548.540000,1.3100E-003,1548.540000,1.3100E-003
1548.542500,1.4210E-003,1548.542500,1.4210E-003
1548.545000,1.5350E-003,1548.545000,1.5350E-003
1548.547500,1.6560E-003,1548.547500,1.6560E-003
1548.550000,1.6530E-003,1548.550000,1.6530E-003
1548.552500,1.7970E-003,1548.552500,1.7970E-003
1548.555000,1.9470E-003,1548.555000,1.9470E-003
1548.557500,2.0520E-003,1548.557500,2.0520E-003
1548.560000,2.1490E-003,1548.560000,2.1490E-003
1548.562500,2.2390E-003,1548.562500,2.2390E-003
1548.565000,2.3370E-003,1548.565000,2.3370E-003
1548.567500,2.4440E-003,1548.567500,2.4440E-003
1548.570000,2.5430E-003,1548.570000,2.5430E-003
1548.572500,2.6890E-003,1548.572500,2.6890E-003
1548.575000,2.8170E-003,1548.575000,2.8170E-003
1548.577500,2.9390E-003,1548.577500,2.9390E-003
1548.580000,3.0420E-003,1548.580000,3.0420E-003
1548.582500,3.1590E-003,1548.582500,3.1590E-003
1548.585000,3.2810E-003,1548.585000,3.2810E-003
1548.587500,3.4090E-003,1548.587500,3.4090E-003
1548.590000,3.4960E-003,1548.590000,3.4960E-003
1548.592500,3.6090E-003,1548.592500,3.6090E-003
1548.595000,3.7130E-003,1548.595000,3.7130E-003
1548.597500,3.8110E-003,1548.597500,3.8110E-003
1548.600000,3.8990E-003,1548.600000,3.8990E-003
1548.602500,3.9950E-003,1548.602500,3.9950E-003
1548.605000,4.0660E-003,1548.605000,4.0660E-003
1548.607500,4.1550E-003,1548.607500,4.1550E-003
1548.610000,4.2270E-003,1548.610000,4.2270E-003
1548.612500,4.3020E-003,1548.612500,4.3020E-003
1548.615000,4.3530E-003,1548.615000,4.3530E-003
1548.617500,4.4200E-003,1548.617500,4.4200E-003
1548.620000,4.4660E-003,1548.620000,4.4660E-003
1548.622500,4.5180E-003,1548.622500,4.5180E-003
1548.625000,4.5630E-003,1548.625000,4.5630E-003
1548.627500,4.6100E-003,1548.627500,4.6100E-003
1548.630000,4.6480E-003,1548.630000,4.6480E-003
1548.632500,4.6830E-003,1548.632500,4.6830E-003
1548.635000,4.7180E-003,1548.635000,4.7180E-003
1548.637500,4.7480E-003,1548.637500,4.7480E-003
1548.640000,4.7780E-003,1548.640000,4.7780E-003
1548.642500,4.8050E-003,1548.642500,4.8050E-003
1548.645000,4.8310E-003,1548.645000,4.8310E-003
1548.647500,4.8480E-003,1548.647500,4.8480E-003
1548.650000,4.8560E-003,1548.650000,4.8560E-003
1548.652500,4.8900E-003,1548.652500,4.8900E-003
1548.655000,4.8960E-003,1548.655000,4.8960E-003
1548.657500,4.8920E-003,1548.657500,4.8920E-003
1548.660000,4.9020E-003,1548.660000,4.9020E-003
1548.662500,4.9180E-003,1548.662500,4.9180E-003
1548.665000,4.9150E-003,1548.665000,4.9150E-003
1548.667500,4.9210E-003,1548.667500,4.9210E-003
1548.670000,4.9220E-003,1548.670000,4.9220E-003
1548.672500,4.9110E-003,1548.672500,4.9110E-003
1548.675000,4.9030E-003,1548.675000,4.9030E-003
1548.677500,4.9100E-003,1548.677500,4.9100E-003
1548.680000,4.8940E-003,1548.680000,4.8940E-003
1548.682500,4.8840E-003,1548.682500,4.8840E-003
1548.685000,4.8640E-003,1548.685000,4.8640E-003
1548.687500,4.8510E-003,1548.687500,4.8510E-003
1548.690000,4.8240E-003,1548.690000,4.8240E-003
1548.692500,4.7970E-003,1548.692500,4.7970E-003
1548.695000,4.7680E-003,1548.695000,4.7680E-003
1548.697500,4.7390E-003,1548.697500,4.7390E-003
1548.700000,4.7190E-003,1548.700000,4.7190E-003
1548.702500,4.6720E-003,1548.702500,4.6720E-003
1548.705000,4.6240E-003,1548.705000,4.6240E-003
1548.707500,4.5680E-003,1548.707500,4.5680E-003
1548.710000,4.5270E-003,1548.710000,4.5270E-003
1548.712500,4.4700E-003,1548.712500,4.4700E-003
1548.715000,4.4030E-003,1548.715000,4.4030E-003
1548.717500,4.3290E-003,1548.717500,4.3290E-003
1548.720000,4.2520E-003,1548.720000,4.2520E-003
1548.722500,4.1700E-003,1548.722500,4.1700E-003
1548.725000,4.0960E-003,1548.725000,4.0960E-003
1548.727500,4.0230E-003,1548.727500,4.0230E-003
1548.730000,3.9380E-003,1548.730000,3.9380E-003
1548.732500,3.8410E-003,1548.732500,3.8410E-003
1548.735000,3.7460E-003,1548.735000,3.7460E-003
1548.737500,3.6050E-003,1548.737500,3.6050E-003
1548.740000,3.4740E-003,1548.740000,3.4740E-003
1548.742500,3.3610E-003,1548.742500,3.3610E-003
1548.745000,3.2500E-003,1548.745000,3.2500E-003
1548.747500,3.1020E-003,1548.747500,3.1020E-003
1548.750000,2.9900E-003,1548.750000,2.9900E-003
1548.752500,2.8580E-003,1548.752500,2.8580E-003
1548.755000,2.7250E-003,1548.755000,2.7250E-003
1548.757500,2.5990E-003,1548.757500,2.5990E-003
1548.760000,2.5660E-003,1548.760000,2.5660E-003
1548.762500,2.4130E-003,1548.762500,2.4130E-003
1548.765000,2.2660E-003,1548.765000,2.2660E-003
1548.767500,2.1380E-003,1548.767500,2.1380E-003
1548.770000,2.0250E-003,1548.770000,2.0250E-003
1548.772500,1.9170E-003,1548.772500,1.9170E-003
1548.775000,1.8250E-003,1548.775000,1.8250E-003
1548.777500,1.7150E-003,1548.777500,1.7150E-003
1548.780000,1.6030E-003,1548.780000,1.6030E-003
1548.782500,1.4760E-003,1548.782500,1.4760E-003
1548.785000,1.3640E-003,1548.785000,1.3640E-003
1548.787500,1.2610E-003,1548.787500,1.2610E-003
1548.790000,1.1700E-003,1548.790000,1.1700E-003
1548.792500,1.1470E-003,1548.792500,1.1470E-003
1548.795000,1.0480E-003,1548.795000,1.0480E-003
1548.797500,9.4840E-004,1548.797500,9.4840E-004
1548.800000,8.6640E-004,1548.800000,8.6640E-004
1548.802500,7.6780E-004,1548.802500,7.6780E-004
1548.805000,6.7570E-004,1548.805000,6.7570E-004
1548.807500,5.8610E-004,1548.807500,5.8610E-004
1548.810000,5.1770E-004,1548.810000,5.1770E-004
1548.812500,4.5490E-004,1548.812500,4.5490E-004
1548.815000,3.9770E-004,1548.815000,3.9770E-004
1548.817500,3.3380E-004,1548.817500,3.3380E-004
1548.820000,2.8710E-004,1548.820000,2.8710E-004
1548.822500,2.4900E-004,1548.822500,2.4900E-004
1548.825000,2.4860E-004,1548.825000,2.4860E-004
1548.827500,2.1470E-004,1548.827500,2.1470E-004
1548.830000,1.8470E-004,1548.830000,1.8470E-004
1548.832500,1.5700E-004,1548.832500,1.5700E-004
1548.835000,1.3550E-004,1548.835000,1.3550E-004
1548.837500,1.2040E-004,1548.837500,1.2040E-004
1548.840000,1.1220E-004,1548.840000,1.1220E-004
1548.842500,1.0450E-004,1548.842500,1.0450E-004
1548.845000,9.8860E-005,1548.845000,9.8860E-005
1548.847500,9.1510E-005,1548.847500,9.1510E-005
1548.850000,8.5610E-005,1548.850000,8.5610E-005
1548.852500,8.1000E-005,1548.852500,8.1000E-005
1548.855000,7.8380E-005,1548.855000,7.8380E-005
1548.857500,7.6030E-005,1548.857500,7.6030E-005
1548.860000,7.3570E-005,1548.860000,7.3570E-005
1548.862500,7.0860E-005,1548.862500,7.0860E-005
1548.865000,6.8870E-005,1548.865000,6.8870E-005
1548.867500,6.6660E-005,1548.867500,6.6660E-005
1548.870000,6.4840E-005,1548.870000,6.4840E-005
1548.872500,6.2860E-005,1548.872500,6.2860E-005
1548.875000,6.1540E-005,1548.875000,6.1540E-005
1548.877500,5.9780E-005,1548.877500,5.9780E-005
1548.880000,5.8320E-005,1548.880000,5.8320E-005
1548.882500,5.6600E-005,1548.882500,5.6600E-005
1548.885000,5.5180E-005,1548.885000,5.5180E-005
1548.887500,5.4200E-005,1548.887500,5.4200E-005
1548.890000,5.4180E-005,1548.890000,5.4180E-005
1548.892500,5.3000E-005,1548.892500,5.3000E-005
1548.895000,5.2100E-005,1548.895000,5.2100E-005
1548.897500,5.1360E-005,1548.897500,5.1360E-005
1548.900000,5.0790E-005,1548.900000,5.0790E-005
1548.902500,5.0550E-005,1548.902500,5.0550E-005
1548.905000,5.0400E-005,1548.905000,5.0400E-005
1548.907500,5.0290E-005,1548.907500,5.0290E-005
1548.910000,5.0190E-005,1548.910000,5.0190E-005
1548.912500,5.0200E-005,1548.912500,5.0200E-005
1548.915000,5.0460E-005,1548.915000,5.0460E-005
1548.917500,5.0620E-005,1548.917500,5.0620E-005
1548.920000,5.0810E-005,1548.920000,5.0810E-005
1548.922500,5.1180E-005,1548.922500,5.1180E-005
1548.925000,5.1330E-005,1548.925000,5.1330E-005
1548.927500,5.1760E-005,1548.927500,5.1760E-005
1548.930000,5.1720E-005,1548.930000,5.1720E-005
1548.932500,5.2010E-005,1548.932500,5.2010E-005
1548.935000,5.2250E-005,1548.935000,5.2250E-005
1548.937500,5.2420E-005,1548.937500,5.2420E-005
1548.940000,5.2600E-005,1548.940000,5.2600E-005
1548.942500,5.2620E-005,1548.942500,5.2620E-005
1548.945000,5.2660E-005,1548.945000,5.2660E-005
1548.947500,5.2840E-005,1548.947500,5.2840E-005
1548.950000,5.2730E-005,1548.950000,5.2730E-005
1548.952500,5.2690E-005,1548.952500,5.2690E-005
1548.955000,5.2500E-005,1548.955000,5.2500E-005
1548.957500,5.2350E-005,1548.957500,5.2350E-005
1548.960000,5.2090E-005,1548.960000,5.2090E-005
1548.962500,5.1700E-005,1548.962500,5.1700E-005
1548.965000,5.1310E-005,1548.965000,5.1310E-005
1548.967500,5.0870E-005,1548.967500,5.0870E-005
1548.970000,5.0840E-005,1548.970000,5.0840E-005
1548.972500,5.0400E-005,1548.972500,5.0400E-005
1548.975000,4.9830E-005,1548.975000,4.9830E-005
1548.977500,4.9420E-005,1548.977500,4.9420E-005
1548.980000,4.9030E-005,1548.980000,4.9030E-005
1548.982500,4.8590E-005,1548.982500,4.8590E-005
1548.985000,4.8140E-005,1548.985000,4.8140E-005
1548.987500,4.7790E-005,1548.987500,4.7790E-005
1548.990000,4.7460E-005,1548.990000,4.7460E-005
1548.992500,4.7180E-005,1548.992500,4.7180E-005
1548.995000,4.6790E-005,1548.995000,4.6790E-005
1548.997500,4.6550E-005,1548.997500,4.6550E-005
1549.000000,4.6170E-005,1549.000000,4.6170E-005
1549.002500,4.5890E-005,1549.002500,4.5890E-005
1549.005000,4.5760E-005,1549.005000,4.5760E-005
1549.007500,4.5660E-005,1549.007500,4.5660E-005
1549.010000,4.5650E-005,1549.010000,4.5650E-005
1549.012500,4.5630E-005,1549.012500,4.5630E-005
1549.015000,4.5790E-005,1549.015000,4.5790E-005
1549.017500,4.5910E-005,1549.017500,4.5910E-005
1549.020000,4.5960E-005,1549.020000,4.5960E-005
1549.022500,4.6100E-005,1549.022500,4.6100E-005
1549.025000,4.6220E-005,1549.025000,4.6220E-005
1549.027500,4.6510E-005,1549.027500,4.6510E-005
1549.030000,4.6880E-005,1549.030000,4.6880E-005
1549.032500,4.7260E-005,1549.032500,4.7260E-005
1549.035000,4.7540E-005,1549.035000,4.7540E-005
1549.037500,4.8040E-005,1549.037500,4.8040E-005
1549.040000,4.8580E-005,1549.040000,4.8580E-005
1549.042500,4.9220E-005,1549.042500,4.9220E-005
1549.045000,4.9180E-005,1549.045000,4.9180E-005
1549.047500,4.9810E-005,1549.047500,4.9810E-005
1549.050000,5.0420E-005,1549.050000,5.0420E-005
1549.052500,5.1120E-005,1549.052500,5.1120E-005
1549.055000,5.1460E-005,1549.055000,5.1460E-005
1549.057500,5.2200E-005,1549.057500,5.2200E-005
1549.060000,5.2660E-005,1549.060000,5.2660E-005
1549.062500,5.3080E-005,1549.062500,5.3080E-005
1549.065000,5.3500E-005,1549.065000,5.3500E-005
1549.067500,5.4210E-005,1549.067500,5.4210E-005
1549.070000,5.4790E-005,1549.070000,5.4790E-005
1549.072500,5.5290E-005,1549.072500,5.5290E-005
1549.075000,5.5710E-005,1549.075000,5.5710E-005
1549.077500,5.6060E-005,1549.077500,5.6060E-005
1549.080000,5.6580E-005,1549.080000,5.6580E-005
1549.082500,5.6810E-005,1549.082500,5.6810E-005
1549.085000,5.7000E-005,1549.085000,5.7000E-005
1549.087500,5.7310E-005,1549.087500,5.7310E-005
1549.090000,5.7560E-005,1549.090000,5.7560E-005
1549.092500,5.7750E-005,1549.092500,5.7750E-005
1549.095000,5.7680E-005,1549.095000,5.7680E-005
1549.097500,5.7870E-005,1549.097500,5.7870E-005
1549.100000,5.7910E-005,1549.100000,5.7910E-005
1549.102500,5.8110E-005,1549.102500,5.8110E-005
1549.105000,5.8100E-005,1549.105000,5.8100E-005
1549.107500,5.7940E-005,1549.107500,5.7940E-005
1549.110000,5.7900E-005,1549.110000,5.7900E-005
1549.112500,5.7720E-005,1549.112500,5.7720E-005
1549.115000,5.7620E-005,1549.115000,5.7620E-005
1549.117500,5.7300E-005,1549.117500,5.7300E-005
1549.120000,5.7360E-005,1549.120000,5.7360E-005
