File,WaveData20200721_000.csv,
Date/Time,20-07-21/15:11,

Trace,A
Center Wavelength,1546.5,nm
Span Wavelength,5,nm
Start Wavelength,1544,nm
Stop Wavelength,1549,nm
Value In Air/Vacuum,Vacuum,
Optical Attenuater,Off,
Resolution,0.1,nm
Actual Resolution,0.096,nm
VBW,1000,Hz
Point Average,Off,
Sweep Average,15,
Smooth,5,pt
Sampling Points,501,pt
Trace Type,Write,
Trace Storage Mode,Off,
Trace Calculate Trace 1,-,
Trace Calculate Trace 2,-,
Dynamic Range,Normal,
Ext-Trigger,Off,
Interval Time,Off,
MM Mode,Off,
Start,1544,nm
Stop,1549,nm
Trace,B
Center Wavelength,1546.5,nm
Span Wavelength,5,nm
Start Wavelength,1544,nm
Stop Wavelength,1549,nm
Value In Air/Vacuum,Vacuum,
Optical Attenuater,Off,
Resolution,0.1,nm
Actual Resolution,0.096,nm
VBW,1000,Hz
Point Average,Off,
Sweep Average,15,
Smooth,5,pt
Sampling Points,501,pt
Trace Type,Write,
Trace Storage Mode,Off,
Trace Calculate Trace 1,-,
Trace Calculate Trace 2,-,
Dynamic Range,Normal,
Ext-Trigger,Off,
Interval Time,Off,
MM Mode,Off,
Start,1544,nm
Stop,1549,nm
Trace,C
Center Wavelength,1537.97,nm
Span Wavelength,2,nm
Start Wavelength,1536.97,nm
Stop Wavelength,1538.97,nm
Value In Air/Vacuum,Air,
Optical Attenuater,Off,
Resolution,0.03,nm
Actual Resolution,0.031,nm
VBW,1000,Hz
Point Average,Off,
Sweep Average,1,
Smooth,Off,
Sampling Points,501,pt
Trace Type,Fix,
Trace Storage Mode,Off,
Trace Calculate Trace 1,-,
Trace Calculate Trace 2,-,
Dynamic Range,Normal,
Ext-Trigger,Off,
Interval Time,Off,
MM Mode,Off,

Wavelength(A),Level(A),Wavelength(B),Level(B)
1544.000000,1.6740E-005,1544.000000,1.6740E-005
1544.010000,1.6340E-005,1544.010000,1.6340E-005
1544.020000,1.5660E-005,1544.020000,1.5660E-005
1544.030000,1.6010E-005,1544.030000,1.6010E-005
1544.040000,1.6620E-005,1544.040000,1.6620E-005
1544.050000,1.6070E-005,1544.050000,1.6070E-005
1544.060000,1.5560E-005,1544.060000,1.5560E-005
1544.070000,1.6250E-005,1544.070000,1.6250E-005
1544.080000,1.6410E-005,1544.080000,1.6410E-005
1544.090000,1.5690E-005,1544.090000,1.5690E-005
1544.100000,1.5640E-005,1544.100000,1.5640E-005
1544.110000,1.6420E-005,1544.110000,1.6420E-005
1544.120000,1.6280E-005,1544.120000,1.6280E-005
1544.130000,1.5510E-005,1544.130000,1.5510E-005
1544.140000,1.5790E-005,1544.140000,1.5790E-005
1544.150000,1.6400E-005,1544.150000,1.6400E-005
1544.160000,1.5980E-005,1544.160000,1.5980E-005
1544.170000,1.5370E-005,1544.170000,1.5370E-005
1544.180000,1.5920E-005,1544.180000,1.5920E-005
1544.190000,1.6300E-005,1544.190000,1.6300E-005
1544.200000,1.5570E-005,1544.200000,1.5570E-005
1544.210000,1.5310E-005,1544.210000,1.5310E-005
1544.220000,1.5920E-005,1544.220000,1.5920E-005
1544.230000,1.6000E-005,1544.230000,1.6000E-005
1544.240000,1.5170E-005,1544.240000,1.5170E-005
1544.250000,1.5260E-005,1544.250000,1.5260E-005
1544.260000,1.5970E-005,1544.260000,1.5970E-005
1544.270000,1.5730E-005,1544.270000,1.5730E-005
1544.280000,1.5040E-005,1544.280000,1.5040E-005
1544.290000,1.5430E-005,1544.290000,1.5430E-005
1544.300000,1.5990E-005,1544.300000,1.5990E-005
1544.310000,1.5460E-005,1544.310000,1.5460E-005
1544.320000,1.5010E-005,1544.320000,1.5010E-005
1544.330000,1.5560E-005,1544.330000,1.5560E-005
1544.340000,1.5980E-005,1544.340000,1.5980E-005
1544.350000,1.5240E-005,1544.350000,1.5240E-005
1544.360000,1.5010E-005,1544.360000,1.5010E-005
1544.370000,1.5700E-005,1544.370000,1.5700E-005
1544.380000,1.5710E-005,1544.380000,1.5710E-005
1544.390000,1.5020E-005,1544.390000,1.5020E-005
1544.400000,1.5280E-005,1544.400000,1.5280E-005
1544.410000,1.5860E-005,1544.410000,1.5860E-005
1544.420000,1.5470E-005,1544.420000,1.5470E-005
1544.430000,1.4880E-005,1544.430000,1.4880E-005
1544.440000,1.5430E-005,1544.440000,1.5430E-005
1544.450000,1.5780E-005,1544.450000,1.5780E-005
1544.460000,1.5180E-005,1544.460000,1.5180E-005
1544.470000,1.4740E-005,1544.470000,1.4740E-005
1544.480000,1.5360E-005,1544.480000,1.5360E-005
1544.490000,1.5620E-005,1544.490000,1.5620E-005
1544.500000,1.4880E-005,1544.500000,1.4880E-005
1544.510000,1.4860E-005,1544.510000,1.4860E-005
1544.520000,1.5610E-005,1544.520000,1.5610E-005
1544.530000,1.5520E-005,1544.530000,1.5520E-005
1544.540000,1.4790E-005,1544.540000,1.4790E-005
1544.550000,1.5010E-005,1544.550000,1.5010E-005
1544.560000,1.5620E-005,1544.560000,1.5620E-005
1544.570000,1.5130E-005,1544.570000,1.5130E-005
1544.580000,1.4670E-005,1544.580000,1.4670E-005
1544.590000,1.5310E-005,1544.590000,1.5310E-005
1544.600000,1.5610E-005,1544.600000,1.5610E-005
1544.610000,1.4890E-005,1544.610000,1.4890E-005
1544.620000,1.4740E-005,1544.620000,1.4740E-005
1544.630000,1.5520E-005,1544.630000,1.5520E-005
1544.640000,1.5450E-005,1544.640000,1.5450E-005
1544.650000,1.4800E-005,1544.650000,1.4800E-005
1544.660000,1.4860E-005,1544.660000,1.4860E-005
1544.670000,1.5550E-005,1544.670000,1.5550E-005
1544.680000,1.5280E-005,1544.680000,1.5280E-005
1544.690000,1.4630E-005,1544.690000,1.4630E-005
1544.700000,1.5090E-005,1544.700000,1.5090E-005
1544.710000,1.5580E-005,1544.710000,1.5580E-005
1544.720000,1.5020E-005,1544.720000,1.5020E-005
1544.730000,1.4610E-005,1544.730000,1.4610E-005
1544.740000,1.5250E-005,1544.740000,1.5250E-005
1544.750000,1.5480E-005,1544.750000,1.5480E-005
1544.760000,1.4680E-005,1544.760000,1.4680E-005
1544.770000,1.4690E-005,1544.770000,1.4690E-005
1544.780000,1.5420E-005,1544.780000,1.5420E-005
1544.790000,1.5110E-005,1544.790000,1.5110E-005
1544.800000,1.4530E-005,1544.800000,1.4530E-005
1544.810000,1.4950E-005,1544.810000,1.4950E-005
1544.820000,1.5450E-005,1544.820000,1.5450E-005
1544.830000,1.4960E-005,1544.830000,1.4960E-005
1544.840000,1.4490E-005,1544.840000,1.4490E-005
1544.850000,1.5170E-005,1544.850000,1.5170E-005
1544.860000,1.5540E-005,1544.860000,1.5540E-005
1544.870000,1.4890E-005,1544.870000,1.4890E-005
1544.880000,1.4690E-005,1544.880000,1.4690E-005
1544.890000,1.5450E-005,1544.890000,1.5450E-005
1544.900000,1.5180E-005,1544.900000,1.5180E-005
1544.910000,1.4620E-005,1544.910000,1.4620E-005
1544.920000,1.4840E-005,1544.920000,1.4840E-005
1544.930000,1.5520E-005,1544.930000,1.5520E-005
1544.940000,1.5250E-005,1544.940000,1.5250E-005
1544.950000,1.4520E-005,1544.950000,1.4520E-005
1544.960000,1.5030E-005,1544.960000,1.5030E-005
1544.970000,1.5520E-005,1544.970000,1.5520E-005
1544.980000,1.4880E-005,1544.980000,1.4880E-005
1544.990000,1.4600E-005,1544.990000,1.4600E-005
1545.000000,1.5280E-005,1545.000000,1.5280E-005
1545.010000,1.5480E-005,1545.010000,1.5480E-005
1545.020000,1.4800E-005,1545.020000,1.4800E-005
1545.030000,1.4800E-005,1545.030000,1.4800E-005
1545.040000,1.5480E-005,1545.040000,1.5480E-005
1545.050000,1.5370E-005,1545.050000,1.5370E-005
1545.060000,1.4680E-005,1545.060000,1.4680E-005
1545.070000,1.4940E-005,1545.070000,1.4940E-005
1545.080000,1.5610E-005,1545.080000,1.5610E-005
1545.090000,1.5220E-005,1545.090000,1.5220E-005
1545.100000,1.4670E-005,1545.100000,1.4670E-005
1545.110000,1.5270E-005,1545.110000,1.5270E-005
1545.120000,1.5590E-005,1545.120000,1.5590E-005
1545.130000,1.4900E-005,1545.130000,1.4900E-005
1545.140000,1.4680E-005,1545.140000,1.4680E-005
1545.150000,1.5490E-005,1545.150000,1.5490E-005
1545.160000,1.5430E-005,1545.160000,1.5430E-005
1545.170000,1.4800E-005,1545.170000,1.4800E-005
1545.180000,1.4910E-005,1545.180000,1.4910E-005
1545.190000,1.5620E-005,1545.190000,1.5620E-005
1545.200000,1.5340E-005,1545.200000,1.5340E-005
1545.210000,1.4680E-005,1545.210000,1.4680E-005
1545.220000,1.5150E-005,1545.220000,1.5150E-005
1545.230000,1.5680E-005,1545.230000,1.5680E-005
1545.240000,1.5100E-005,1545.240000,1.5100E-005
1545.250000,1.4720E-005,1545.250000,1.4720E-005
1545.260000,1.5420E-005,1545.260000,1.5420E-005
1545.270000,1.5580E-005,1545.270000,1.5580E-005
1545.280000,1.4790E-005,1545.280000,1.4790E-005
1545.290000,1.4830E-005,1545.290000,1.4830E-005
1545.300000,1.5570E-005,1545.300000,1.5570E-005
1545.310000,1.5420E-005,1545.310000,1.5420E-005
1545.320000,1.4690E-005,1545.320000,1.4690E-005
1545.330000,1.5030E-005,1545.330000,1.5030E-005
1545.340000,1.5610E-005,1545.340000,1.5610E-005
1545.350000,1.5160E-005,1545.350000,1.5160E-005
1545.360000,1.4680E-005,1545.360000,1.4680E-005
1545.370000,1.5340E-005,1545.370000,1.5340E-005
1545.380000,1.5620E-005,1545.380000,1.5620E-005
1545.390000,1.4880E-005,1545.390000,1.4880E-005
1545.400000,1.4830E-005,1545.400000,1.4830E-005
1545.410000,1.5570E-005,1545.410000,1.5570E-005
1545.420000,1.5540E-005,1545.420000,1.5540E-005
1545.430000,1.4820E-005,1545.430000,1.4820E-005
1545.440000,1.4950E-005,1545.440000,1.4950E-005
1545.450000,1.5660E-005,1545.450000,1.5660E-005
1545.460000,1.5320E-005,1545.460000,1.5320E-005
1545.470000,1.4670E-005,1545.470000,1.4670E-005
1545.480000,1.5140E-005,1545.480000,1.5140E-005
1545.490000,1.5610E-005,1545.490000,1.5610E-005
1545.500000,1.5000E-005,1545.500000,1.5000E-005
1545.510000,1.4660E-005,1545.510000,1.4660E-005
1545.520000,1.5270E-005,1545.520000,1.5270E-005
1545.530000,1.5470E-005,1545.530000,1.5470E-005
1545.540000,1.4700E-005,1545.540000,1.4700E-005
1545.550000,1.4740E-005,1545.550000,1.4740E-005
1545.560000,1.5470E-005,1545.560000,1.5470E-005
1545.570000,1.5210E-005,1545.570000,1.5210E-005
1545.580000,1.4570E-005,1545.580000,1.4570E-005
1545.590000,1.4910E-005,1545.590000,1.4910E-005
1545.600000,1.5520E-005,1545.600000,1.5520E-005
1545.610000,1.5020E-005,1545.610000,1.5020E-005
1545.620000,1.4590E-005,1545.620000,1.4590E-005
1545.630000,1.5210E-005,1545.630000,1.5210E-005
1545.640000,1.5520E-005,1545.640000,1.5520E-005
1545.650000,1.4820E-005,1545.650000,1.4820E-005
1545.660000,1.4680E-005,1545.660000,1.4680E-005
1545.670000,1.5420E-005,1545.670000,1.5420E-005
1545.680000,1.5310E-005,1545.680000,1.5310E-005
1545.690000,1.4660E-005,1545.690000,1.4660E-005
1545.700000,1.4840E-005,1545.700000,1.4840E-005
1545.710000,1.5520E-005,1545.710000,1.5520E-005
1545.720000,1.5130E-005,1545.720000,1.5130E-005
1545.730000,1.4480E-005,1545.730000,1.4480E-005
1545.740000,1.5030E-005,1545.740000,1.5030E-005
1545.750000,1.5430E-005,1545.750000,1.5430E-005
1545.760000,1.4760E-005,1545.760000,1.4760E-005
1545.770000,1.4460E-005,1545.770000,1.4460E-005
1545.780000,1.5210E-005,1545.780000,1.5210E-005
1545.790000,1.5230E-005,1545.790000,1.5230E-005
1545.800000,1.4460E-005,1545.800000,1.4460E-005
1545.810000,1.4610E-005,1545.810000,1.4610E-005
1545.820000,1.5240E-005,1545.820000,1.5240E-005
1545.830000,1.5070E-005,1545.830000,1.5070E-005
1545.840000,1.4420E-005,1545.840000,1.4420E-005
1545.850000,1.4730E-005,1545.850000,1.4730E-005
1545.860000,1.5350E-005,1545.860000,1.5350E-005
1545.870000,1.4820E-005,1545.870000,1.4820E-005
1545.880000,1.4360E-005,1545.880000,1.4360E-005
1545.890000,1.4950E-005,1545.890000,1.4950E-005
1545.900000,1.5280E-005,1545.900000,1.5280E-005
1545.910000,1.4520E-005,1545.910000,1.4520E-005
1545.920000,1.4420E-005,1545.920000,1.4420E-005
1545.930000,1.5210E-005,1545.930000,1.5210E-005
1545.940000,1.5110E-005,1545.940000,1.5110E-005
1545.950000,1.4350E-005,1545.950000,1.4350E-005
1545.960000,1.4600E-005,1545.960000,1.4600E-005
1545.970000,1.5180E-005,1545.970000,1.5180E-005
1545.980000,1.4810E-005,1545.980000,1.4810E-005
1545.990000,1.4230E-005,1545.990000,1.4230E-005
1546.000000,1.4740E-005,1546.000000,1.4740E-005
1546.010000,1.5090E-005,1546.010000,1.5090E-005
1546.020000,1.4420E-005,1546.020000,1.4420E-005
1546.030000,1.4180E-005,1546.030000,1.4180E-005
1546.040000,1.4770E-005,1546.040000,1.4770E-005
1546.050000,1.4880E-005,1546.050000,1.4880E-005
1546.060000,1.4200E-005,1546.060000,1.4200E-005
1546.070000,1.4230E-005,1546.070000,1.4230E-005
1546.080000,1.4930E-005,1546.080000,1.4930E-005
1546.090000,1.4680E-005,1546.090000,1.4680E-005
1546.100000,1.3990E-005,1546.100000,1.3990E-005
1546.110000,1.4470E-005,1546.110000,1.4470E-005
1546.120000,1.5000E-005,1546.120000,1.5000E-005
1546.130000,1.4450E-005,1546.130000,1.4450E-005
1546.140000,1.4050E-005,1546.140000,1.4050E-005
1546.150000,1.4630E-005,1546.150000,1.4630E-005
1546.160000,1.4870E-005,1546.160000,1.4870E-005
1546.170000,1.4200E-005,1546.170000,1.4200E-005
1546.180000,1.4070E-005,1546.180000,1.4070E-005
1546.190000,1.4750E-005,1546.190000,1.4750E-005
1546.200000,1.4730E-005,1546.200000,1.4730E-005
1546.210000,1.3980E-005,1546.210000,1.3980E-005
1546.220000,1.4130E-005,1546.220000,1.4130E-005
1546.230000,1.4800E-005,1546.230000,1.4800E-005
1546.240000,1.4400E-005,1546.240000,1.4400E-005
1546.250000,1.3840E-005,1546.250000,1.3840E-005
1546.260000,1.4260E-005,1546.260000,1.4260E-005
1546.270000,1.4670E-005,1546.270000,1.4670E-005
1546.280000,1.4070E-005,1546.280000,1.4070E-005
1546.290000,1.3770E-005,1546.290000,1.3770E-005
1546.300000,1.4390E-005,1546.300000,1.4390E-005
1546.310000,1.4510E-005,1546.310000,1.4510E-005
1546.320000,1.3880E-005,1546.320000,1.3880E-005
1546.330000,1.3920E-005,1546.330000,1.3920E-005
1546.340000,1.4530E-005,1546.340000,1.4530E-005
1546.350000,1.4390E-005,1546.350000,1.4390E-005
1546.360000,1.3660E-005,1546.360000,1.3660E-005
1546.370000,1.4000E-005,1546.370000,1.4000E-005
1546.380000,1.4580E-005,1546.380000,1.4580E-005
1546.390000,1.4050E-005,1546.390000,1.4050E-005
1546.400000,1.3570E-005,1546.400000,1.3570E-005
1546.410000,1.4190E-005,1546.410000,1.4190E-005
1546.420000,1.4480E-005,1546.420000,1.4480E-005
1546.430000,1.3840E-005,1546.430000,1.3840E-005
1546.440000,1.3650E-005,1546.440000,1.3650E-005
1546.450000,1.4260E-005,1546.450000,1.4260E-005
1546.460000,1.4250E-005,1546.460000,1.4250E-005
1546.470000,1.3550E-005,1546.470000,1.3550E-005
1546.480000,1.3850E-005,1546.480000,1.3850E-005
1546.490000,1.4420E-005,1546.490000,1.4420E-005
1546.500000,1.4000E-005,1546.500000,1.4000E-005
1546.510000,1.3470E-005,1546.510000,1.3470E-005
1546.520000,1.3980E-005,1546.520000,1.3980E-005
1546.530000,1.4360E-005,1546.530000,1.4360E-005
1546.540000,1.3720E-005,1546.540000,1.3720E-005
1546.550000,1.3430E-005,1546.550000,1.3430E-005
1546.560000,1.4090E-005,1546.560000,1.4090E-005
1546.570000,1.4060E-005,1546.570000,1.4060E-005
1546.580000,1.3430E-005,1546.580000,1.3430E-005
1546.590000,1.3430E-005,1546.590000,1.3430E-005
1546.600000,1.4090E-005,1546.600000,1.4090E-005
1546.610000,1.3880E-005,1546.610000,1.3880E-005
1546.620000,1.3270E-005,1546.620000,1.3270E-005
1546.630000,1.3500E-005,1546.630000,1.3500E-005
1546.640000,1.4050E-005,1546.640000,1.4050E-005
1546.650000,1.3740E-005,1546.650000,1.3740E-005
1546.660000,1.3160E-005,1546.660000,1.3160E-005
1546.670000,1.3650E-005,1546.670000,1.3650E-005
1546.680000,1.3990E-005,1546.680000,1.3990E-005
1546.690000,1.3520E-005,1546.690000,1.3520E-005
1546.700000,1.3200E-005,1546.700000,1.3200E-005
1546.710000,1.3870E-005,1546.710000,1.3870E-005
1546.720000,1.3980E-005,1546.720000,1.3980E-005
1546.730000,1.3330E-005,1546.730000,1.3330E-005
1546.740000,1.3250E-005,1546.740000,1.3250E-005
1546.750000,1.3950E-005,1546.750000,1.3950E-005
1546.760000,1.3820E-005,1546.760000,1.3820E-005
1546.770000,1.3160E-005,1546.770000,1.3160E-005
1546.780000,1.3370E-005,1546.780000,1.3370E-005
1546.790000,1.3970E-005,1546.790000,1.3970E-005
1546.800000,1.3470E-005,1546.800000,1.3470E-005
1546.810000,1.3050E-005,1546.810000,1.3050E-005
1546.820000,1.3430E-005,1546.820000,1.3430E-005
1546.830000,1.3850E-005,1546.830000,1.3850E-005
1546.840000,1.3300E-005,1546.840000,1.3300E-005
1546.850000,1.2980E-005,1546.850000,1.2980E-005
1546.860000,1.3530E-005,1546.860000,1.3530E-005
1546.870000,1.3700E-005,1546.870000,1.3700E-005
1546.880000,1.2990E-005,1546.880000,1.2990E-005
1546.890000,1.3070E-005,1546.890000,1.3070E-005
1546.900000,1.3680E-005,1546.900000,1.3680E-005
1546.910000,1.3590E-005,1546.910000,1.3590E-005
1546.920000,1.2980E-005,1546.920000,1.2980E-005
1546.930000,1.3200E-005,1546.930000,1.3200E-005
1546.940000,1.3770E-005,1546.940000,1.3770E-005
1546.950000,1.3350E-005,1546.950000,1.3350E-005
1546.960000,1.2860E-005,1546.960000,1.2860E-005
1546.970000,1.3400E-005,1546.970000,1.3400E-005
1546.980000,1.3770E-005,1546.980000,1.3770E-005
1546.990000,1.3110E-005,1546.990000,1.3110E-005
1547.000000,1.2920E-005,1547.000000,1.2920E-005
1547.010000,1.3580E-005,1547.010000,1.3580E-005
1547.020000,1.3590E-005,1547.020000,1.3590E-005
1547.030000,1.2990E-005,1547.030000,1.2990E-005
1547.040000,1.3070E-005,1547.040000,1.3070E-005
1547.050000,1.3640E-005,1547.050000,1.3640E-005
1547.060000,1.3380E-005,1547.060000,1.3380E-005
1547.070000,1.2830E-005,1547.070000,1.2830E-005
1547.080000,1.3140E-005,1547.080000,1.3140E-005
1547.090000,1.3680E-005,1547.090000,1.3680E-005
1547.100000,1.3170E-005,1547.100000,1.3170E-005
1547.110000,1.2800E-005,1547.110000,1.2800E-005
1547.120000,1.3400E-005,1547.120000,1.3400E-005
1547.130000,1.3600E-005,1547.130000,1.3600E-005
1547.140000,1.2950E-005,1547.140000,1.2950E-005
1547.150000,1.2840E-005,1547.150000,1.2840E-005
1547.160000,1.3520E-005,1547.160000,1.3520E-005
1547.170000,1.3520E-005,1547.170000,1.3520E-005
1547.180000,1.2910E-005,1547.180000,1.2910E-005
1547.190000,1.3050E-005,1547.190000,1.3050E-005
1547.200000,1.3660E-005,1547.200000,1.3660E-005
1547.210000,1.3420E-005,1547.210000,1.3420E-005
1547.220000,1.2860E-005,1547.220000,1.2860E-005
1547.230000,1.3320E-005,1547.230000,1.3320E-005
1547.240000,1.3670E-005,1547.240000,1.3670E-005
1547.250000,1.3150E-005,1547.250000,1.3150E-005
1547.260000,1.2820E-005,1547.260000,1.2820E-005
1547.270000,1.3420E-005,1547.270000,1.3420E-005
1547.280000,1.3610E-005,1547.280000,1.3610E-005
1547.290000,1.2940E-005,1547.290000,1.2940E-005
1547.300000,1.2890E-005,1547.300000,1.2890E-005
1547.310000,1.3570E-005,1547.310000,1.3570E-005
1547.320000,1.3460E-005,1547.320000,1.3460E-005
1547.330000,1.2810E-005,1547.330000,1.2810E-005
1547.340000,1.3130E-005,1547.340000,1.3130E-005
1547.350000,1.3610E-005,1547.350000,1.3610E-005
1547.360000,1.3260E-005,1547.360000,1.3260E-005
1547.370000,1.2840E-005,1547.370000,1.2840E-005
1547.380000,1.3250E-005,1547.380000,1.3250E-005
1547.390000,1.3660E-005,1547.390000,1.3660E-005
1547.400000,1.3080E-005,1547.400000,1.3080E-005
1547.410000,1.2880E-005,1547.410000,1.2880E-005
1547.420000,1.3550E-005,1547.420000,1.3550E-005
1547.430000,1.3580E-005,1547.430000,1.3580E-005
1547.440000,1.2970E-005,1547.440000,1.2970E-005
1547.450000,1.3050E-005,1547.450000,1.3050E-005
1547.460000,1.3780E-005,1547.460000,1.3780E-005
1547.470000,1.3440E-005,1547.470000,1.3440E-005
1547.480000,1.2860E-005,1547.480000,1.2860E-005
1547.490000,1.3190E-005,1547.490000,1.3190E-005
1547.500000,1.3680E-005,1547.500000,1.3680E-005
1547.510000,1.3210E-005,1547.510000,1.3210E-005
1547.520000,1.2820E-005,1547.520000,1.2820E-005
1547.530000,1.3350E-005,1547.530000,1.3350E-005
1547.540000,1.3660E-005,1547.540000,1.3660E-005
1547.550000,1.3040E-005,1547.550000,1.3040E-005
1547.560000,1.2910E-005,1547.560000,1.2910E-005
1547.570000,1.3490E-005,1547.570000,1.3490E-005
1547.580000,1.3550E-005,1547.580000,1.3550E-005
1547.590000,1.2870E-005,1547.590000,1.2870E-005
1547.600000,1.3080E-005,1547.600000,1.3080E-005
1547.610000,1.3650E-005,1547.610000,1.3650E-005
1547.620000,1.3290E-005,1547.620000,1.3290E-005
1547.630000,1.2750E-005,1547.630000,1.2750E-005
1547.640000,1.3270E-005,1547.640000,1.3270E-005
1547.650000,1.3650E-005,1547.650000,1.3650E-005
1547.660000,1.3130E-005,1547.660000,1.3130E-005
1547.670000,1.2880E-005,1547.670000,1.2880E-005
1547.680000,1.3400E-005,1547.680000,1.3400E-005
1547.690000,1.3590E-005,1547.690000,1.3590E-005
1547.700000,1.2930E-005,1547.700000,1.2930E-005
1547.710000,1.2920E-005,1547.710000,1.2920E-005
1547.720000,1.3620E-005,1547.720000,1.3620E-005
1547.730000,1.3440E-005,1547.730000,1.3440E-005
1547.740000,1.2820E-005,1547.740000,1.2820E-005
1547.750000,1.3090E-005,1547.750000,1.3090E-005
1547.760000,1.3580E-005,1547.760000,1.3580E-005
1547.770000,1.3200E-005,1547.770000,1.3200E-005
1547.780000,1.2810E-005,1547.780000,1.2810E-005
1547.790000,1.3270E-005,1547.790000,1.3270E-005
1547.800000,1.3670E-005,1547.800000,1.3670E-005
1547.810000,1.3000E-005,1547.810000,1.3000E-005
1547.820000,1.2860E-005,1547.820000,1.2860E-005
1547.830000,1.3450E-005,1547.830000,1.3450E-005
1547.840000,1.3510E-005,1547.840000,1.3510E-005
1547.850000,1.2850E-005,1547.850000,1.2850E-005
1547.860000,1.2940E-005,1547.860000,1.2940E-005
1547.870000,1.3480E-005,1547.870000,1.3480E-005
1547.880000,1.3260E-005,1547.880000,1.3260E-005
1547.890000,1.2700E-005,1547.890000,1.2700E-005
1547.900000,1.3070E-005,1547.900000,1.3070E-005
1547.910000,1.3570E-005,1547.910000,1.3570E-005
1547.920000,1.3020E-005,1547.920000,1.3020E-005
1547.930000,1.2680E-005,1547.930000,1.2680E-005
1547.940000,1.3260E-005,1547.940000,1.3260E-005
1547.950000,1.3460E-005,1547.950000,1.3460E-005
1547.960000,1.2860E-005,1547.960000,1.2860E-005
1547.970000,1.2750E-005,1547.970000,1.2750E-005
1547.980000,1.3390E-005,1547.980000,1.3390E-005
1547.990000,1.3270E-005,1547.990000,1.3270E-005
1548.000000,1.2690E-005,1548.000000,1.2690E-005
1548.010000,1.2940E-005,1548.010000,1.2940E-005
1548.020000,1.3410E-005,1548.020000,1.3410E-005
1548.030000,1.3160E-005,1548.030000,1.3160E-005
1548.040000,1.2650E-005,1548.040000,1.2650E-005
1548.050000,1.3030E-005,1548.050000,1.3030E-005
1548.060000,1.3400E-005,1548.060000,1.3400E-005
1548.070000,1.2780E-005,1548.070000,1.2780E-005
1548.080000,1.2540E-005,1548.080000,1.2540E-005
1548.090000,1.3200E-005,1548.090000,1.3200E-005
1548.100000,1.3200E-005,1548.100000,1.3200E-005
1548.110000,1.2510E-005,1548.110000,1.2510E-005
1548.120000,1.2640E-005,1548.120000,1.2640E-005
1548.130000,1.3310E-005,1548.130000,1.3310E-005
1548.140000,1.2950E-005,1548.140000,1.2950E-005
1548.150000,1.2350E-005,1548.150000,1.2350E-005
1548.160000,1.2730E-005,1548.160000,1.2730E-005
1548.170000,1.3250E-005,1548.170000,1.3250E-005
1548.180000,1.2790E-005,1548.180000,1.2790E-005
1548.190000,1.2410E-005,1548.190000,1.2410E-005
1548.200000,1.2930E-005,1548.200000,1.2930E-005
1548.210000,1.3180E-005,1548.210000,1.3180E-005
1548.220000,1.2500E-005,1548.220000,1.2500E-005
1548.230000,1.2470E-005,1548.230000,1.2470E-005
1548.240000,1.3120E-005,1548.240000,1.3120E-005
1548.250000,1.2990E-005,1548.250000,1.2990E-005
1548.260000,1.2400E-005,1548.260000,1.2400E-005
1548.270000,1.2560E-005,1548.270000,1.2560E-005
1548.280000,1.3160E-005,1548.280000,1.3160E-005
1548.290000,1.2690E-005,1548.290000,1.2690E-005
1548.300000,1.2290E-005,1548.300000,1.2290E-005
1548.310000,1.2720E-005,1548.310000,1.2720E-005
1548.320000,1.3000E-005,1548.320000,1.3000E-005
1548.330000,1.2420E-005,1548.330000,1.2420E-005
1548.340000,1.2180E-005,1548.340000,1.2180E-005
1548.350000,1.2810E-005,1548.350000,1.2810E-005
1548.360000,1.2750E-005,1548.360000,1.2750E-005
1548.370000,1.2130E-005,1548.370000,1.2130E-005
1548.380000,1.2280E-005,1548.380000,1.2280E-005
1548.390000,1.2880E-005,1548.390000,1.2880E-005
1548.400000,1.2540E-005,1548.400000,1.2540E-005
1548.410000,1.2040E-005,1548.410000,1.2040E-005
1548.420000,1.2430E-005,1548.420000,1.2430E-005
1548.430000,1.2820E-005,1548.430000,1.2820E-005
1548.440000,1.2300E-005,1548.440000,1.2300E-005
1548.450000,1.2020E-005,1548.450000,1.2020E-005
1548.460000,1.2620E-005,1548.460000,1.2620E-005
1548.470000,1.2690E-005,1548.470000,1.2690E-005
1548.480000,1.2100E-005,1548.480000,1.2100E-005
1548.490000,1.2060E-005,1548.490000,1.2060E-005
1548.500000,1.2700E-005,1548.500000,1.2700E-005
1548.510000,1.2540E-005,1548.510000,1.2540E-005
1548.520000,1.1950E-005,1548.520000,1.1950E-005
1548.530000,1.2150E-005,1548.530000,1.2150E-005
1548.540000,1.2670E-005,1548.540000,1.2670E-005
1548.550000,1.2310E-005,1548.550000,1.2310E-005
1548.560000,1.1790E-005,1548.560000,1.1790E-005
1548.570000,1.2220E-005,1548.570000,1.2220E-005
1548.580000,1.2560E-005,1548.580000,1.2560E-005
1548.590000,1.1950E-005,1548.590000,1.1950E-005
1548.600000,1.1700E-005,1548.600000,1.1700E-005
1548.610000,1.2270E-005,1548.610000,1.2270E-005
1548.620000,1.2310E-005,1548.620000,1.2310E-005
1548.630000,1.1770E-005,1548.630000,1.1770E-005
1548.640000,1.1720E-005,1548.640000,1.1720E-005
1548.650000,1.2310E-005,1548.650000,1.2310E-005
1548.660000,1.2110E-005,1548.660000,1.2110E-005
1548.670000,1.1510E-005,1548.670000,1.1510E-005
1548.680000,1.1860E-005,1548.680000,1.1860E-005
1548.690000,1.2290E-005,1548.690000,1.2290E-005
1548.700000,1.1860E-005,1548.700000,1.1860E-005
1548.710000,1.1540E-005,1548.710000,1.1540E-005
1548.720000,1.1950E-005,1548.720000,1.1950E-005
1548.730000,1.2210E-005,1548.730000,1.2210E-005
1548.740000,1.1720E-005,1548.740000,1.1720E-005
1548.750000,1.1510E-005,1548.750000,1.1510E-005
1548.760000,1.2050E-005,1548.760000,1.2050E-005
1548.770000,1.2090E-005,1548.770000,1.2090E-005
1548.780000,1.1430E-005,1548.780000,1.1430E-005
1548.790000,1.1620E-005,1548.790000,1.1620E-005
1548.800000,1.2080E-005,1548.800000,1.2080E-005
1548.810000,1.1820E-005,1548.810000,1.1820E-005
1548.820000,1.1280E-005,1548.820000,1.1280E-005
1548.830000,1.1610E-005,1548.830000,1.1610E-005
1548.840000,1.2010E-005,1548.840000,1.2010E-005
1548.850000,1.1540E-005,1548.850000,1.1540E-005
1548.860000,1.1190E-005,1548.860000,1.1190E-005
1548.870000,1.1720E-005,1548.870000,1.1720E-005
1548.880000,1.1820E-005,1548.880000,1.1820E-005
1548.890000,1.1330E-005,1548.890000,1.1330E-005
1548.900000,1.1220E-005,1548.900000,1.1220E-005
1548.910000,1.1710E-005,1548.910000,1.1710E-005
1548.920000,1.1710E-005,1548.920000,1.1710E-005
1548.930000,1.1130E-005,1548.930000,1.1130E-005
1548.940000,1.1240E-005,1548.940000,1.1240E-005
1548.950000,1.1770E-005,1548.950000,1.1770E-005
1548.960000,1.1510E-005,1548.960000,1.1510E-005
1548.970000,1.1020E-005,1548.970000,1.1020E-005
1548.980000,1.1370E-005,1548.980000,1.1370E-005
1548.990000,1.1730E-005,1548.990000,1.1730E-005
1549.000000,1.1260E-005,1549.000000,1.1260E-005
