File,WaveData20200307_081.csv,
Date/Time,20-03-07/22:49,

Trace,A
Center Wavelength,1547.7,nm
Span Wavelength,10,nm
Start Wavelength,1542.7,nm
Stop Wavelength,1552.7,nm
Value In Air/Vacuum,Vacuum,
Optical Attenuater,Off,
Resolution,0.1,nm
Actual Resolution,0.096,nm
VBW,1000,Hz
Point Average,Off,
Sweep Average,1,
Smooth,Off,
Sampling Points,2001,pt
Trace Type,Write,
Trace Storage Mode,Off,
Trace Calculate Trace 1,-,
Trace Calculate Trace 2,-,
Dynamic Range,Normal,
Ext-Trigger,Off,
Interval Time,Off,
MM Mode,Off,
Start,1542.7,nm
Stop,1552.7,nm
Trace,B
Center Wavelength,1547.7,nm
Span Wavelength,10,nm
Start Wavelength,1542.7,nm
Stop Wavelength,1552.7,nm
Value In Air/Vacuum,Vacuum,
Optical Attenuater,Off,
Resolution,0.1,nm
Actual Resolution,0.096,nm
VBW,1000,Hz
Point Average,Off,
Sweep Average,1,
Smooth,Off,
Sampling Points,2001,pt
Trace Type,Write,
Trace Storage Mode,Off,
Trace Calculate Trace 1,-,
Trace Calculate Trace 2,-,
Dynamic Range,Normal,
Ext-Trigger,Off,
Interval Time,Off,
MM Mode,Off,
Start,1542.7,nm
Stop,1552.7,nm
Trace,C
Center Wavelength,1537.97,nm
Span Wavelength,2,nm
Start Wavelength,1536.97,nm
Stop Wavelength,1538.97,nm
Value In Air/Vacuum,Air,
Optical Attenuater,Off,
Resolution,0.03,nm
Actual Resolution,0.031,nm
VBW,1000,Hz
Point Average,Off,
Sweep Average,1,
Smooth,Off,
Sampling Points,501,pt
Trace Type,Fix,
Trace Storage Mode,Off,
Trace Calculate Trace 1,-,
Trace Calculate Trace 2,-,
Dynamic Range,Normal,
Ext-Trigger,Off,
Interval Time,Off,
MM Mode,Off,

Wavelength(A),Level(A),Wavelength(B),Level(B)
1542.700000,1.5420E-004,1542.700000,1.5420E-004
1542.705000,1.5430E-004,1542.705000,1.5430E-004
1542.710000,1.5430E-004,1542.710000,1.5430E-004
1542.715000,1.5420E-004,1542.715000,1.5420E-004
1542.720000,1.5440E-004,1542.720000,1.5440E-004
1542.725000,1.5420E-004,1542.725000,1.5420E-004
1542.730000,1.5380E-004,1542.730000,1.5380E-004
1542.735000,1.5410E-004,1542.735000,1.5410E-004
1542.740000,1.5360E-004,1542.740000,1.5360E-004
1542.745000,1.5340E-004,1542.745000,1.5340E-004
1542.750000,1.5310E-004,1542.750000,1.5310E-004
1542.755000,1.5290E-004,1542.755000,1.5290E-004
1542.760000,1.5300E-004,1542.760000,1.5300E-004
1542.765000,1.5260E-004,1542.765000,1.5260E-004
1542.770000,1.5260E-004,1542.770000,1.5260E-004
1542.775000,1.5310E-004,1542.775000,1.5310E-004
1542.780000,1.5360E-004,1542.780000,1.5360E-004
1542.785000,1.5420E-004,1542.785000,1.5420E-004
1542.790000,1.5520E-004,1542.790000,1.5520E-004
1542.795000,1.5620E-004,1542.795000,1.5620E-004
1542.800000,1.5760E-004,1542.800000,1.5760E-004
1542.805000,1.5900E-004,1542.805000,1.5900E-004
1542.810000,1.6070E-004,1542.810000,1.6070E-004
1542.815000,1.6270E-004,1542.815000,1.6270E-004
1542.820000,1.6490E-004,1542.820000,1.6490E-004
1542.825000,1.6690E-004,1542.825000,1.6690E-004
1542.830000,1.6880E-004,1542.830000,1.6880E-004
1542.835000,1.7080E-004,1542.835000,1.7080E-004
1542.840000,1.7280E-004,1542.840000,1.7280E-004
1542.845000,1.7470E-004,1542.845000,1.7470E-004
1542.850000,1.7610E-004,1542.850000,1.7610E-004
1542.855000,1.7780E-004,1542.855000,1.7780E-004
1542.860000,1.7910E-004,1542.860000,1.7910E-004
1542.865000,1.7990E-004,1542.865000,1.7990E-004
1542.870000,1.8060E-004,1542.870000,1.8060E-004
1542.875000,1.8110E-004,1542.875000,1.8110E-004
1542.880000,1.8130E-004,1542.880000,1.8130E-004
1542.885000,1.8130E-004,1542.885000,1.8130E-004
1542.890000,1.8080E-004,1542.890000,1.8080E-004
1542.895000,1.8050E-004,1542.895000,1.8050E-004
1542.900000,1.7990E-004,1542.900000,1.7990E-004
1542.905000,1.7920E-004,1542.905000,1.7920E-004
1542.910000,1.7850E-004,1542.910000,1.7850E-004
1542.915000,1.7810E-004,1542.915000,1.7810E-004
1542.920000,1.7700E-004,1542.920000,1.7700E-004
1542.925000,1.7630E-004,1542.925000,1.7630E-004
1542.930000,1.7570E-004,1542.930000,1.7570E-004
1542.935000,1.7540E-004,1542.935000,1.7540E-004
1542.940000,1.7470E-004,1542.940000,1.7470E-004
1542.945000,1.7450E-004,1542.945000,1.7450E-004
1542.950000,1.7400E-004,1542.950000,1.7400E-004
1542.955000,1.7360E-004,1542.955000,1.7360E-004
1542.960000,1.7340E-004,1542.960000,1.7340E-004
1542.965000,1.7300E-004,1542.965000,1.7300E-004
1542.970000,1.7230E-004,1542.970000,1.7230E-004
1542.975000,1.7210E-004,1542.975000,1.7210E-004
1542.980000,1.7130E-004,1542.980000,1.7130E-004
1542.985000,1.7080E-004,1542.985000,1.7080E-004
1542.990000,1.7000E-004,1542.990000,1.7000E-004
1542.995000,1.6870E-004,1542.995000,1.6870E-004
1543.000000,1.6800E-004,1543.000000,1.6800E-004
1543.005000,1.6660E-004,1543.005000,1.6660E-004
1543.010000,1.6490E-004,1543.010000,1.6490E-004
1543.015000,1.6340E-004,1543.015000,1.6340E-004
1543.020000,1.6180E-004,1543.020000,1.6180E-004
1543.025000,1.6010E-004,1543.025000,1.6010E-004
1543.030000,1.5870E-004,1543.030000,1.5870E-004
1543.035000,1.5720E-004,1543.035000,1.5720E-004
1543.040000,1.5530E-004,1543.040000,1.5530E-004
1543.045000,1.5410E-004,1543.045000,1.5410E-004
1543.050000,1.5260E-004,1543.050000,1.5260E-004
1543.055000,1.5150E-004,1543.055000,1.5150E-004
1543.060000,1.5090E-004,1543.060000,1.5090E-004
1543.065000,1.5030E-004,1543.065000,1.5030E-004
1543.070000,1.5000E-004,1543.070000,1.5000E-004
1543.075000,1.5000E-004,1543.075000,1.5000E-004
1543.080000,1.5040E-004,1543.080000,1.5040E-004
1543.085000,1.5040E-004,1543.085000,1.5040E-004
1543.090000,1.5140E-004,1543.090000,1.5140E-004
1543.095000,1.5230E-004,1543.095000,1.5230E-004
1543.100000,1.5340E-004,1543.100000,1.5340E-004
1543.105000,1.5440E-004,1543.105000,1.5440E-004
1543.110000,1.5560E-004,1543.110000,1.5560E-004
1543.115000,1.5670E-004,1543.115000,1.5670E-004
1543.120000,1.5780E-004,1543.120000,1.5780E-004
1543.125000,1.5910E-004,1543.125000,1.5910E-004
1543.130000,1.6000E-004,1543.130000,1.6000E-004
1543.135000,1.6110E-004,1543.135000,1.6110E-004
1543.140000,1.6190E-004,1543.140000,1.6190E-004
1543.145000,1.6270E-004,1543.145000,1.6270E-004
1543.150000,1.6340E-004,1543.150000,1.6340E-004
1543.155000,1.6420E-004,1543.155000,1.6420E-004
1543.160000,1.6450E-004,1543.160000,1.6450E-004
1543.165000,1.6510E-004,1543.165000,1.6510E-004
1543.170000,1.6560E-004,1543.170000,1.6560E-004
1543.175000,1.6630E-004,1543.175000,1.6630E-004
1543.180000,1.6720E-004,1543.180000,1.6720E-004
1543.185000,1.6820E-004,1543.185000,1.6820E-004
1543.190000,1.6920E-004,1543.190000,1.6920E-004
1543.195000,1.7030E-004,1543.195000,1.7030E-004
1543.200000,1.7170E-004,1543.200000,1.7170E-004
1543.205000,1.7340E-004,1543.205000,1.7340E-004
1543.210000,1.7450E-004,1543.210000,1.7450E-004
1543.215000,1.7610E-004,1543.215000,1.7610E-004
1543.220000,1.7790E-004,1543.220000,1.7790E-004
1543.225000,1.7960E-004,1543.225000,1.7960E-004
1543.230000,1.8150E-004,1543.230000,1.8150E-004
1543.235000,1.8270E-004,1543.235000,1.8270E-004
1543.240000,1.8410E-004,1543.240000,1.8410E-004
1543.245000,1.8560E-004,1543.245000,1.8560E-004
1543.250000,1.8640E-004,1543.250000,1.8640E-004
1543.255000,1.8710E-004,1543.255000,1.8710E-004
1543.260000,1.8790E-004,1543.260000,1.8790E-004
1543.265000,1.8810E-004,1543.265000,1.8810E-004
1543.270000,1.8790E-004,1543.270000,1.8790E-004
1543.275000,1.8780E-004,1543.275000,1.8780E-004
1543.280000,1.8710E-004,1543.280000,1.8710E-004
1543.285000,1.8650E-004,1543.285000,1.8650E-004
1543.290000,1.8540E-004,1543.290000,1.8540E-004
1543.295000,1.8410E-004,1543.295000,1.8410E-004
1543.300000,1.8270E-004,1543.300000,1.8270E-004
1543.305000,1.8130E-004,1543.305000,1.8130E-004
1543.310000,1.7980E-004,1543.310000,1.7980E-004
1543.315000,1.7820E-004,1543.315000,1.7820E-004
1543.320000,1.7680E-004,1543.320000,1.7680E-004
1543.325000,1.7510E-004,1543.325000,1.7510E-004
1543.330000,1.7360E-004,1543.330000,1.7360E-004
1543.335000,1.7240E-004,1543.335000,1.7240E-004
1543.340000,1.7130E-004,1543.340000,1.7130E-004
1543.345000,1.6990E-004,1543.345000,1.6990E-004
1543.350000,1.6900E-004,1543.350000,1.6900E-004
1543.355000,1.6810E-004,1543.355000,1.6810E-004
1543.360000,1.6720E-004,1543.360000,1.6720E-004
1543.365000,1.6630E-004,1543.365000,1.6630E-004
1543.370000,1.6540E-004,1543.370000,1.6540E-004
1543.375000,1.6480E-004,1543.375000,1.6480E-004
1543.380000,1.6380E-004,1543.380000,1.6380E-004
1543.385000,1.6280E-004,1543.385000,1.6280E-004
1543.390000,1.6190E-004,1543.390000,1.6190E-004
1543.395000,1.6060E-004,1543.395000,1.6060E-004
1543.400000,1.5940E-004,1543.400000,1.5940E-004
1543.405000,1.5840E-004,1543.405000,1.5840E-004
1543.410000,1.5690E-004,1543.410000,1.5690E-004
1543.415000,1.5560E-004,1543.415000,1.5560E-004
1543.420000,1.5420E-004,1543.420000,1.5420E-004
1543.425000,1.5340E-004,1543.425000,1.5340E-004
1543.430000,1.5190E-004,1543.430000,1.5190E-004
1543.435000,1.5110E-004,1543.435000,1.5110E-004
1543.440000,1.5000E-004,1543.440000,1.5000E-004
1543.445000,1.4900E-004,1543.445000,1.4900E-004
1543.450000,1.4880E-004,1543.450000,1.4880E-004
1543.455000,1.4810E-004,1543.455000,1.4810E-004
1543.460000,1.4810E-004,1543.460000,1.4810E-004
1543.465000,1.4800E-004,1543.465000,1.4800E-004
1543.470000,1.4840E-004,1543.470000,1.4840E-004
1543.475000,1.4930E-004,1543.475000,1.4930E-004
1543.480000,1.5030E-004,1543.480000,1.5030E-004
1543.485000,1.5140E-004,1543.485000,1.5140E-004
1543.490000,1.5260E-004,1543.490000,1.5260E-004
1543.495000,1.5430E-004,1543.495000,1.5430E-004
1543.500000,1.5590E-004,1543.500000,1.5590E-004
1543.505000,1.5790E-004,1543.505000,1.5790E-004
1543.510000,1.5960E-004,1543.510000,1.5960E-004
1543.515000,1.6120E-004,1543.515000,1.6120E-004
1543.520000,1.6330E-004,1543.520000,1.6330E-004
1543.525000,1.6510E-004,1543.525000,1.6510E-004
1543.530000,1.6670E-004,1543.530000,1.6670E-004
1543.535000,1.6810E-004,1543.535000,1.6810E-004
1543.540000,1.6990E-004,1543.540000,1.6990E-004
1543.545000,1.7140E-004,1543.545000,1.7140E-004
1543.550000,1.7260E-004,1543.550000,1.7260E-004
1543.555000,1.7400E-004,1543.555000,1.7400E-004
1543.560000,1.7480E-004,1543.560000,1.7480E-004
1543.565000,1.7600E-004,1543.565000,1.7600E-004
1543.570000,1.7690E-004,1543.570000,1.7690E-004
1543.575000,1.7780E-004,1543.575000,1.7780E-004
1543.580000,1.7840E-004,1543.580000,1.7840E-004
1543.585000,1.7930E-004,1543.585000,1.7930E-004
1543.590000,1.8000E-004,1543.590000,1.8000E-004
1543.595000,1.8110E-004,1543.595000,1.8110E-004
1543.600000,1.8170E-004,1543.600000,1.8170E-004
1543.605000,1.8260E-004,1543.605000,1.8260E-004
1543.610000,1.8360E-004,1543.610000,1.8360E-004
1543.615000,1.8490E-004,1543.615000,1.8490E-004
1543.620000,1.8560E-004,1543.620000,1.8560E-004
1543.625000,1.8640E-004,1543.625000,1.8640E-004
1543.630000,1.8700E-004,1543.630000,1.8700E-004
1543.635000,1.8750E-004,1543.635000,1.8750E-004
1543.640000,1.8810E-004,1543.640000,1.8810E-004
1543.645000,1.8850E-004,1543.645000,1.8850E-004
1543.650000,1.8860E-004,1543.650000,1.8860E-004
1543.655000,1.8820E-004,1543.655000,1.8820E-004
1543.660000,1.8800E-004,1543.660000,1.8800E-004
1543.665000,1.8710E-004,1543.665000,1.8710E-004
1543.670000,1.8580E-004,1543.670000,1.8580E-004
1543.675000,1.8500E-004,1543.675000,1.8500E-004
1543.680000,1.8340E-004,1543.680000,1.8340E-004
1543.685000,1.8170E-004,1543.685000,1.8170E-004
1543.690000,1.7990E-004,1543.690000,1.7990E-004
1543.695000,1.7810E-004,1543.695000,1.7810E-004
1543.700000,1.7600E-004,1543.700000,1.7600E-004
1543.705000,1.7380E-004,1543.705000,1.7380E-004
1543.710000,1.7160E-004,1543.710000,1.7160E-004
1543.715000,1.6940E-004,1543.715000,1.6940E-004
1543.720000,1.6730E-004,1543.720000,1.6730E-004
1543.725000,1.6530E-004,1543.725000,1.6530E-004
1543.730000,1.6370E-004,1543.730000,1.6370E-004
1543.735000,1.6170E-004,1543.735000,1.6170E-004
1543.740000,1.6030E-004,1543.740000,1.6030E-004
1543.745000,1.5860E-004,1543.745000,1.5860E-004
1543.750000,1.5780E-004,1543.750000,1.5780E-004
1543.755000,1.5690E-004,1543.755000,1.5690E-004
1543.760000,1.5590E-004,1543.760000,1.5590E-004
1543.765000,1.5550E-004,1543.765000,1.5550E-004
1543.770000,1.5510E-004,1543.770000,1.5510E-004
1543.775000,1.5490E-004,1543.775000,1.5490E-004
1543.780000,1.5450E-004,1543.780000,1.5450E-004
1543.785000,1.5480E-004,1543.785000,1.5480E-004
1543.790000,1.5460E-004,1543.790000,1.5460E-004
1543.795000,1.5490E-004,1543.795000,1.5490E-004
1543.800000,1.5490E-004,1543.800000,1.5490E-004
1543.805000,1.5490E-004,1543.805000,1.5490E-004
1543.810000,1.5510E-004,1543.810000,1.5510E-004
1543.815000,1.5520E-004,1543.815000,1.5520E-004
1543.820000,1.5530E-004,1543.820000,1.5530E-004
1543.825000,1.5560E-004,1543.825000,1.5560E-004
1543.830000,1.5570E-004,1543.830000,1.5570E-004
1543.835000,1.5590E-004,1543.835000,1.5590E-004
1543.840000,1.5630E-004,1543.840000,1.5630E-004
1543.845000,1.5670E-004,1543.845000,1.5670E-004
1543.850000,1.5740E-004,1543.850000,1.5740E-004
1543.855000,1.5830E-004,1543.855000,1.5830E-004
1543.860000,1.5920E-004,1543.860000,1.5920E-004
1543.865000,1.6050E-004,1543.865000,1.6050E-004
1543.870000,1.6180E-004,1543.870000,1.6180E-004
1543.875000,1.6320E-004,1543.875000,1.6320E-004
1543.880000,1.6490E-004,1543.880000,1.6490E-004
1543.885000,1.6670E-004,1543.885000,1.6670E-004
1543.890000,1.6880E-004,1543.890000,1.6880E-004
1543.895000,1.7100E-004,1543.895000,1.7100E-004
1543.900000,1.7290E-004,1543.900000,1.7290E-004
1543.905000,1.7490E-004,1543.905000,1.7490E-004
1543.910000,1.7740E-004,1543.910000,1.7740E-004
1543.915000,1.7920E-004,1543.915000,1.7920E-004
1543.920000,1.8110E-004,1543.920000,1.8110E-004
1543.925000,1.8270E-004,1543.925000,1.8270E-004
1543.930000,1.8410E-004,1543.930000,1.8410E-004
1543.935000,1.8540E-004,1543.935000,1.8540E-004
1543.940000,1.8640E-004,1543.940000,1.8640E-004
1543.945000,1.8670E-004,1543.945000,1.8670E-004
1543.950000,1.8720E-004,1543.950000,1.8720E-004
1543.955000,1.8740E-004,1543.955000,1.8740E-004
1543.960000,1.8720E-004,1543.960000,1.8720E-004
1543.965000,1.8700E-004,1543.965000,1.8700E-004
1543.970000,1.8660E-004,1543.970000,1.8660E-004
1543.975000,1.8590E-004,1543.975000,1.8590E-004
1543.980000,1.8500E-004,1543.980000,1.8500E-004
1543.985000,1.8410E-004,1543.985000,1.8410E-004
1543.990000,1.8340E-004,1543.990000,1.8340E-004
1543.995000,1.8230E-004,1543.995000,1.8230E-004
1544.000000,1.8120E-004,1544.000000,1.8120E-004
1544.005000,1.8020E-004,1544.005000,1.8020E-004
1544.010000,1.7920E-004,1544.010000,1.7920E-004
1544.015000,1.7790E-004,1544.015000,1.7790E-004
1544.020000,1.7720E-004,1544.020000,1.7720E-004
1544.025000,1.7620E-004,1544.025000,1.7620E-004
1544.030000,1.7510E-004,1544.030000,1.7510E-004
1544.035000,1.7420E-004,1544.035000,1.7420E-004
1544.040000,1.7300E-004,1544.040000,1.7300E-004
1544.045000,1.7200E-004,1544.045000,1.7200E-004
1544.050000,1.7070E-004,1544.050000,1.7070E-004
1544.055000,1.6950E-004,1544.055000,1.6950E-004
1544.060000,1.6800E-004,1544.060000,1.6800E-004
1544.065000,1.6670E-004,1544.065000,1.6670E-004
1544.070000,1.6510E-004,1544.070000,1.6510E-004
1544.075000,1.6330E-004,1544.075000,1.6330E-004
1544.080000,1.6150E-004,1544.080000,1.6150E-004
1544.085000,1.5970E-004,1544.085000,1.5970E-004
1544.090000,1.5760E-004,1544.090000,1.5760E-004
1544.095000,1.5630E-004,1544.095000,1.5630E-004
1544.100000,1.5410E-004,1544.100000,1.5410E-004
1544.105000,1.5220E-004,1544.105000,1.5220E-004
1544.110000,1.5090E-004,1544.110000,1.5090E-004
1544.115000,1.4890E-004,1544.115000,1.4890E-004
1544.120000,1.4760E-004,1544.120000,1.4760E-004
1544.125000,1.4660E-004,1544.125000,1.4660E-004
1544.130000,1.4570E-004,1544.130000,1.4570E-004
1544.135000,1.4540E-004,1544.135000,1.4540E-004
1544.140000,1.4520E-004,1544.140000,1.4520E-004
1544.145000,1.4500E-004,1544.145000,1.4500E-004
1544.150000,1.4560E-004,1544.150000,1.4560E-004
1544.155000,1.4620E-004,1544.155000,1.4620E-004
1544.160000,1.4690E-004,1544.160000,1.4690E-004
1544.165000,1.4810E-004,1544.165000,1.4810E-004
1544.170000,1.4950E-004,1544.170000,1.4950E-004
1544.175000,1.5080E-004,1544.175000,1.5080E-004
1544.180000,1.5250E-004,1544.180000,1.5250E-004
1544.185000,1.5420E-004,1544.185000,1.5420E-004
1544.190000,1.5580E-004,1544.190000,1.5580E-004
1544.195000,1.5740E-004,1544.195000,1.5740E-004
1544.200000,1.5900E-004,1544.200000,1.5900E-004
1544.205000,1.6060E-004,1544.205000,1.6060E-004
1544.210000,1.6200E-004,1544.210000,1.6200E-004
1544.215000,1.6340E-004,1544.215000,1.6340E-004
1544.220000,1.6440E-004,1544.220000,1.6440E-004
1544.225000,1.6550E-004,1544.225000,1.6550E-004
1544.230000,1.6660E-004,1544.230000,1.6660E-004
1544.235000,1.6780E-004,1544.235000,1.6780E-004
1544.240000,1.6860E-004,1544.240000,1.6860E-004
1544.245000,1.6950E-004,1544.245000,1.6950E-004
1544.250000,1.7060E-004,1544.250000,1.7060E-004
1544.255000,1.7130E-004,1544.255000,1.7130E-004
1544.260000,1.7230E-004,1544.260000,1.7230E-004
1544.265000,1.7350E-004,1544.265000,1.7350E-004
1544.270000,1.7450E-004,1544.270000,1.7450E-004
1544.275000,1.7600E-004,1544.275000,1.7600E-004
1544.280000,1.7710E-004,1544.280000,1.7710E-004
1544.285000,1.7830E-004,1544.285000,1.7830E-004
1544.290000,1.7960E-004,1544.290000,1.7960E-004
1544.295000,1.8080E-004,1544.295000,1.8080E-004
1544.300000,1.8220E-004,1544.300000,1.8220E-004
1544.305000,1.8360E-004,1544.305000,1.8360E-004
1544.310000,1.8460E-004,1544.310000,1.8460E-004
1544.315000,1.8570E-004,1544.315000,1.8570E-004
1544.320000,1.8650E-004,1544.320000,1.8650E-004
1544.325000,1.8710E-004,1544.325000,1.8710E-004
1544.330000,1.8770E-004,1544.330000,1.8770E-004
1544.335000,1.8770E-004,1544.335000,1.8770E-004
1544.340000,1.8770E-004,1544.340000,1.8770E-004
1544.345000,1.8740E-004,1544.345000,1.8740E-004
1544.350000,1.8680E-004,1544.350000,1.8680E-004
1544.355000,1.8610E-004,1544.355000,1.8610E-004
1544.360000,1.8500E-004,1544.360000,1.8500E-004
1544.365000,1.8430E-004,1544.365000,1.8430E-004
1544.370000,1.8270E-004,1544.370000,1.8270E-004
1544.375000,1.8150E-004,1544.375000,1.8150E-004
1544.380000,1.7990E-004,1544.380000,1.7990E-004
1544.385000,1.7840E-004,1544.385000,1.7840E-004
1544.390000,1.7640E-004,1544.390000,1.7640E-004
1544.395000,1.7500E-004,1544.395000,1.7500E-004
1544.400000,1.7350E-004,1544.400000,1.7350E-004
1544.405000,1.7200E-004,1544.405000,1.7200E-004
1544.410000,1.7060E-004,1544.410000,1.7060E-004
1544.415000,1.6920E-004,1544.415000,1.6920E-004
1544.420000,1.6820E-004,1544.420000,1.6820E-004
1544.425000,1.6720E-004,1544.425000,1.6720E-004
1544.430000,1.6650E-004,1544.430000,1.6650E-004
1544.435000,1.6560E-004,1544.435000,1.6560E-004
1544.440000,1.6460E-004,1544.440000,1.6460E-004
1544.445000,1.6430E-004,1544.445000,1.6430E-004
1544.450000,1.6340E-004,1544.450000,1.6340E-004
1544.455000,1.6290E-004,1544.455000,1.6290E-004
1544.460000,1.6230E-004,1544.460000,1.6230E-004
1544.465000,1.6150E-004,1544.465000,1.6150E-004
1544.470000,1.6100E-004,1544.470000,1.6100E-004
1544.475000,1.6000E-004,1544.475000,1.6000E-004
1544.480000,1.5900E-004,1544.480000,1.5900E-004
1544.485000,1.5790E-004,1544.485000,1.5790E-004
1544.490000,1.5700E-004,1544.490000,1.5700E-004
1544.495000,1.5590E-004,1544.495000,1.5590E-004
1544.500000,1.5450E-004,1544.500000,1.5450E-004
1544.505000,1.5340E-004,1544.505000,1.5340E-004
1544.510000,1.5230E-004,1544.510000,1.5230E-004
1544.515000,1.5130E-004,1544.515000,1.5130E-004
1544.520000,1.5010E-004,1544.520000,1.5010E-004
1544.525000,1.4910E-004,1544.525000,1.4910E-004
1544.530000,1.4830E-004,1544.530000,1.4830E-004
1544.535000,1.4800E-004,1544.535000,1.4800E-004
1544.540000,1.4760E-004,1544.540000,1.4760E-004
1544.545000,1.4740E-004,1544.545000,1.4740E-004
1544.550000,1.4770E-004,1544.550000,1.4770E-004
1544.555000,1.4810E-004,1544.555000,1.4810E-004
1544.560000,1.4890E-004,1544.560000,1.4890E-004
1544.565000,1.4980E-004,1544.565000,1.4980E-004
1544.570000,1.5110E-004,1544.570000,1.5110E-004
1544.575000,1.5250E-004,1544.575000,1.5250E-004
1544.580000,1.5420E-004,1544.580000,1.5420E-004
1544.585000,1.5580E-004,1544.585000,1.5580E-004
1544.590000,1.5760E-004,1544.590000,1.5760E-004
1544.595000,1.5980E-004,1544.595000,1.5980E-004
1544.600000,1.6130E-004,1544.600000,1.6130E-004
1544.605000,1.6360E-004,1544.605000,1.6360E-004
1544.610000,1.6520E-004,1544.610000,1.6520E-004
1544.615000,1.6720E-004,1544.615000,1.6720E-004
1544.620000,1.6880E-004,1544.620000,1.6880E-004
1544.625000,1.7000E-004,1544.625000,1.7000E-004
1544.630000,1.7140E-004,1544.630000,1.7140E-004
1544.635000,1.7270E-004,1544.635000,1.7270E-004
1544.640000,1.7390E-004,1544.640000,1.7390E-004
1544.645000,1.7500E-004,1544.645000,1.7500E-004
1544.650000,1.7580E-004,1544.650000,1.7580E-004
1544.655000,1.7650E-004,1544.655000,1.7650E-004
1544.660000,1.7730E-004,1544.660000,1.7730E-004
1544.665000,1.7760E-004,1544.665000,1.7760E-004
1544.670000,1.7820E-004,1544.670000,1.7820E-004
1544.675000,1.7930E-004,1544.675000,1.7930E-004
1544.680000,1.7950E-004,1544.680000,1.7950E-004
1544.685000,1.8020E-004,1544.685000,1.8020E-004
1544.690000,1.8070E-004,1544.690000,1.8070E-004
1544.695000,1.8140E-004,1544.695000,1.8140E-004
1544.700000,1.8200E-004,1544.700000,1.8200E-004
1544.705000,1.8230E-004,1544.705000,1.8230E-004
1544.710000,1.8250E-004,1544.710000,1.8250E-004
1544.715000,1.8270E-004,1544.715000,1.8270E-004
1544.720000,1.8290E-004,1544.720000,1.8290E-004
1544.725000,1.8250E-004,1544.725000,1.8250E-004
1544.730000,1.8220E-004,1544.730000,1.8220E-004
1544.735000,1.8160E-004,1544.735000,1.8160E-004
1544.740000,1.8080E-004,1544.740000,1.8080E-004
1544.745000,1.7960E-004,1544.745000,1.7960E-004
1544.750000,1.7810E-004,1544.750000,1.7810E-004
1544.755000,1.7630E-004,1544.755000,1.7630E-004
1544.760000,1.7480E-004,1544.760000,1.7480E-004
1544.765000,1.7280E-004,1544.765000,1.7280E-004
1544.770000,1.7090E-004,1544.770000,1.7090E-004
1544.775000,1.6880E-004,1544.775000,1.6880E-004
1544.780000,1.6680E-004,1544.780000,1.6680E-004
1544.785000,1.6440E-004,1544.785000,1.6440E-004
1544.790000,1.6220E-004,1544.790000,1.6220E-004
1544.795000,1.5980E-004,1544.795000,1.5980E-004
1544.800000,1.5810E-004,1544.800000,1.5810E-004
1544.805000,1.5610E-004,1544.805000,1.5610E-004
1544.810000,1.5470E-004,1544.810000,1.5470E-004
1544.815000,1.5320E-004,1544.815000,1.5320E-004
1544.820000,1.5220E-004,1544.820000,1.5220E-004
1544.825000,1.5130E-004,1544.825000,1.5130E-004
1544.830000,1.5040E-004,1544.830000,1.5040E-004
1544.835000,1.5040E-004,1544.835000,1.5040E-004
1544.840000,1.5020E-004,1544.840000,1.5020E-004
1544.845000,1.5030E-004,1544.845000,1.5030E-004
1544.850000,1.5070E-004,1544.850000,1.5070E-004
1544.855000,1.5110E-004,1544.855000,1.5110E-004
1544.860000,1.5200E-004,1544.860000,1.5200E-004
1544.865000,1.5240E-004,1544.865000,1.5240E-004
1544.870000,1.5320E-004,1544.870000,1.5320E-004
1544.875000,1.5380E-004,1544.875000,1.5380E-004
1544.880000,1.5420E-004,1544.880000,1.5420E-004
1544.885000,1.5470E-004,1544.885000,1.5470E-004
1544.890000,1.5500E-004,1544.890000,1.5500E-004
1544.895000,1.5570E-004,1544.895000,1.5570E-004
1544.900000,1.5610E-004,1544.900000,1.5610E-004
1544.905000,1.5630E-004,1544.905000,1.5630E-004
1544.910000,1.5660E-004,1544.910000,1.5660E-004
1544.915000,1.5690E-004,1544.915000,1.5690E-004
1544.920000,1.5730E-004,1544.920000,1.5730E-004
1544.925000,1.5770E-004,1544.925000,1.5770E-004
1544.930000,1.5820E-004,1544.930000,1.5820E-004
1544.935000,1.5880E-004,1544.935000,1.5880E-004
1544.940000,1.5930E-004,1544.940000,1.5930E-004
1544.945000,1.6000E-004,1544.945000,1.6000E-004
1544.950000,1.6110E-004,1544.950000,1.6110E-004
1544.955000,1.6220E-004,1544.955000,1.6220E-004
1544.960000,1.6320E-004,1544.960000,1.6320E-004
1544.965000,1.6460E-004,1544.965000,1.6460E-004
1544.970000,1.6610E-004,1544.970000,1.6610E-004
1544.975000,1.6750E-004,1544.975000,1.6750E-004
1544.980000,1.6880E-004,1544.980000,1.6880E-004
1544.985000,1.7010E-004,1544.985000,1.7010E-004
1544.990000,1.7140E-004,1544.990000,1.7140E-004
1544.995000,1.7250E-004,1544.995000,1.7250E-004
1545.000000,1.7320E-004,1545.000000,1.7320E-004
1545.005000,1.7420E-004,1545.005000,1.7420E-004
1545.010000,1.7460E-004,1545.010000,1.7460E-004
1545.015000,1.7490E-004,1545.015000,1.7490E-004
1545.020000,1.7480E-004,1545.020000,1.7480E-004
1545.025000,1.7480E-004,1545.025000,1.7480E-004
1545.030000,1.7460E-004,1545.030000,1.7460E-004
1545.035000,1.7400E-004,1545.035000,1.7400E-004
1545.040000,1.7320E-004,1545.040000,1.7320E-004
1545.045000,1.7250E-004,1545.045000,1.7250E-004
1545.050000,1.7140E-004,1545.050000,1.7140E-004
1545.055000,1.7060E-004,1545.055000,1.7060E-004
1545.060000,1.6980E-004,1545.060000,1.6980E-004
1545.065000,1.6870E-004,1545.065000,1.6870E-004
1545.070000,1.6790E-004,1545.070000,1.6790E-004
1545.075000,1.6740E-004,1545.075000,1.6740E-004
1545.080000,1.6670E-004,1545.080000,1.6670E-004
1545.085000,1.6630E-004,1545.085000,1.6630E-004
1545.090000,1.6540E-004,1545.090000,1.6540E-004
1545.095000,1.6530E-004,1545.095000,1.6530E-004
1545.100000,1.6510E-004,1545.100000,1.6510E-004
1545.105000,1.6470E-004,1545.105000,1.6470E-004
1545.110000,1.6470E-004,1545.110000,1.6470E-004
1545.115000,1.6460E-004,1545.115000,1.6460E-004
1545.120000,1.6450E-004,1545.120000,1.6450E-004
1545.125000,1.6430E-004,1545.125000,1.6430E-004
1545.130000,1.6400E-004,1545.130000,1.6400E-004
1545.135000,1.6340E-004,1545.135000,1.6340E-004
1545.140000,1.6290E-004,1545.140000,1.6290E-004
1545.145000,1.6220E-004,1545.145000,1.6220E-004
1545.150000,1.6130E-004,1545.150000,1.6130E-004
1545.155000,1.6040E-004,1545.155000,1.6040E-004
1545.160000,1.5920E-004,1545.160000,1.5920E-004
1545.165000,1.5790E-004,1545.165000,1.5790E-004
1545.170000,1.5640E-004,1545.170000,1.5640E-004
1545.175000,1.5480E-004,1545.175000,1.5480E-004
1545.180000,1.5340E-004,1545.180000,1.5340E-004
1545.185000,1.5200E-004,1545.185000,1.5200E-004
1545.190000,1.5040E-004,1545.190000,1.5040E-004
1545.195000,1.4930E-004,1545.195000,1.4930E-004
1545.200000,1.4800E-004,1545.200000,1.4800E-004
1545.205000,1.4700E-004,1545.205000,1.4700E-004
1545.210000,1.4620E-004,1545.210000,1.4620E-004
1545.215000,1.4570E-004,1545.215000,1.4570E-004
1545.220000,1.4560E-004,1545.220000,1.4560E-004
1545.225000,1.4560E-004,1545.225000,1.4560E-004
1545.230000,1.4590E-004,1545.230000,1.4590E-004
1545.235000,1.4660E-004,1545.235000,1.4660E-004
1545.240000,1.4730E-004,1545.240000,1.4730E-004
1545.245000,1.4840E-004,1545.245000,1.4840E-004
1545.250000,1.4960E-004,1545.250000,1.4960E-004
1545.255000,1.5130E-004,1545.255000,1.5130E-004
1545.260000,1.5250E-004,1545.260000,1.5250E-004
1545.265000,1.5420E-004,1545.265000,1.5420E-004
1545.270000,1.5580E-004,1545.270000,1.5580E-004
1545.275000,1.5710E-004,1545.275000,1.5710E-004
1545.280000,1.5860E-004,1545.280000,1.5860E-004
1545.285000,1.6000E-004,1545.285000,1.6000E-004
1545.290000,1.6150E-004,1545.290000,1.6150E-004
1545.295000,1.6240E-004,1545.295000,1.6240E-004
1545.300000,1.6360E-004,1545.300000,1.6360E-004
1545.305000,1.6440E-004,1545.305000,1.6440E-004
1545.310000,1.6500E-004,1545.310000,1.6500E-004
1545.315000,1.6570E-004,1545.315000,1.6570E-004
1545.320000,1.6610E-004,1545.320000,1.6610E-004
1545.325000,1.6660E-004,1545.325000,1.6660E-004
1545.330000,1.6730E-004,1545.330000,1.6730E-004
1545.335000,1.6770E-004,1545.335000,1.6770E-004
1545.340000,1.6820E-004,1545.340000,1.6820E-004
1545.345000,1.6870E-004,1545.345000,1.6870E-004
1545.350000,1.6940E-004,1545.350000,1.6940E-004
1545.355000,1.7010E-004,1545.355000,1.7010E-004
1545.360000,1.7070E-004,1545.360000,1.7070E-004
1545.365000,1.7150E-004,1545.365000,1.7150E-004
1545.370000,1.7210E-004,1545.370000,1.7210E-004
1545.375000,1.7290E-004,1545.375000,1.7290E-004
1545.380000,1.7330E-004,1545.380000,1.7330E-004
1545.385000,1.7400E-004,1545.385000,1.7400E-004
1545.390000,1.7430E-004,1545.390000,1.7430E-004
1545.395000,1.7460E-004,1545.395000,1.7460E-004
1545.400000,1.7480E-004,1545.400000,1.7480E-004
1545.405000,1.7460E-004,1545.405000,1.7460E-004
1545.410000,1.7430E-004,1545.410000,1.7430E-004
1545.415000,1.7380E-004,1545.415000,1.7380E-004
1545.420000,1.7310E-004,1545.420000,1.7310E-004
1545.425000,1.7210E-004,1545.425000,1.7210E-004
1545.430000,1.7080E-004,1545.430000,1.7080E-004
1545.435000,1.6950E-004,1545.435000,1.6950E-004
1545.440000,1.6790E-004,1545.440000,1.6790E-004
1545.445000,1.6630E-004,1545.445000,1.6630E-004
1545.450000,1.6450E-004,1545.450000,1.6450E-004
1545.455000,1.6290E-004,1545.455000,1.6290E-004
1545.460000,1.6110E-004,1545.460000,1.6110E-004
1545.465000,1.5930E-004,1545.465000,1.5930E-004
1545.470000,1.5780E-004,1545.470000,1.5780E-004
1545.475000,1.5640E-004,1545.475000,1.5640E-004
1545.480000,1.5520E-004,1545.480000,1.5520E-004
1545.485000,1.5370E-004,1545.485000,1.5370E-004
1545.490000,1.5300E-004,1545.490000,1.5300E-004
1545.495000,1.5230E-004,1545.495000,1.5230E-004
1545.500000,1.5170E-004,1545.500000,1.5170E-004
1545.505000,1.5100E-004,1545.505000,1.5100E-004
1545.510000,1.5060E-004,1545.510000,1.5060E-004
1545.515000,1.5070E-004,1545.515000,1.5070E-004
1545.520000,1.5030E-004,1545.520000,1.5030E-004
1545.525000,1.5020E-004,1545.525000,1.5020E-004
1545.530000,1.5020E-004,1545.530000,1.5020E-004
1545.535000,1.5030E-004,1545.535000,1.5030E-004
1545.540000,1.5000E-004,1545.540000,1.5000E-004
1545.545000,1.5000E-004,1545.545000,1.5000E-004
1545.550000,1.4950E-004,1545.550000,1.4950E-004
1545.555000,1.4940E-004,1545.555000,1.4940E-004
1545.560000,1.4880E-004,1545.560000,1.4880E-004
1545.565000,1.4820E-004,1545.565000,1.4820E-004
1545.570000,1.4760E-004,1545.570000,1.4760E-004
1545.575000,1.4690E-004,1545.575000,1.4690E-004
1545.580000,1.4630E-004,1545.580000,1.4630E-004
1545.585000,1.4590E-004,1545.585000,1.4590E-004
1545.590000,1.4530E-004,1545.590000,1.4530E-004
1545.595000,1.4500E-004,1545.595000,1.4500E-004
1545.600000,1.4470E-004,1545.600000,1.4470E-004
1545.605000,1.4480E-004,1545.605000,1.4480E-004
1545.610000,1.4490E-004,1545.610000,1.4490E-004
1545.615000,1.4560E-004,1545.615000,1.4560E-004
1545.620000,1.4610E-004,1545.620000,1.4610E-004
1545.625000,1.4700E-004,1545.625000,1.4700E-004
1545.630000,1.4810E-004,1545.630000,1.4810E-004
1545.635000,1.4980E-004,1545.635000,1.4980E-004
1545.640000,1.5150E-004,1545.640000,1.5150E-004
1545.645000,1.5350E-004,1545.645000,1.5350E-004
1545.650000,1.5540E-004,1545.650000,1.5540E-004
1545.655000,1.5760E-004,1545.655000,1.5760E-004
1545.660000,1.5980E-004,1545.660000,1.5980E-004
1545.665000,1.6200E-004,1545.665000,1.6200E-004
1545.670000,1.6410E-004,1545.670000,1.6410E-004
1545.675000,1.6580E-004,1545.675000,1.6580E-004
1545.680000,1.6770E-004,1545.680000,1.6770E-004
1545.685000,1.6940E-004,1545.685000,1.6940E-004
1545.690000,1.7050E-004,1545.690000,1.7050E-004
1545.695000,1.7150E-004,1545.695000,1.7150E-004
1545.700000,1.7220E-004,1545.700000,1.7220E-004
1545.705000,1.7260E-004,1545.705000,1.7260E-004
1545.710000,1.7280E-004,1545.710000,1.7280E-004
1545.715000,1.7250E-004,1545.715000,1.7250E-004
1545.720000,1.7250E-004,1545.720000,1.7250E-004
1545.725000,1.7190E-004,1545.725000,1.7190E-004
1545.730000,1.7110E-004,1545.730000,1.7110E-004
1545.735000,1.7050E-004,1545.735000,1.7050E-004
1545.740000,1.6970E-004,1545.740000,1.6970E-004
1545.745000,1.6860E-004,1545.745000,1.6860E-004
1545.750000,1.6820E-004,1545.750000,1.6820E-004
1545.755000,1.6730E-004,1545.755000,1.6730E-004
1545.760000,1.6650E-004,1545.760000,1.6650E-004
1545.765000,1.6610E-004,1545.765000,1.6610E-004
1545.770000,1.6560E-004,1545.770000,1.6560E-004
1545.775000,1.6470E-004,1545.775000,1.6470E-004
1545.780000,1.6450E-004,1545.780000,1.6450E-004
1545.785000,1.6400E-004,1545.785000,1.6400E-004
1545.790000,1.6330E-004,1545.790000,1.6330E-004
1545.795000,1.6320E-004,1545.795000,1.6320E-004
1545.800000,1.6270E-004,1545.800000,1.6270E-004
1545.805000,1.6230E-004,1545.805000,1.6230E-004
1545.810000,1.6150E-004,1545.810000,1.6150E-004
1545.815000,1.6100E-004,1545.815000,1.6100E-004
1545.820000,1.5990E-004,1545.820000,1.5990E-004
1545.825000,1.5900E-004,1545.825000,1.5900E-004
1545.830000,1.5790E-004,1545.830000,1.5790E-004
1545.835000,1.5660E-004,1545.835000,1.5660E-004
1545.840000,1.5550E-004,1545.840000,1.5550E-004
1545.845000,1.5400E-004,1545.845000,1.5400E-004
1545.850000,1.5240E-004,1545.850000,1.5240E-004
1545.855000,1.5110E-004,1545.855000,1.5110E-004
1545.860000,1.4960E-004,1545.860000,1.4960E-004
1545.865000,1.4770E-004,1545.865000,1.4770E-004
1545.870000,1.4660E-004,1545.870000,1.4660E-004
1545.875000,1.4490E-004,1545.875000,1.4490E-004
1545.880000,1.4360E-004,1545.880000,1.4360E-004
1545.885000,1.4270E-004,1545.885000,1.4270E-004
1545.890000,1.4190E-004,1545.890000,1.4190E-004
1545.895000,1.4120E-004,1545.895000,1.4120E-004
1545.900000,1.4050E-004,1545.900000,1.4050E-004
1545.905000,1.4010E-004,1545.905000,1.4010E-004
1545.910000,1.3990E-004,1545.910000,1.3990E-004
1545.915000,1.3990E-004,1545.915000,1.3990E-004
1545.920000,1.4010E-004,1545.920000,1.4010E-004
1545.925000,1.4040E-004,1545.925000,1.4040E-004
1545.930000,1.4070E-004,1545.930000,1.4070E-004
1545.935000,1.4130E-004,1545.935000,1.4130E-004
1545.940000,1.4180E-004,1545.940000,1.4180E-004
1545.945000,1.4250E-004,1545.945000,1.4250E-004
1545.950000,1.4280E-004,1545.950000,1.4280E-004
1545.955000,1.4320E-004,1545.955000,1.4320E-004
1545.960000,1.4380E-004,1545.960000,1.4380E-004
1545.965000,1.4400E-004,1545.965000,1.4400E-004
1545.970000,1.4470E-004,1545.970000,1.4470E-004
1545.975000,1.4520E-004,1545.975000,1.4520E-004
1545.980000,1.4530E-004,1545.980000,1.4530E-004
1545.985000,1.4570E-004,1545.985000,1.4570E-004
1545.990000,1.4590E-004,1545.990000,1.4590E-004
1545.995000,1.4620E-004,1545.995000,1.4620E-004
1546.000000,1.4670E-004,1546.000000,1.4670E-004
1546.005000,1.4700E-004,1546.005000,1.4700E-004
1546.010000,1.4770E-004,1546.010000,1.4770E-004
1546.015000,1.4830E-004,1546.015000,1.4830E-004
1546.020000,1.4900E-004,1546.020000,1.4900E-004
1546.025000,1.5000E-004,1546.025000,1.5000E-004
1546.030000,1.5110E-004,1546.030000,1.5110E-004
1546.035000,1.5220E-004,1546.035000,1.5220E-004
1546.040000,1.5350E-004,1546.040000,1.5350E-004
1546.045000,1.5490E-004,1546.045000,1.5490E-004
1546.050000,1.5650E-004,1546.050000,1.5650E-004
1546.055000,1.5820E-004,1546.055000,1.5820E-004
1546.060000,1.5970E-004,1546.060000,1.5970E-004
1546.065000,1.6130E-004,1546.065000,1.6130E-004
1546.070000,1.6270E-004,1546.070000,1.6270E-004
1546.075000,1.6440E-004,1546.075000,1.6440E-004
1546.080000,1.6570E-004,1546.080000,1.6570E-004
1546.085000,1.6670E-004,1546.085000,1.6670E-004
1546.090000,1.6770E-004,1546.090000,1.6770E-004
1546.095000,1.6880E-004,1546.095000,1.6880E-004
1546.100000,1.6930E-004,1546.100000,1.6930E-004
1546.105000,1.6970E-004,1546.105000,1.6970E-004
1546.110000,1.6980E-004,1546.110000,1.6980E-004
1546.115000,1.6940E-004,1546.115000,1.6940E-004
1546.120000,1.6950E-004,1546.120000,1.6950E-004
1546.125000,1.6900E-004,1546.125000,1.6900E-004
1546.130000,1.6790E-004,1546.130000,1.6790E-004
1546.135000,1.6720E-004,1546.135000,1.6720E-004
1546.140000,1.6650E-004,1546.140000,1.6650E-004
1546.145000,1.6560E-004,1546.145000,1.6560E-004
1546.150000,1.6480E-004,1546.150000,1.6480E-004
1546.155000,1.6360E-004,1546.155000,1.6360E-004
1546.160000,1.6240E-004,1546.160000,1.6240E-004
1546.165000,1.6150E-004,1546.165000,1.6150E-004
1546.170000,1.6080E-004,1546.170000,1.6080E-004
1546.175000,1.5940E-004,1546.175000,1.5940E-004
1546.180000,1.5850E-004,1546.180000,1.5850E-004
1546.185000,1.5780E-004,1546.185000,1.5780E-004
1546.190000,1.5680E-004,1546.190000,1.5680E-004
1546.195000,1.5570E-004,1546.195000,1.5570E-004
1546.200000,1.5500E-004,1546.200000,1.5500E-004
1546.205000,1.5370E-004,1546.205000,1.5370E-004
1546.210000,1.5290E-004,1546.210000,1.5290E-004
1546.215000,1.5140E-004,1546.215000,1.5140E-004
1546.220000,1.5040E-004,1546.220000,1.5040E-004
1546.225000,1.4940E-004,1546.225000,1.4940E-004
1546.230000,1.4800E-004,1546.230000,1.4800E-004
1546.235000,1.4630E-004,1546.235000,1.4630E-004
1546.240000,1.4470E-004,1546.240000,1.4470E-004
1546.245000,1.4320E-004,1546.245000,1.4320E-004
1546.250000,1.4140E-004,1546.250000,1.4140E-004
1546.255000,1.3980E-004,1546.255000,1.3980E-004
1546.260000,1.3820E-004,1546.260000,1.3820E-004
1546.265000,1.3660E-004,1546.265000,1.3660E-004
1546.270000,1.3520E-004,1546.270000,1.3520E-004
1546.275000,1.3400E-004,1546.275000,1.3400E-004
1546.280000,1.3270E-004,1546.280000,1.3270E-004
1546.285000,1.3200E-004,1546.285000,1.3200E-004
1546.290000,1.3130E-004,1546.290000,1.3130E-004
1546.295000,1.3100E-004,1546.295000,1.3100E-004
1546.300000,1.3070E-004,1546.300000,1.3070E-004
1546.305000,1.3090E-004,1546.305000,1.3090E-004
1546.310000,1.3130E-004,1546.310000,1.3130E-004
1546.315000,1.3180E-004,1546.315000,1.3180E-004
1546.320000,1.3290E-004,1546.320000,1.3290E-004
1546.325000,1.3400E-004,1546.325000,1.3400E-004
1546.330000,1.3530E-004,1546.330000,1.3530E-004
1546.335000,1.3660E-004,1546.335000,1.3660E-004
1546.340000,1.3790E-004,1546.340000,1.3790E-004
1546.345000,1.3970E-004,1546.345000,1.3970E-004
1546.350000,1.4150E-004,1546.350000,1.4150E-004
1546.355000,1.4310E-004,1546.355000,1.4310E-004
1546.360000,1.4490E-004,1546.360000,1.4490E-004
1546.365000,1.4600E-004,1546.365000,1.4600E-004
1546.370000,1.4790E-004,1546.370000,1.4790E-004
1546.375000,1.4900E-004,1546.375000,1.4900E-004
1546.380000,1.5020E-004,1546.380000,1.5020E-004
1546.385000,1.5110E-004,1546.385000,1.5110E-004
1546.390000,1.5220E-004,1546.390000,1.5220E-004
1546.395000,1.5310E-004,1546.395000,1.5310E-004
1546.400000,1.5400E-004,1546.400000,1.5400E-004
1546.405000,1.5470E-004,1546.405000,1.5470E-004
1546.410000,1.5510E-004,1546.410000,1.5510E-004
1546.415000,1.5610E-004,1546.415000,1.5610E-004
1546.420000,1.5680E-004,1546.420000,1.5680E-004
1546.425000,1.5760E-004,1546.425000,1.5760E-004
1546.430000,1.5880E-004,1546.430000,1.5880E-004
1546.435000,1.5910E-004,1546.435000,1.5910E-004
1546.440000,1.6010E-004,1546.440000,1.6010E-004
1546.445000,1.6080E-004,1546.445000,1.6080E-004
1546.450000,1.6190E-004,1546.450000,1.6190E-004
1546.455000,1.6250E-004,1546.455000,1.6250E-004
1546.460000,1.6330E-004,1546.460000,1.6330E-004
1546.465000,1.6410E-004,1546.465000,1.6410E-004
1546.470000,1.6480E-004,1546.470000,1.6480E-004
1546.475000,1.6510E-004,1546.475000,1.6510E-004
1546.480000,1.6550E-004,1546.480000,1.6550E-004
1546.485000,1.6570E-004,1546.485000,1.6570E-004
1546.490000,1.6580E-004,1546.490000,1.6580E-004
1546.495000,1.6550E-004,1546.495000,1.6550E-004
1546.500000,1.6520E-004,1546.500000,1.6520E-004
1546.505000,1.6440E-004,1546.505000,1.6440E-004
1546.510000,1.6330E-004,1546.510000,1.6330E-004
1546.515000,1.6230E-004,1546.515000,1.6230E-004
1546.520000,1.6110E-004,1546.520000,1.6110E-004
1546.525000,1.5970E-004,1546.525000,1.5970E-004
1546.530000,1.5810E-004,1546.530000,1.5810E-004
1546.535000,1.5650E-004,1546.535000,1.5650E-004
1546.540000,1.5490E-004,1546.540000,1.5490E-004
1546.545000,1.5290E-004,1546.545000,1.5290E-004
1546.550000,1.5140E-004,1546.550000,1.5140E-004
1546.555000,1.5010E-004,1546.555000,1.5010E-004
1546.560000,1.4860E-004,1546.560000,1.4860E-004
1546.565000,1.4740E-004,1546.565000,1.4740E-004
1546.570000,1.4620E-004,1546.570000,1.4620E-004
1546.575000,1.4520E-004,1546.575000,1.4520E-004
1546.580000,1.4420E-004,1546.580000,1.4420E-004
1546.585000,1.4360E-004,1546.585000,1.4360E-004
1546.590000,1.4310E-004,1546.590000,1.4310E-004
1546.595000,1.4260E-004,1546.595000,1.4260E-004
1546.600000,1.4210E-004,1546.600000,1.4210E-004
1546.605000,1.4200E-004,1546.605000,1.4200E-004
1546.610000,1.4200E-004,1546.610000,1.4200E-004
1546.615000,1.4180E-004,1546.615000,1.4180E-004
1546.620000,1.4160E-004,1546.620000,1.4160E-004
1546.625000,1.4150E-004,1546.625000,1.4150E-004
1546.630000,1.4140E-004,1546.630000,1.4140E-004
1546.635000,1.4140E-004,1546.635000,1.4140E-004
1546.640000,1.4140E-004,1546.640000,1.4140E-004
1546.645000,1.4130E-004,1546.645000,1.4130E-004
1546.650000,1.4090E-004,1546.650000,1.4090E-004
1546.655000,1.4060E-004,1546.655000,1.4060E-004
1546.660000,1.4060E-004,1546.660000,1.4060E-004
1546.665000,1.4050E-004,1546.665000,1.4050E-004
1546.670000,1.4020E-004,1546.670000,1.4020E-004
1546.675000,1.4040E-004,1546.675000,1.4040E-004
1546.680000,1.4020E-004,1546.680000,1.4020E-004
1546.685000,1.4050E-004,1546.685000,1.4050E-004
1546.690000,1.4050E-004,1546.690000,1.4050E-004
1546.695000,1.4170E-004,1546.695000,1.4170E-004
1546.700000,1.4200E-004,1546.700000,1.4200E-004
1546.705000,1.4290E-004,1546.705000,1.4290E-004
1546.710000,1.4400E-004,1546.710000,1.4400E-004
1546.715000,1.4530E-004,1546.715000,1.4530E-004
1546.720000,1.4650E-004,1546.720000,1.4650E-004
1546.725000,1.4810E-004,1546.725000,1.4810E-004
1546.730000,1.4940E-004,1546.730000,1.4940E-004
1546.735000,1.5140E-004,1546.735000,1.5140E-004
1546.740000,1.5310E-004,1546.740000,1.5310E-004
1546.745000,1.5480E-004,1546.745000,1.5480E-004
1546.750000,1.5680E-004,1546.750000,1.5680E-004
1546.755000,1.5810E-004,1546.755000,1.5810E-004
1546.760000,1.5960E-004,1546.760000,1.5960E-004
1546.765000,1.6120E-004,1546.765000,1.6120E-004
1546.770000,1.6220E-004,1546.770000,1.6220E-004
1546.775000,1.6350E-004,1546.775000,1.6350E-004
1546.780000,1.6430E-004,1546.780000,1.6430E-004
1546.785000,1.6490E-004,1546.785000,1.6490E-004
1546.790000,1.6550E-004,1546.790000,1.6550E-004
1546.795000,1.6570E-004,1546.795000,1.6570E-004
1546.800000,1.6600E-004,1546.800000,1.6600E-004
1546.805000,1.6610E-004,1546.805000,1.6610E-004
1546.810000,1.6590E-004,1546.810000,1.6590E-004
1546.815000,1.6560E-004,1546.815000,1.6560E-004
1546.820000,1.6540E-004,1546.820000,1.6540E-004
1546.825000,1.6500E-004,1546.825000,1.6500E-004
1546.830000,1.6490E-004,1546.830000,1.6490E-004
1546.835000,1.6450E-004,1546.835000,1.6450E-004
1546.840000,1.6420E-004,1546.840000,1.6420E-004
1546.845000,1.6370E-004,1546.845000,1.6370E-004
1546.850000,1.6350E-004,1546.850000,1.6350E-004
1546.855000,1.6320E-004,1546.855000,1.6320E-004
1546.860000,1.6290E-004,1546.860000,1.6290E-004
1546.865000,1.6270E-004,1546.865000,1.6270E-004
1546.870000,1.6250E-004,1546.870000,1.6250E-004
1546.875000,1.6210E-004,1546.875000,1.6210E-004
1546.880000,1.6160E-004,1546.880000,1.6160E-004
1546.885000,1.6130E-004,1546.885000,1.6130E-004
1546.890000,1.6050E-004,1546.890000,1.6050E-004
1546.895000,1.6000E-004,1546.895000,1.6000E-004
1546.900000,1.5900E-004,1546.900000,1.5900E-004
1546.905000,1.5800E-004,1546.905000,1.5800E-004
1546.910000,1.5690E-004,1546.910000,1.5690E-004
1546.915000,1.5560E-004,1546.915000,1.5560E-004
1546.920000,1.5410E-004,1546.920000,1.5410E-004
1546.925000,1.5270E-004,1546.925000,1.5270E-004
1546.930000,1.5070E-004,1546.930000,1.5070E-004
1546.935000,1.4890E-004,1546.935000,1.4890E-004
1546.940000,1.4720E-004,1546.940000,1.4720E-004
1546.945000,1.4530E-004,1546.945000,1.4530E-004
1546.950000,1.4390E-004,1546.950000,1.4390E-004
1546.955000,1.4190E-004,1546.955000,1.4190E-004
1546.960000,1.4020E-004,1546.960000,1.4020E-004
1546.965000,1.3870E-004,1546.965000,1.3870E-004
1546.970000,1.3750E-004,1546.970000,1.3750E-004
1546.975000,1.3660E-004,1546.975000,1.3660E-004
1546.980000,1.3550E-004,1546.980000,1.3550E-004
1546.985000,1.3500E-004,1546.985000,1.3500E-004
1546.990000,1.3450E-004,1546.990000,1.3450E-004
1546.995000,1.3440E-004,1546.995000,1.3440E-004
1547.000000,1.3440E-004,1547.000000,1.3440E-004
1547.005000,1.3440E-004,1547.005000,1.3440E-004
1547.010000,1.3480E-004,1547.010000,1.3480E-004
1547.015000,1.3540E-004,1547.015000,1.3540E-004
1547.020000,1.3600E-004,1547.020000,1.3600E-004
1547.025000,1.3670E-004,1547.025000,1.3670E-004
1547.030000,1.3730E-004,1547.030000,1.3730E-004
1547.035000,1.3810E-004,1547.035000,1.3810E-004
1547.040000,1.3910E-004,1547.040000,1.3910E-004
1547.045000,1.3990E-004,1547.045000,1.3990E-004
1547.050000,1.4040E-004,1547.050000,1.4040E-004
1547.055000,1.4110E-004,1547.055000,1.4110E-004
1547.060000,1.4190E-004,1547.060000,1.4190E-004
1547.065000,1.4250E-004,1547.065000,1.4250E-004
1547.070000,1.4300E-004,1547.070000,1.4300E-004
1547.075000,1.4350E-004,1547.075000,1.4350E-004
1547.080000,1.4410E-004,1547.080000,1.4410E-004
1547.085000,1.4470E-004,1547.085000,1.4470E-004
1547.090000,1.4530E-004,1547.090000,1.4530E-004
1547.095000,1.4610E-004,1547.095000,1.4610E-004
1547.100000,1.4710E-004,1547.100000,1.4710E-004
1547.105000,1.4770E-004,1547.105000,1.4770E-004
1547.110000,1.4870E-004,1547.110000,1.4870E-004
1547.115000,1.5000E-004,1547.115000,1.5000E-004
1547.120000,1.5110E-004,1547.120000,1.5110E-004
1547.125000,1.5260E-004,1547.125000,1.5260E-004
1547.130000,1.5380E-004,1547.130000,1.5380E-004
1547.135000,1.5520E-004,1547.135000,1.5520E-004
1547.140000,1.5690E-004,1547.140000,1.5690E-004
1547.145000,1.5820E-004,1547.145000,1.5820E-004
1547.150000,1.5940E-004,1547.150000,1.5940E-004
1547.155000,1.6090E-004,1547.155000,1.6090E-004
1547.160000,1.6200E-004,1547.160000,1.6200E-004
1547.165000,1.6310E-004,1547.165000,1.6310E-004
1547.170000,1.6390E-004,1547.170000,1.6390E-004
1547.175000,1.6470E-004,1547.175000,1.6470E-004
1547.180000,1.6490E-004,1547.180000,1.6490E-004
1547.185000,1.6520E-004,1547.185000,1.6520E-004
1547.190000,1.6510E-004,1547.190000,1.6510E-004
1547.195000,1.6480E-004,1547.195000,1.6480E-004
1547.200000,1.6460E-004,1547.200000,1.6460E-004
1547.205000,1.6410E-004,1547.205000,1.6410E-004
1547.210000,1.6310E-004,1547.210000,1.6310E-004
1547.215000,1.6190E-004,1547.215000,1.6190E-004
1547.220000,1.6090E-004,1547.220000,1.6090E-004
1547.225000,1.5980E-004,1547.225000,1.5980E-004
1547.230000,1.5860E-004,1547.230000,1.5860E-004
1547.235000,1.5740E-004,1547.235000,1.5740E-004
1547.240000,1.5620E-004,1547.240000,1.5620E-004
1547.245000,1.5520E-004,1547.245000,1.5520E-004
1547.250000,1.5400E-004,1547.250000,1.5400E-004
1547.255000,1.5310E-004,1547.255000,1.5310E-004
1547.260000,1.5200E-004,1547.260000,1.5200E-004
1547.265000,1.5130E-004,1547.265000,1.5130E-004
1547.270000,1.5030E-004,1547.270000,1.5030E-004
1547.275000,1.4970E-004,1547.275000,1.4970E-004
1547.280000,1.4910E-004,1547.280000,1.4910E-004
1547.285000,1.4790E-004,1547.285000,1.4790E-004
1547.290000,1.4730E-004,1547.290000,1.4730E-004
1547.295000,1.4660E-004,1547.295000,1.4660E-004
1547.300000,1.4580E-004,1547.300000,1.4580E-004
1547.305000,1.4470E-004,1547.305000,1.4470E-004
1547.310000,1.4400E-004,1547.310000,1.4400E-004
1547.315000,1.4300E-004,1547.315000,1.4300E-004
1547.320000,1.4180E-004,1547.320000,1.4180E-004
1547.325000,1.4050E-004,1547.325000,1.4050E-004
1547.330000,1.3940E-004,1547.330000,1.3940E-004
1547.335000,1.3810E-004,1547.335000,1.3810E-004
1547.340000,1.3700E-004,1547.340000,1.3700E-004
1547.345000,1.3580E-004,1547.345000,1.3580E-004
1547.350000,1.3460E-004,1547.350000,1.3460E-004
1547.355000,1.3340E-004,1547.355000,1.3340E-004
1547.360000,1.3250E-004,1547.360000,1.3250E-004
1547.365000,1.3190E-004,1547.365000,1.3190E-004
1547.370000,1.3120E-004,1547.370000,1.3120E-004
1547.375000,1.3070E-004,1547.375000,1.3070E-004
1547.380000,1.3070E-004,1547.380000,1.3070E-004
1547.385000,1.3080E-004,1547.385000,1.3080E-004
1547.390000,1.3140E-004,1547.390000,1.3140E-004
1547.395000,1.3210E-004,1547.395000,1.3210E-004
1547.400000,1.3280E-004,1547.400000,1.3280E-004
1547.405000,1.3400E-004,1547.405000,1.3400E-004
1547.410000,1.3530E-004,1547.410000,1.3530E-004
1547.415000,1.3670E-004,1547.415000,1.3670E-004
1547.420000,1.3860E-004,1547.420000,1.3860E-004
1547.425000,1.4000E-004,1547.425000,1.4000E-004
1547.430000,1.4200E-004,1547.430000,1.4200E-004
1547.435000,1.4350E-004,1547.435000,1.4350E-004
1547.440000,1.4520E-004,1547.440000,1.4520E-004
1547.445000,1.4670E-004,1547.445000,1.4670E-004
1547.450000,1.4830E-004,1547.450000,1.4830E-004
1547.455000,1.4950E-004,1547.455000,1.4950E-004
1547.460000,1.5080E-004,1547.460000,1.5080E-004
1547.465000,1.5170E-004,1547.465000,1.5170E-004
1547.470000,1.5260E-004,1547.470000,1.5260E-004
1547.475000,1.5320E-004,1547.475000,1.5320E-004
1547.480000,1.5390E-004,1547.480000,1.5390E-004
1547.485000,1.5450E-004,1547.485000,1.5450E-004
1547.490000,1.5460E-004,1547.490000,1.5460E-004
1547.495000,1.5530E-004,1547.495000,1.5530E-004
1547.500000,1.5540E-004,1547.500000,1.5540E-004
1547.505000,1.5590E-004,1547.505000,1.5590E-004
1547.510000,1.5640E-004,1547.510000,1.5640E-004
1547.515000,1.5660E-004,1547.515000,1.5660E-004
1547.520000,1.5670E-004,1547.520000,1.5670E-004
1547.525000,1.5720E-004,1547.525000,1.5720E-004
1547.530000,1.5800E-004,1547.530000,1.5800E-004
1547.535000,1.5860E-004,1547.535000,1.5860E-004
1547.540000,1.5890E-004,1547.540000,1.5890E-004
1547.545000,1.5960E-004,1547.545000,1.5960E-004
1547.550000,1.5980E-004,1547.550000,1.5980E-004
1547.555000,1.6020E-004,1547.555000,1.6020E-004
1547.560000,1.6020E-004,1547.560000,1.6020E-004
1547.565000,1.6050E-004,1547.565000,1.6050E-004
1547.570000,1.6020E-004,1547.570000,1.6020E-004
1547.575000,1.6000E-004,1547.575000,1.6000E-004
1547.580000,1.5950E-004,1547.580000,1.5950E-004
1547.585000,1.5860E-004,1547.585000,1.5860E-004
1547.590000,1.5760E-004,1547.590000,1.5760E-004
1547.595000,1.5660E-004,1547.595000,1.5660E-004
1547.600000,1.5520E-004,1547.600000,1.5520E-004
1547.605000,1.5380E-004,1547.605000,1.5380E-004
1547.610000,1.5230E-004,1547.610000,1.5230E-004
1547.615000,1.5090E-004,1547.615000,1.5090E-004
1547.620000,1.4910E-004,1547.620000,1.4910E-004
1547.625000,1.4780E-004,1547.625000,1.4780E-004
1547.630000,1.4640E-004,1547.630000,1.4640E-004
1547.635000,1.4540E-004,1547.635000,1.4540E-004
1547.640000,1.4470E-004,1547.640000,1.4470E-004
1547.645000,1.4410E-004,1547.645000,1.4410E-004
1547.650000,1.4390E-004,1547.650000,1.4390E-004
1547.655000,1.4380E-004,1547.655000,1.4380E-004
1547.660000,1.4430E-004,1547.660000,1.4430E-004
1547.665000,1.4480E-004,1547.665000,1.4480E-004
1547.670000,1.4520E-004,1547.670000,1.4520E-004
1547.675000,1.4580E-004,1547.675000,1.4580E-004
1547.680000,1.4660E-004,1547.680000,1.4660E-004
1547.685000,1.4700E-004,1547.685000,1.4700E-004
1547.690000,1.4780E-004,1547.690000,1.4780E-004
1547.695000,1.4900E-004,1547.695000,1.4900E-004
1547.700000,1.5110E-004,1547.700000,1.5110E-004
1547.705000,1.5440E-004,1547.705000,1.5440E-004
1547.710000,1.6050E-004,1547.710000,1.6050E-004
1547.715000,1.6930E-004,1547.715000,1.6930E-004
1547.720000,1.8280E-004,1547.720000,1.8280E-004
1547.725000,2.0090E-004,1547.725000,2.0090E-004
1547.730000,2.2490E-004,1547.730000,2.2490E-004
1547.735000,2.5620E-004,1547.735000,2.5620E-004
1547.740000,2.9630E-004,1547.740000,2.9630E-004
1547.745000,3.5090E-004,1547.745000,3.5090E-004
1547.750000,4.0660E-004,1547.750000,4.0660E-004
1547.755000,4.7390E-004,1547.755000,4.7390E-004
1547.760000,5.4400E-004,1547.760000,5.4400E-004
1547.765000,6.2450E-004,1547.765000,6.2450E-004
1547.770000,7.0960E-004,1547.770000,7.0960E-004
1547.775000,7.9950E-004,1547.775000,7.9950E-004
1547.780000,8.9580E-004,1547.780000,8.9580E-004
1547.785000,9.8290E-004,1547.785000,9.8290E-004
1547.790000,1.0890E-003,1547.790000,1.0890E-003
1547.795000,1.1860E-003,1547.795000,1.1860E-003
1547.800000,1.2890E-003,1547.800000,1.2890E-003
1547.805000,1.3880E-003,1547.805000,1.3880E-003
1547.810000,1.4850E-003,1547.810000,1.4850E-003
1547.815000,1.5660E-003,1547.815000,1.5660E-003
1547.820000,1.6650E-003,1547.820000,1.6650E-003
1547.825000,1.7470E-003,1547.825000,1.7470E-003
1547.830000,1.8210E-003,1547.830000,1.8210E-003
1547.835000,1.8920E-003,1547.835000,1.8920E-003
1547.840000,1.9480E-003,1547.840000,1.9480E-003
1547.845000,2.0000E-003,1547.845000,2.0000E-003
1547.850000,2.0450E-003,1547.850000,2.0450E-003
1547.855000,2.0840E-003,1547.855000,2.0840E-003
1547.860000,2.1110E-003,1547.860000,2.1110E-003
1547.865000,2.1360E-003,1547.865000,2.1360E-003
1547.870000,2.1540E-003,1547.870000,2.1540E-003
1547.875000,2.1690E-003,1547.875000,2.1690E-003
1547.880000,2.1790E-003,1547.880000,2.1790E-003
1547.885000,2.1890E-003,1547.885000,2.1890E-003
1547.890000,2.1910E-003,1547.890000,2.1910E-003
1547.895000,2.1950E-003,1547.895000,2.1950E-003
1547.900000,2.1900E-003,1547.900000,2.1900E-003
1547.905000,2.1840E-003,1547.905000,2.1840E-003
1547.910000,2.1700E-003,1547.910000,2.1700E-003
1547.915000,2.1560E-003,1547.915000,2.1560E-003
1547.920000,2.1360E-003,1547.920000,2.1360E-003
1547.925000,2.1100E-003,1547.925000,2.1100E-003
1547.930000,2.0760E-003,1547.930000,2.0760E-003
1547.935000,2.0330E-003,1547.935000,2.0330E-003
1547.940000,1.9850E-003,1547.940000,1.9850E-003
1547.945000,1.9270E-003,1547.945000,1.9270E-003
1547.950000,1.8560E-003,1547.950000,1.8560E-003
1547.955000,1.7760E-003,1547.955000,1.7760E-003
1547.960000,1.6890E-003,1547.960000,1.6890E-003
1547.965000,1.5980E-003,1547.965000,1.5980E-003
1547.970000,1.4980E-003,1547.970000,1.4980E-003
1547.975000,1.3880E-003,1547.975000,1.3880E-003
1547.980000,1.2910E-003,1547.980000,1.2910E-003
1547.985000,1.1930E-003,1547.985000,1.1930E-003
1547.990000,1.0770E-003,1547.990000,1.0770E-003
1547.995000,9.7820E-004,1547.995000,9.7820E-004
1548.000000,8.8110E-004,1548.000000,8.8110E-004
1548.005000,7.8720E-004,1548.005000,7.8720E-004
1548.010000,6.9450E-004,1548.010000,6.9450E-004
1548.015000,6.1560E-004,1548.015000,6.1560E-004
1548.020000,5.2920E-004,1548.020000,5.2920E-004
1548.025000,4.5340E-004,1548.025000,4.5340E-004
1548.030000,3.8500E-004,1548.030000,3.8500E-004
1548.035000,3.2650E-004,1548.035000,3.2650E-004
1548.040000,2.8220E-004,1548.040000,2.8220E-004
1548.045000,2.3980E-004,1548.045000,2.3980E-004
1548.050000,2.1150E-004,1548.050000,2.1150E-004
1548.055000,1.8910E-004,1548.055000,1.8910E-004
1548.060000,1.7560E-004,1548.060000,1.7560E-004
1548.065000,1.6640E-004,1548.065000,1.6640E-004
1548.070000,1.6040E-004,1548.070000,1.6040E-004
1548.075000,1.5700E-004,1548.075000,1.5700E-004
1548.080000,1.5440E-004,1548.080000,1.5440E-004
1548.085000,1.5240E-004,1548.085000,1.5240E-004
1548.090000,1.5040E-004,1548.090000,1.5040E-004
1548.095000,1.4860E-004,1548.095000,1.4860E-004
1548.100000,1.4700E-004,1548.100000,1.4700E-004
1548.105000,1.4560E-004,1548.105000,1.4560E-004
1548.110000,1.4500E-004,1548.110000,1.4500E-004
1548.115000,1.4430E-004,1548.115000,1.4430E-004
1548.120000,1.4370E-004,1548.120000,1.4370E-004
1548.125000,1.4340E-004,1548.125000,1.4340E-004
1548.130000,1.4370E-004,1548.130000,1.4370E-004
1548.135000,1.4390E-004,1548.135000,1.4390E-004
1548.140000,1.4460E-004,1548.140000,1.4460E-004
1548.145000,1.4500E-004,1548.145000,1.4500E-004
1548.150000,1.4570E-004,1548.150000,1.4570E-004
1548.155000,1.4570E-004,1548.155000,1.4570E-004
1548.160000,1.4650E-004,1548.160000,1.4650E-004
1548.165000,1.4660E-004,1548.165000,1.4660E-004
1548.170000,1.4700E-004,1548.170000,1.4700E-004
1548.175000,1.4710E-004,1548.175000,1.4710E-004
1548.180000,1.4790E-004,1548.180000,1.4790E-004
1548.185000,1.4840E-004,1548.185000,1.4840E-004
1548.190000,1.4870E-004,1548.190000,1.4870E-004
1548.195000,1.4980E-004,1548.195000,1.4980E-004
1548.200000,1.5090E-004,1548.200000,1.5090E-004
1548.205000,1.5180E-004,1548.205000,1.5180E-004
1548.210000,1.5280E-004,1548.210000,1.5280E-004
1548.215000,1.5410E-004,1548.215000,1.5410E-004
1548.220000,1.5540E-004,1548.220000,1.5540E-004
1548.225000,1.5590E-004,1548.225000,1.5590E-004
1548.230000,1.5740E-004,1548.230000,1.5740E-004
1548.235000,1.5880E-004,1548.235000,1.5880E-004
1548.240000,1.5950E-004,1548.240000,1.5950E-004
1548.245000,1.6040E-004,1548.245000,1.6040E-004
1548.250000,1.6130E-004,1548.250000,1.6130E-004
1548.255000,1.6200E-004,1548.255000,1.6200E-004
1548.260000,1.6200E-004,1548.260000,1.6200E-004
1548.265000,1.6200E-004,1548.265000,1.6200E-004
1548.270000,1.6160E-004,1548.270000,1.6160E-004
1548.275000,1.6150E-004,1548.275000,1.6150E-004
1548.280000,1.6030E-004,1548.280000,1.6030E-004
1548.285000,1.5950E-004,1548.285000,1.5950E-004
1548.290000,1.5830E-004,1548.290000,1.5830E-004
1548.295000,1.5740E-004,1548.295000,1.5740E-004
1548.300000,1.5590E-004,1548.300000,1.5590E-004
1548.305000,1.5430E-004,1548.305000,1.5430E-004
1548.310000,1.5260E-004,1548.310000,1.5260E-004
1548.315000,1.5110E-004,1548.315000,1.5110E-004
1548.320000,1.4910E-004,1548.320000,1.4910E-004
1548.325000,1.4730E-004,1548.325000,1.4730E-004
1548.330000,1.4560E-004,1548.330000,1.4560E-004
1548.335000,1.4390E-004,1548.335000,1.4390E-004
1548.340000,1.4260E-004,1548.340000,1.4260E-004
1548.345000,1.4110E-004,1548.345000,1.4110E-004
1548.350000,1.3990E-004,1548.350000,1.3990E-004
1548.355000,1.3820E-004,1548.355000,1.3820E-004
1548.360000,1.3770E-004,1548.360000,1.3770E-004
1548.365000,1.3590E-004,1548.365000,1.3590E-004
1548.370000,1.3520E-004,1548.370000,1.3520E-004
1548.375000,1.3420E-004,1548.375000,1.3420E-004
1548.380000,1.3290E-004,1548.380000,1.3290E-004
1548.385000,1.3160E-004,1548.385000,1.3160E-004
1548.390000,1.3070E-004,1548.390000,1.3070E-004
1548.395000,1.2970E-004,1548.395000,1.2970E-004
1548.400000,1.2870E-004,1548.400000,1.2870E-004
1548.405000,1.2760E-004,1548.405000,1.2760E-004
1548.410000,1.2660E-004,1548.410000,1.2660E-004
1548.415000,1.2550E-004,1548.415000,1.2550E-004
1548.420000,1.2450E-004,1548.420000,1.2450E-004
1548.425000,1.2360E-004,1548.425000,1.2360E-004
1548.430000,1.2280E-004,1548.430000,1.2280E-004
1548.435000,1.2210E-004,1548.435000,1.2210E-004
1548.440000,1.2150E-004,1548.440000,1.2150E-004
1548.445000,1.2110E-004,1548.445000,1.2110E-004
1548.450000,1.2110E-004,1548.450000,1.2110E-004
1548.455000,1.2120E-004,1548.455000,1.2120E-004
1548.460000,1.2150E-004,1548.460000,1.2150E-004
1548.465000,1.2220E-004,1548.465000,1.2220E-004
1548.470000,1.2280E-004,1548.470000,1.2280E-004
1548.475000,1.2410E-004,1548.475000,1.2410E-004
1548.480000,1.2530E-004,1548.480000,1.2530E-004
1548.485000,1.2680E-004,1548.485000,1.2680E-004
1548.490000,1.2840E-004,1548.490000,1.2840E-004
1548.495000,1.3010E-004,1548.495000,1.3010E-004
1548.500000,1.3210E-004,1548.500000,1.3210E-004
1548.505000,1.3390E-004,1548.505000,1.3390E-004
1548.510000,1.3580E-004,1548.510000,1.3580E-004
1548.515000,1.3750E-004,1548.515000,1.3750E-004
1548.520000,1.3930E-004,1548.520000,1.3930E-004
1548.525000,1.4080E-004,1548.525000,1.4080E-004
1548.530000,1.4200E-004,1548.530000,1.4200E-004
1548.535000,1.4310E-004,1548.535000,1.4310E-004
1548.540000,1.4430E-004,1548.540000,1.4430E-004
1548.545000,1.4520E-004,1548.545000,1.4520E-004
1548.550000,1.4590E-004,1548.550000,1.4590E-004
1548.555000,1.4630E-004,1548.555000,1.4630E-004
1548.560000,1.4690E-004,1548.560000,1.4690E-004
1548.565000,1.4710E-004,1548.565000,1.4710E-004
1548.570000,1.4700E-004,1548.570000,1.4700E-004
1548.575000,1.4720E-004,1548.575000,1.4720E-004
1548.580000,1.4720E-004,1548.580000,1.4720E-004
1548.585000,1.4710E-004,1548.585000,1.4710E-004
1548.590000,1.4720E-004,1548.590000,1.4720E-004
1548.595000,1.4720E-004,1548.595000,1.4720E-004
1548.600000,1.4720E-004,1548.600000,1.4720E-004
1548.605000,1.4710E-004,1548.605000,1.4710E-004
1548.610000,1.4720E-004,1548.610000,1.4720E-004
1548.615000,1.4710E-004,1548.615000,1.4710E-004
1548.620000,1.4730E-004,1548.620000,1.4730E-004
1548.625000,1.4730E-004,1548.625000,1.4730E-004
1548.630000,1.4750E-004,1548.630000,1.4750E-004
1548.635000,1.4730E-004,1548.635000,1.4730E-004
1548.640000,1.4730E-004,1548.640000,1.4730E-004
1548.645000,1.4720E-004,1548.645000,1.4720E-004
1548.650000,1.4670E-004,1548.650000,1.4670E-004
1548.655000,1.4640E-004,1548.655000,1.4640E-004
1548.660000,1.4560E-004,1548.660000,1.4560E-004
1548.665000,1.4470E-004,1548.665000,1.4470E-004
1548.670000,1.4380E-004,1548.670000,1.4380E-004
1548.675000,1.4260E-004,1548.675000,1.4260E-004
1548.680000,1.4100E-004,1548.680000,1.4100E-004
1548.685000,1.3970E-004,1548.685000,1.3970E-004
1548.690000,1.3810E-004,1548.690000,1.3810E-004
1548.695000,1.3660E-004,1548.695000,1.3660E-004
1548.700000,1.3490E-004,1548.700000,1.3490E-004
1548.705000,1.3340E-004,1548.705000,1.3340E-004
1548.710000,1.3160E-004,1548.710000,1.3160E-004
1548.715000,1.3010E-004,1548.715000,1.3010E-004
1548.720000,1.2880E-004,1548.720000,1.2880E-004
1548.725000,1.2710E-004,1548.725000,1.2710E-004
1548.730000,1.2580E-004,1548.730000,1.2580E-004
1548.735000,1.2490E-004,1548.735000,1.2490E-004
1548.740000,1.2380E-004,1548.740000,1.2380E-004
1548.745000,1.2310E-004,1548.745000,1.2310E-004
1548.750000,1.2270E-004,1548.750000,1.2270E-004
1548.755000,1.2220E-004,1548.755000,1.2220E-004
1548.760000,1.2180E-004,1548.760000,1.2180E-004
1548.765000,1.2170E-004,1548.765000,1.2170E-004
1548.770000,1.2150E-004,1548.770000,1.2150E-004
1548.775000,1.2150E-004,1548.775000,1.2150E-004
1548.780000,1.2160E-004,1548.780000,1.2160E-004
1548.785000,1.2160E-004,1548.785000,1.2160E-004
1548.790000,1.2180E-004,1548.790000,1.2180E-004
1548.795000,1.2190E-004,1548.795000,1.2190E-004
1548.800000,1.2210E-004,1548.800000,1.2210E-004
1548.805000,1.2220E-004,1548.805000,1.2220E-004
1548.810000,1.2220E-004,1548.810000,1.2220E-004
1548.815000,1.2240E-004,1548.815000,1.2240E-004
1548.820000,1.2230E-004,1548.820000,1.2230E-004
1548.825000,1.2250E-004,1548.825000,1.2250E-004
1548.830000,1.2250E-004,1548.830000,1.2250E-004
1548.835000,1.2280E-004,1548.835000,1.2280E-004
1548.840000,1.2300E-004,1548.840000,1.2300E-004
1548.845000,1.2340E-004,1548.845000,1.2340E-004
1548.850000,1.2400E-004,1548.850000,1.2400E-004
1548.855000,1.2470E-004,1548.855000,1.2470E-004
1548.860000,1.2530E-004,1548.860000,1.2530E-004
1548.865000,1.2620E-004,1548.865000,1.2620E-004
1548.870000,1.2730E-004,1548.870000,1.2730E-004
1548.875000,1.2860E-004,1548.875000,1.2860E-004
1548.880000,1.2970E-004,1548.880000,1.2970E-004
1548.885000,1.3130E-004,1548.885000,1.3130E-004
1548.890000,1.3280E-004,1548.890000,1.3280E-004
1548.895000,1.3430E-004,1548.895000,1.3430E-004
1548.900000,1.3590E-004,1548.900000,1.3590E-004
1548.905000,1.3770E-004,1548.905000,1.3770E-004
1548.910000,1.3940E-004,1548.910000,1.3940E-004
1548.915000,1.4120E-004,1548.915000,1.4120E-004
1548.920000,1.4240E-004,1548.920000,1.4240E-004
1548.925000,1.4370E-004,1548.925000,1.4370E-004
1548.930000,1.4500E-004,1548.930000,1.4500E-004
1548.935000,1.4570E-004,1548.935000,1.4570E-004
1548.940000,1.4640E-004,1548.940000,1.4640E-004
1548.945000,1.4710E-004,1548.945000,1.4710E-004
1548.950000,1.4720E-004,1548.950000,1.4720E-004
1548.955000,1.4750E-004,1548.955000,1.4750E-004
1548.960000,1.4730E-004,1548.960000,1.4730E-004
1548.965000,1.4700E-004,1548.965000,1.4700E-004
1548.970000,1.4640E-004,1548.970000,1.4640E-004
1548.975000,1.4620E-004,1548.975000,1.4620E-004
1548.980000,1.4520E-004,1548.980000,1.4520E-004
1548.985000,1.4450E-004,1548.985000,1.4450E-004
1548.990000,1.4370E-004,1548.990000,1.4370E-004
1548.995000,1.4300E-004,1548.995000,1.4300E-004
1549.000000,1.4250E-004,1549.000000,1.4250E-004
1549.005000,1.4160E-004,1549.005000,1.4160E-004
1549.010000,1.4080E-004,1549.010000,1.4080E-004
1549.015000,1.4010E-004,1549.015000,1.4010E-004
1549.020000,1.3950E-004,1549.020000,1.3950E-004
1549.025000,1.3910E-004,1549.025000,1.3910E-004
1549.030000,1.3840E-004,1549.030000,1.3840E-004
1549.035000,1.3790E-004,1549.035000,1.3790E-004
1549.040000,1.3720E-004,1549.040000,1.3720E-004
1549.045000,1.3650E-004,1549.045000,1.3650E-004
1549.050000,1.3590E-004,1549.050000,1.3590E-004
1549.055000,1.3510E-004,1549.055000,1.3510E-004
1549.060000,1.3430E-004,1549.060000,1.3430E-004
1549.065000,1.3330E-004,1549.065000,1.3330E-004
1549.070000,1.3230E-004,1549.070000,1.3230E-004
1549.075000,1.3140E-004,1549.075000,1.3140E-004
1549.080000,1.3000E-004,1549.080000,1.3000E-004
1549.085000,1.2880E-004,1549.085000,1.2880E-004
1549.090000,1.2740E-004,1549.090000,1.2740E-004
1549.095000,1.2630E-004,1549.095000,1.2630E-004
1549.100000,1.2490E-004,1549.100000,1.2490E-004
1549.105000,1.2350E-004,1549.105000,1.2350E-004
1549.110000,1.2220E-004,1549.110000,1.2220E-004
1549.115000,1.2090E-004,1549.115000,1.2090E-004
1549.120000,1.1970E-004,1549.120000,1.1970E-004
1549.125000,1.1860E-004,1549.125000,1.1860E-004
1549.130000,1.1780E-004,1549.130000,1.1780E-004
1549.135000,1.1700E-004,1549.135000,1.1700E-004
1549.140000,1.1640E-004,1549.140000,1.1640E-004
1549.145000,1.1620E-004,1549.145000,1.1620E-004
1549.150000,1.1580E-004,1549.150000,1.1580E-004
1549.155000,1.1590E-004,1549.155000,1.1590E-004
1549.160000,1.1620E-004,1549.160000,1.1620E-004
1549.165000,1.1670E-004,1549.165000,1.1670E-004
1549.170000,1.1730E-004,1549.170000,1.1730E-004
1549.175000,1.1800E-004,1549.175000,1.1800E-004
1549.180000,1.1890E-004,1549.180000,1.1890E-004
1549.185000,1.1990E-004,1549.185000,1.1990E-004
1549.190000,1.2100E-004,1549.190000,1.2100E-004
1549.195000,1.2210E-004,1549.195000,1.2210E-004
1549.200000,1.2320E-004,1549.200000,1.2320E-004
1549.205000,1.2410E-004,1549.205000,1.2410E-004
1549.210000,1.2500E-004,1549.210000,1.2500E-004
1549.215000,1.2600E-004,1549.215000,1.2600E-004
1549.220000,1.2690E-004,1549.220000,1.2690E-004
1549.225000,1.2770E-004,1549.225000,1.2770E-004
1549.230000,1.2840E-004,1549.230000,1.2840E-004
1549.235000,1.2930E-004,1549.235000,1.2930E-004
1549.240000,1.2990E-004,1549.240000,1.2990E-004
1549.245000,1.3040E-004,1549.245000,1.3040E-004
1549.250000,1.3130E-004,1549.250000,1.3130E-004
1549.255000,1.3200E-004,1549.255000,1.3200E-004
1549.260000,1.3270E-004,1549.260000,1.3270E-004
1549.265000,1.3330E-004,1549.265000,1.3330E-004
1549.270000,1.3420E-004,1549.270000,1.3420E-004
1549.275000,1.3510E-004,1549.275000,1.3510E-004
1549.280000,1.3610E-004,1549.280000,1.3610E-004
1549.285000,1.3710E-004,1549.285000,1.3710E-004
1549.290000,1.3820E-004,1549.290000,1.3820E-004
1549.295000,1.3930E-004,1549.295000,1.3930E-004
1549.300000,1.4040E-004,1549.300000,1.4040E-004
1549.305000,1.4160E-004,1549.305000,1.4160E-004
1549.310000,1.4240E-004,1549.310000,1.4240E-004
1549.315000,1.4310E-004,1549.315000,1.4310E-004
1549.320000,1.4390E-004,1549.320000,1.4390E-004
1549.325000,1.4470E-004,1549.325000,1.4470E-004
1549.330000,1.4500E-004,1549.330000,1.4500E-004
1549.335000,1.4520E-004,1549.335000,1.4520E-004
1549.340000,1.4530E-004,1549.340000,1.4530E-004
1549.345000,1.4510E-004,1549.345000,1.4510E-004
1549.350000,1.4500E-004,1549.350000,1.4500E-004
1549.355000,1.4430E-004,1549.355000,1.4430E-004
1549.360000,1.4360E-004,1549.360000,1.4360E-004
1549.365000,1.4260E-004,1549.365000,1.4260E-004
1549.370000,1.4180E-004,1549.370000,1.4180E-004
1549.375000,1.4050E-004,1549.375000,1.4050E-004
1549.380000,1.3930E-004,1549.380000,1.3930E-004
1549.385000,1.3780E-004,1549.385000,1.3780E-004
1549.390000,1.3650E-004,1549.390000,1.3650E-004
1549.395000,1.3490E-004,1549.395000,1.3490E-004
1549.400000,1.3330E-004,1549.400000,1.3330E-004
1549.405000,1.3170E-004,1549.405000,1.3170E-004
1549.410000,1.3040E-004,1549.410000,1.3040E-004
1549.415000,1.2900E-004,1549.415000,1.2900E-004
1549.420000,1.2770E-004,1549.420000,1.2770E-004
1549.425000,1.2690E-004,1549.425000,1.2690E-004
1549.430000,1.2580E-004,1549.430000,1.2580E-004
1549.435000,1.2480E-004,1549.435000,1.2480E-004
1549.440000,1.2360E-004,1549.440000,1.2360E-004
1549.445000,1.2320E-004,1549.445000,1.2320E-004
1549.450000,1.2250E-004,1549.450000,1.2250E-004
1549.455000,1.2210E-004,1549.455000,1.2210E-004
1549.460000,1.2150E-004,1549.460000,1.2150E-004
1549.465000,1.2090E-004,1549.465000,1.2090E-004
1549.470000,1.2050E-004,1549.470000,1.2050E-004
1549.475000,1.1980E-004,1549.475000,1.1980E-004
1549.480000,1.1930E-004,1549.480000,1.1930E-004
1549.485000,1.1870E-004,1549.485000,1.1870E-004
1549.490000,1.1830E-004,1549.490000,1.1830E-004
1549.495000,1.1770E-004,1549.495000,1.1770E-004
1549.500000,1.1720E-004,1549.500000,1.1720E-004
1549.505000,1.1650E-004,1549.505000,1.1650E-004
1549.510000,1.1600E-004,1549.510000,1.1600E-004
1549.515000,1.1550E-004,1549.515000,1.1550E-004
1549.520000,1.1520E-004,1549.520000,1.1520E-004
1549.525000,1.1470E-004,1549.525000,1.1470E-004
1549.530000,1.1440E-004,1549.530000,1.1440E-004
1549.535000,1.1460E-004,1549.535000,1.1460E-004
1549.540000,1.1480E-004,1549.540000,1.1480E-004
1549.545000,1.1500E-004,1549.545000,1.1500E-004
1549.550000,1.1560E-004,1549.550000,1.1560E-004
1549.555000,1.1620E-004,1549.555000,1.1620E-004
1549.560000,1.1710E-004,1549.560000,1.1710E-004
1549.565000,1.1810E-004,1549.565000,1.1810E-004
1549.570000,1.1920E-004,1549.570000,1.1920E-004
1549.575000,1.2040E-004,1549.575000,1.2040E-004
1549.580000,1.2190E-004,1549.580000,1.2190E-004
1549.585000,1.2320E-004,1549.585000,1.2320E-004
1549.590000,1.2490E-004,1549.590000,1.2490E-004
1549.595000,1.2620E-004,1549.595000,1.2620E-004
1549.600000,1.2760E-004,1549.600000,1.2760E-004
1549.605000,1.2900E-004,1549.605000,1.2900E-004
1549.610000,1.3040E-004,1549.610000,1.3040E-004
1549.615000,1.3160E-004,1549.615000,1.3160E-004
1549.620000,1.3270E-004,1549.620000,1.3270E-004
1549.625000,1.3350E-004,1549.625000,1.3350E-004
1549.630000,1.3450E-004,1549.630000,1.3450E-004
1549.635000,1.3520E-004,1549.635000,1.3520E-004
1549.640000,1.3610E-004,1549.640000,1.3610E-004
1549.645000,1.3670E-004,1549.645000,1.3670E-004
1549.650000,1.3710E-004,1549.650000,1.3710E-004
1549.655000,1.3740E-004,1549.655000,1.3740E-004
1549.660000,1.3770E-004,1549.660000,1.3770E-004
1549.665000,1.3800E-004,1549.665000,1.3800E-004
1549.670000,1.3810E-004,1549.670000,1.3810E-004
1549.675000,1.3800E-004,1549.675000,1.3800E-004
1549.680000,1.3780E-004,1549.680000,1.3780E-004
1549.685000,1.3750E-004,1549.685000,1.3750E-004
1549.690000,1.3690E-004,1549.690000,1.3690E-004
1549.695000,1.3610E-004,1549.695000,1.3610E-004
1549.700000,1.3520E-004,1549.700000,1.3520E-004
1549.705000,1.3360E-004,1549.705000,1.3360E-004
1549.710000,1.3230E-004,1549.710000,1.3230E-004
1549.715000,1.3010E-004,1549.715000,1.3010E-004
1549.720000,1.2760E-004,1549.720000,1.2760E-004
1549.725000,1.2480E-004,1549.725000,1.2480E-004
1549.730000,1.2140E-004,1549.730000,1.2140E-004
1549.735000,1.1780E-004,1549.735000,1.1780E-004
1549.740000,1.1370E-004,1549.740000,1.1370E-004
1549.745000,1.0910E-004,1549.745000,1.0910E-004
1549.750000,1.0450E-004,1549.750000,1.0450E-004
1549.755000,9.8760E-005,1549.755000,9.8760E-005
1549.760000,9.3030E-005,1549.760000,9.3030E-005
1549.765000,8.7440E-005,1549.765000,8.7440E-005
1549.770000,8.1210E-005,1549.770000,8.1210E-005
1549.775000,7.5300E-005,1549.775000,7.5300E-005
1549.780000,6.8990E-005,1549.780000,6.8990E-005
1549.785000,6.3010E-005,1549.785000,6.3010E-005
1549.790000,5.7240E-005,1549.790000,5.7240E-005
1549.795000,5.1370E-005,1549.795000,5.1370E-005
1549.800000,4.6320E-005,1549.800000,4.6320E-005
1549.805000,4.0940E-005,1549.805000,4.0940E-005
1549.810000,3.5910E-005,1549.810000,3.5910E-005
1549.815000,3.1170E-005,1549.815000,3.1170E-005
1549.820000,2.7390E-005,1549.820000,2.7390E-005
1549.825000,2.3500E-005,1549.825000,2.3500E-005
1549.830000,2.0260E-005,1549.830000,2.0260E-005
1549.835000,1.7270E-005,1549.835000,1.7270E-005
1549.840000,1.4550E-005,1549.840000,1.4550E-005
1549.845000,1.2250E-005,1549.845000,1.2250E-005
1549.850000,1.0170E-005,1549.850000,1.0170E-005
1549.855000,8.3990E-006,1549.855000,8.3990E-006
1549.860000,6.9240E-006,1549.860000,6.9240E-006
1549.865000,5.7350E-006,1549.865000,5.7350E-006
1549.870000,4.6550E-006,1549.870000,4.6550E-006
1549.875000,3.7590E-006,1549.875000,3.7590E-006
1549.880000,3.0610E-006,1549.880000,3.0610E-006
1549.885000,2.4450E-006,1549.885000,2.4450E-006
1549.890000,2.0660E-006,1549.890000,2.0660E-006
1549.895000,1.6080E-006,1549.895000,1.6080E-006
1549.900000,1.3190E-006,1549.900000,1.3190E-006
1549.905000,1.0850E-006,1549.905000,1.0850E-006
1549.910000,9.4450E-007,1549.910000,9.4450E-007
1549.915000,6.8220E-007,1549.915000,6.8220E-007
1549.920000,5.7710E-007,1549.920000,5.7710E-007
1549.925000,4.7780E-007,1549.925000,4.7780E-007
1549.930000,3.9120E-007,1549.930000,3.9120E-007
1549.935000,3.7330E-007,1549.935000,3.7330E-007
1549.940000,2.9170E-007,1549.940000,2.9170E-007
1549.945000,2.8800E-007,1549.945000,2.8800E-007
1549.950000,2.5890E-007,1549.950000,2.5890E-007
1549.955000,2.4800E-007,1549.955000,2.4800E-007
1549.960000,2.3660E-007,1549.960000,2.3660E-007
1549.965000,2.1940E-007,1549.965000,2.1940E-007
1549.970000,2.3490E-007,1549.970000,2.3490E-007
1549.975000,2.5250E-007,1549.975000,2.5250E-007
1549.980000,2.2390E-007,1549.980000,2.2390E-007
1549.985000,2.3820E-007,1549.985000,2.3820E-007
1549.990000,2.0600E-007,1549.990000,2.0600E-007
1549.995000,2.3580E-007,1549.995000,2.3580E-007
1550.000000,2.2280E-007,1550.000000,2.2280E-007
1550.005000,2.3350E-007,1550.005000,2.3350E-007
1550.010000,2.0960E-007,1550.010000,2.0960E-007
1550.015000,2.2580E-007,1550.015000,2.2580E-007
1550.020000,2.5420E-007,1550.020000,2.5420E-007
1550.025000,2.4990E-007,1550.025000,2.4990E-007
1550.030000,2.3580E-007,1550.030000,2.3580E-007
1550.035000,1.8380E-007,1550.035000,1.8380E-007
1550.040000,2.1630E-007,1550.040000,2.1630E-007
1550.045000,2.3220E-007,1550.045000,2.3220E-007
1550.050000,2.2710E-007,1550.050000,2.2710E-007
1550.055000,2.3150E-007,1550.055000,2.3150E-007
1550.060000,1.9940E-007,1550.060000,1.9940E-007
1550.065000,2.1640E-007,1550.065000,2.1640E-007
1550.070000,2.0090E-007,1550.070000,2.0090E-007
1550.075000,2.0900E-007,1550.075000,2.0900E-007
1550.080000,2.0450E-007,1550.080000,2.0450E-007
1550.085000,1.7280E-007,1550.085000,1.7280E-007
1550.090000,1.9470E-007,1550.090000,1.9470E-007
1550.095000,2.0220E-007,1550.095000,2.0220E-007
1550.100000,2.5310E-007,1550.100000,2.5310E-007
1550.105000,1.8710E-007,1550.105000,1.8710E-007
1550.110000,1.8770E-007,1550.110000,1.8770E-007
1550.115000,2.0310E-007,1550.115000,2.0310E-007
1550.120000,1.6460E-007,1550.120000,1.6460E-007
1550.125000,1.8590E-007,1550.125000,1.8590E-007
1550.130000,2.1190E-007,1550.130000,2.1190E-007
1550.135000,1.7210E-007,1550.135000,1.7210E-007
1550.140000,2.1030E-007,1550.140000,2.1030E-007
1550.145000,2.0330E-007,1550.145000,2.0330E-007
1550.150000,1.8040E-007,1550.150000,1.8040E-007
1550.155000,2.3630E-007,1550.155000,2.3630E-007
1550.160000,2.0930E-007,1550.160000,2.0930E-007
1550.165000,1.7240E-007,1550.165000,1.7240E-007
1550.170000,1.7530E-007,1550.170000,1.7530E-007
1550.175000,1.7090E-007,1550.175000,1.7090E-007
1550.180000,2.0070E-007,1550.180000,2.0070E-007
1550.185000,1.6490E-007,1550.185000,1.6490E-007
1550.190000,1.6810E-007,1550.190000,1.6810E-007
1550.195000,1.7950E-007,1550.195000,1.7950E-007
1550.200000,1.7820E-007,1550.200000,1.7820E-007
1550.205000,1.6110E-007,1550.205000,1.6110E-007
1550.210000,1.6050E-007,1550.210000,1.6050E-007
1550.215000,1.7180E-007,1550.215000,1.7180E-007
1550.220000,1.7790E-007,1550.220000,1.7790E-007
1550.225000,2.0110E-007,1550.225000,2.0110E-007
1550.230000,1.8110E-007,1550.230000,1.8110E-007
1550.235000,1.8010E-007,1550.235000,1.8010E-007
1550.240000,1.4520E-007,1550.240000,1.4520E-007
1550.245000,1.8250E-007,1550.245000,1.8250E-007
1550.250000,1.3130E-007,1550.250000,1.3130E-007
1550.255000,1.5500E-007,1550.255000,1.5500E-007
1550.260000,1.7100E-007,1550.260000,1.7100E-007
1550.265000,1.9690E-007,1550.265000,1.9690E-007
1550.270000,1.6580E-007,1550.270000,1.6580E-007
1550.275000,1.8980E-007,1550.275000,1.8980E-007
1550.280000,2.0920E-007,1550.280000,2.0920E-007
1550.285000,1.8970E-007,1550.285000,1.8970E-007
1550.290000,2.0980E-007,1550.290000,2.0980E-007
1550.295000,1.7500E-007,1550.295000,1.7500E-007
1550.300000,1.7650E-007,1550.300000,1.7650E-007
1550.305000,1.7140E-007,1550.305000,1.7140E-007
1550.310000,2.1400E-007,1550.310000,2.1400E-007
1550.315000,1.8430E-007,1550.315000,1.8430E-007
1550.320000,1.8620E-007,1550.320000,1.8620E-007
1550.325000,2.2120E-007,1550.325000,2.2120E-007
1550.330000,2.0340E-007,1550.330000,2.0340E-007
1550.335000,2.0560E-007,1550.335000,2.0560E-007
1550.340000,1.8090E-007,1550.340000,1.8090E-007
1550.345000,1.9370E-007,1550.345000,1.9370E-007
1550.350000,1.8390E-007,1550.350000,1.8390E-007
1550.355000,1.8390E-007,1550.355000,1.8390E-007
1550.360000,2.0400E-007,1550.360000,2.0400E-007
1550.365000,1.7470E-007,1550.365000,1.7470E-007
1550.370000,2.1140E-007,1550.370000,2.1140E-007
1550.375000,2.0170E-007,1550.375000,2.0170E-007
1550.380000,2.4400E-007,1550.380000,2.4400E-007
1550.385000,1.9310E-007,1550.385000,1.9310E-007
1550.390000,2.2760E-007,1550.390000,2.2760E-007
1550.395000,2.1760E-007,1550.395000,2.1760E-007
1550.400000,2.1200E-007,1550.400000,2.1200E-007
1550.405000,2.1350E-007,1550.405000,2.1350E-007
1550.410000,2.3830E-007,1550.410000,2.3830E-007
1550.415000,2.5230E-007,1550.415000,2.5230E-007
1550.420000,2.4180E-007,1550.420000,2.4180E-007
1550.425000,2.0280E-007,1550.425000,2.0280E-007
1550.430000,1.9670E-007,1550.430000,1.9670E-007
1550.435000,2.1430E-007,1550.435000,2.1430E-007
1550.440000,1.8090E-007,1550.440000,1.8090E-007
1550.445000,2.1580E-007,1550.445000,2.1580E-007
1550.450000,1.7590E-007,1550.450000,1.7590E-007
1550.455000,2.1880E-007,1550.455000,2.1880E-007
1550.460000,2.0690E-007,1550.460000,2.0690E-007
1550.465000,1.8180E-007,1550.465000,1.8180E-007
1550.470000,2.1120E-007,1550.470000,2.1120E-007
1550.475000,2.0270E-007,1550.475000,2.0270E-007
1550.480000,2.0920E-007,1550.480000,2.0920E-007
1550.485000,1.9440E-007,1550.485000,1.9440E-007
1550.490000,2.1950E-007,1550.490000,2.1950E-007
1550.495000,1.9470E-007,1550.495000,1.9470E-007
1550.500000,2.0730E-007,1550.500000,2.0730E-007
1550.505000,1.9730E-007,1550.505000,1.9730E-007
1550.510000,2.0560E-007,1550.510000,2.0560E-007
1550.515000,2.1460E-007,1550.515000,2.1460E-007
1550.520000,1.6280E-007,1550.520000,1.6280E-007
1550.525000,1.7160E-007,1550.525000,1.7160E-007
1550.530000,1.8390E-007,1550.530000,1.8390E-007
1550.535000,2.2760E-007,1550.535000,2.2760E-007
1550.540000,2.0620E-007,1550.540000,2.0620E-007
1550.545000,1.9160E-007,1550.545000,1.9160E-007
1550.550000,1.6390E-007,1550.550000,1.6390E-007
1550.555000,1.8890E-007,1550.555000,1.8890E-007
1550.560000,1.4840E-007,1550.560000,1.4840E-007
1550.565000,1.6260E-007,1550.565000,1.6260E-007
1550.570000,2.0180E-007,1550.570000,2.0180E-007
1550.575000,1.7860E-007,1550.575000,1.7860E-007
1550.580000,1.8750E-007,1550.580000,1.8750E-007
1550.585000,2.1020E-007,1550.585000,2.1020E-007
1550.590000,1.6310E-007,1550.590000,1.6310E-007
1550.595000,2.1410E-007,1550.595000,2.1410E-007
1550.600000,1.8400E-007,1550.600000,1.8400E-007
1550.605000,1.9870E-007,1550.605000,1.9870E-007
1550.610000,1.7290E-007,1550.610000,1.7290E-007
1550.615000,1.5460E-007,1550.615000,1.5460E-007
1550.620000,1.5780E-007,1550.620000,1.5780E-007
1550.625000,1.7120E-007,1550.625000,1.7120E-007
1550.630000,1.6980E-007,1550.630000,1.6980E-007
1550.635000,1.9870E-007,1550.635000,1.9870E-007
1550.640000,1.9470E-007,1550.640000,1.9470E-007
1550.645000,1.6280E-007,1550.645000,1.6280E-007
1550.650000,1.8330E-007,1550.650000,1.8330E-007
1550.655000,1.6680E-007,1550.655000,1.6680E-007
1550.660000,1.5040E-007,1550.660000,1.5040E-007
1550.665000,1.9800E-007,1550.665000,1.9800E-007
1550.670000,1.9480E-007,1550.670000,1.9480E-007
1550.675000,1.5340E-007,1550.675000,1.5340E-007
1550.680000,1.9890E-007,1550.680000,1.9890E-007
1550.685000,2.0960E-007,1550.685000,2.0960E-007
1550.690000,2.1150E-007,1550.690000,2.1150E-007
1550.695000,2.1240E-007,1550.695000,2.1240E-007
1550.700000,2.0730E-007,1550.700000,2.0730E-007
1550.705000,2.1060E-007,1550.705000,2.1060E-007
1550.710000,2.0390E-007,1550.710000,2.0390E-007
1550.715000,2.1980E-007,1550.715000,2.1980E-007
1550.720000,2.0760E-007,1550.720000,2.0760E-007
1550.725000,2.1730E-007,1550.725000,2.1730E-007
1550.730000,1.8000E-007,1550.730000,1.8000E-007
1550.735000,2.3950E-007,1550.735000,2.3950E-007
1550.740000,2.1350E-007,1550.740000,2.1350E-007
1550.745000,2.4730E-007,1550.745000,2.4730E-007
1550.750000,2.0130E-007,1550.750000,2.0130E-007
1550.755000,2.0200E-007,1550.755000,2.0200E-007
1550.760000,2.0430E-007,1550.760000,2.0430E-007
1550.765000,2.1580E-007,1550.765000,2.1580E-007
1550.770000,2.0460E-007,1550.770000,2.0460E-007
1550.775000,1.8630E-007,1550.775000,1.8630E-007
1550.780000,1.9080E-007,1550.780000,1.9080E-007
1550.785000,2.0960E-007,1550.785000,2.0960E-007
1550.790000,2.2440E-007,1550.790000,2.2440E-007
1550.795000,1.9830E-007,1550.795000,1.9830E-007
1550.800000,2.1630E-007,1550.800000,2.1630E-007
1550.805000,2.2710E-007,1550.805000,2.2710E-007
1550.810000,1.9380E-007,1550.810000,1.9380E-007
1550.815000,2.1660E-007,1550.815000,2.1660E-007
1550.820000,2.3770E-007,1550.820000,2.3770E-007
1550.825000,1.9630E-007,1550.825000,1.9630E-007
1550.830000,2.0250E-007,1550.830000,2.0250E-007
1550.835000,2.2350E-007,1550.835000,2.2350E-007
1550.840000,2.2710E-007,1550.840000,2.2710E-007
1550.845000,1.8590E-007,1550.845000,1.8590E-007
1550.850000,2.3340E-007,1550.850000,2.3340E-007
1550.855000,1.7980E-007,1550.855000,1.7980E-007
1550.860000,2.2330E-007,1550.860000,2.2330E-007
1550.865000,1.9700E-007,1550.865000,1.9700E-007
1550.870000,2.0170E-007,1550.870000,2.0170E-007
1550.875000,2.1570E-007,1550.875000,2.1570E-007
1550.880000,2.0270E-007,1550.880000,2.0270E-007
1550.885000,2.0060E-007,1550.885000,2.0060E-007
1550.890000,1.7280E-007,1550.890000,1.7280E-007
1550.895000,1.9690E-007,1550.895000,1.9690E-007
1550.900000,1.9600E-007,1550.900000,1.9600E-007
1550.905000,1.8260E-007,1550.905000,1.8260E-007
1550.910000,1.6750E-007,1550.910000,1.6750E-007
1550.915000,2.0970E-007,1550.915000,2.0970E-007
1550.920000,1.8410E-007,1550.920000,1.8410E-007
1550.925000,1.8190E-007,1550.925000,1.8190E-007
1550.930000,1.6590E-007,1550.930000,1.6590E-007
1550.935000,1.7980E-007,1550.935000,1.7980E-007
1550.940000,1.7440E-007,1550.940000,1.7440E-007
1550.945000,1.8440E-007,1550.945000,1.8440E-007
1550.950000,1.6460E-007,1550.950000,1.6460E-007
1550.955000,1.6880E-007,1550.955000,1.6880E-007
1550.960000,1.8770E-007,1550.960000,1.8770E-007
1550.965000,1.6380E-007,1550.965000,1.6380E-007
1550.970000,1.7230E-007,1550.970000,1.7230E-007
1550.975000,1.6440E-007,1550.975000,1.6440E-007
1550.980000,1.9950E-007,1550.980000,1.9950E-007
1550.985000,2.1100E-007,1550.985000,2.1100E-007
1550.990000,1.5820E-007,1550.990000,1.5820E-007
1550.995000,2.0530E-007,1550.995000,2.0530E-007
1551.000000,1.8270E-007,1551.000000,1.8270E-007
1551.005000,2.2470E-007,1551.005000,2.2470E-007
1551.010000,2.0430E-007,1551.010000,2.0430E-007
1551.015000,1.8400E-007,1551.015000,1.8400E-007
1551.020000,1.7910E-007,1551.020000,1.7910E-007
1551.025000,1.8380E-007,1551.025000,1.8380E-007
1551.030000,1.8690E-007,1551.030000,1.8690E-007
1551.035000,1.9880E-007,1551.035000,1.9880E-007
1551.040000,1.8380E-007,1551.040000,1.8380E-007
1551.045000,2.1660E-007,1551.045000,2.1660E-007
1551.050000,2.0350E-007,1551.050000,2.0350E-007
1551.055000,2.1880E-007,1551.055000,2.1880E-007
1551.060000,2.1190E-007,1551.060000,2.1190E-007
1551.065000,1.8600E-007,1551.065000,1.8600E-007
1551.070000,1.8590E-007,1551.070000,1.8590E-007
1551.075000,2.0180E-007,1551.075000,2.0180E-007
1551.080000,2.1290E-007,1551.080000,2.1290E-007
1551.085000,1.8710E-007,1551.085000,1.8710E-007
1551.090000,2.0330E-007,1551.090000,2.0330E-007
1551.095000,2.2970E-007,1551.095000,2.2970E-007
1551.100000,2.3170E-007,1551.100000,2.3170E-007
1551.105000,1.8580E-007,1551.105000,1.8580E-007
1551.110000,2.0370E-007,1551.110000,2.0370E-007
1551.115000,2.1410E-007,1551.115000,2.1410E-007
1551.120000,2.4890E-007,1551.120000,2.4890E-007
1551.125000,2.3510E-007,1551.125000,2.3510E-007
1551.130000,2.3690E-007,1551.130000,2.3690E-007
1551.135000,2.2250E-007,1551.135000,2.2250E-007
1551.140000,2.0890E-007,1551.140000,2.0890E-007
1551.145000,1.9370E-007,1551.145000,1.9370E-007
1551.150000,2.0210E-007,1551.150000,2.0210E-007
1551.155000,2.5120E-007,1551.155000,2.5120E-007
1551.160000,2.1750E-007,1551.160000,2.1750E-007
1551.165000,1.7940E-007,1551.165000,1.7940E-007
1551.170000,2.0520E-007,1551.170000,2.0520E-007
1551.175000,2.0850E-007,1551.175000,2.0850E-007
1551.180000,2.3310E-007,1551.180000,2.3310E-007
1551.185000,2.0450E-007,1551.185000,2.0450E-007
1551.190000,2.0040E-007,1551.190000,2.0040E-007
1551.195000,2.0740E-007,1551.195000,2.0740E-007
1551.200000,2.0020E-007,1551.200000,2.0020E-007
1551.205000,2.0500E-007,1551.205000,2.0500E-007
1551.210000,2.1080E-007,1551.210000,2.1080E-007
1551.215000,1.8650E-007,1551.215000,1.8650E-007
1551.220000,1.8540E-007,1551.220000,1.8540E-007
1551.225000,2.1980E-007,1551.225000,2.1980E-007
1551.230000,2.0220E-007,1551.230000,2.0220E-007
1551.235000,1.6600E-007,1551.235000,1.6600E-007
1551.240000,1.8010E-007,1551.240000,1.8010E-007
1551.245000,2.0370E-007,1551.245000,2.0370E-007
1551.250000,1.8140E-007,1551.250000,1.8140E-007
1551.255000,2.4970E-007,1551.255000,2.4970E-007
1551.260000,1.9720E-007,1551.260000,1.9720E-007
1551.265000,1.5020E-007,1551.265000,1.5020E-007
1551.270000,1.9950E-007,1551.270000,1.9950E-007
1551.275000,1.8800E-007,1551.275000,1.8800E-007
1551.280000,1.8260E-007,1551.280000,1.8260E-007
1551.285000,1.5890E-007,1551.285000,1.5890E-007
1551.290000,1.5860E-007,1551.290000,1.5860E-007
1551.295000,1.8210E-007,1551.295000,1.8210E-007
1551.300000,1.6470E-007,1551.300000,1.6470E-007
1551.305000,1.7090E-007,1551.305000,1.7090E-007
1551.310000,1.6820E-007,1551.310000,1.6820E-007
1551.315000,1.6710E-007,1551.315000,1.6710E-007
1551.320000,1.8760E-007,1551.320000,1.8760E-007
1551.325000,1.7250E-007,1551.325000,1.7250E-007
1551.330000,1.7340E-007,1551.330000,1.7340E-007
1551.335000,1.8710E-007,1551.335000,1.8710E-007
1551.340000,1.6810E-007,1551.340000,1.6810E-007
1551.345000,2.0040E-007,1551.345000,2.0040E-007
1551.350000,2.0150E-007,1551.350000,2.0150E-007
1551.355000,1.7940E-007,1551.355000,1.7940E-007
1551.360000,2.1570E-007,1551.360000,2.1570E-007
1551.365000,2.1940E-007,1551.365000,2.1940E-007
1551.370000,1.7480E-007,1551.370000,1.7480E-007
1551.375000,1.7560E-007,1551.375000,1.7560E-007
1551.380000,2.2310E-007,1551.380000,2.2310E-007
1551.385000,1.6490E-007,1551.385000,1.6490E-007
1551.390000,2.0700E-007,1551.390000,2.0700E-007
1551.395000,1.6620E-007,1551.395000,1.6620E-007
1551.400000,2.1030E-007,1551.400000,2.1030E-007
1551.405000,2.0130E-007,1551.405000,2.0130E-007
1551.410000,2.0020E-007,1551.410000,2.0020E-007
1551.415000,2.4220E-007,1551.415000,2.4220E-007
1551.420000,1.9610E-007,1551.420000,1.9610E-007
1551.425000,2.1500E-007,1551.425000,2.1500E-007
1551.430000,2.1760E-007,1551.430000,2.1760E-007
1551.435000,1.8650E-007,1551.435000,1.8650E-007
1551.440000,2.3990E-007,1551.440000,2.3990E-007
1551.445000,2.2400E-007,1551.445000,2.2400E-007
1551.450000,1.8770E-007,1551.450000,1.8770E-007
1551.455000,2.0580E-007,1551.455000,2.0580E-007
1551.460000,2.2400E-007,1551.460000,2.2400E-007
1551.465000,2.2920E-007,1551.465000,2.2920E-007
1551.470000,2.4330E-007,1551.470000,2.4330E-007
1551.475000,2.4260E-007,1551.475000,2.4260E-007
1551.480000,1.9590E-007,1551.480000,1.9590E-007
1551.485000,2.4230E-007,1551.485000,2.4230E-007
1551.490000,1.9340E-007,1551.490000,1.9340E-007
1551.495000,1.9550E-007,1551.495000,1.9550E-007
1551.500000,2.2900E-007,1551.500000,2.2900E-007
1551.505000,2.4730E-007,1551.505000,2.4730E-007
1551.510000,1.9100E-007,1551.510000,1.9100E-007
1551.515000,2.1450E-007,1551.515000,2.1450E-007
1551.520000,2.5900E-007,1551.520000,2.5900E-007
1551.525000,2.1820E-007,1551.525000,2.1820E-007
1551.530000,2.0570E-007,1551.530000,2.0570E-007
1551.535000,2.1580E-007,1551.535000,2.1580E-007
1551.540000,2.3150E-007,1551.540000,2.3150E-007
1551.545000,1.9550E-007,1551.545000,1.9550E-007
1551.550000,2.2450E-007,1551.550000,2.2450E-007
1551.555000,2.1680E-007,1551.555000,2.1680E-007
1551.560000,2.2900E-007,1551.560000,2.2900E-007
1551.565000,2.2680E-007,1551.565000,2.2680E-007
1551.570000,2.4260E-007,1551.570000,2.4260E-007
1551.575000,2.1450E-007,1551.575000,2.1450E-007
1551.580000,1.7520E-007,1551.580000,1.7520E-007
1551.585000,1.4640E-007,1551.585000,1.4640E-007
1551.590000,2.1030E-007,1551.590000,2.1030E-007
1551.595000,1.7550E-007,1551.595000,1.7550E-007
1551.600000,1.9500E-007,1551.600000,1.9500E-007
1551.605000,2.0470E-007,1551.605000,2.0470E-007
1551.610000,1.9680E-007,1551.610000,1.9680E-007
1551.615000,2.1710E-007,1551.615000,2.1710E-007
1551.620000,2.0150E-007,1551.620000,2.0150E-007
1551.625000,2.0480E-007,1551.625000,2.0480E-007
1551.630000,1.9100E-007,1551.630000,1.9100E-007
1551.635000,1.3780E-007,1551.635000,1.3780E-007
1551.640000,1.8490E-007,1551.640000,1.8490E-007
1551.645000,1.6310E-007,1551.645000,1.6310E-007
1551.650000,1.7200E-007,1551.650000,1.7200E-007
1551.655000,1.5580E-007,1551.655000,1.5580E-007
1551.660000,2.1630E-007,1551.660000,2.1630E-007
1551.665000,1.8560E-007,1551.665000,1.8560E-007
1551.670000,2.0310E-007,1551.670000,2.0310E-007
1551.675000,1.7850E-007,1551.675000,1.7850E-007
1551.680000,2.2080E-007,1551.680000,2.2080E-007
1551.685000,1.7090E-007,1551.685000,1.7090E-007
1551.690000,1.8150E-007,1551.690000,1.8150E-007
1551.695000,1.5810E-007,1551.695000,1.5810E-007
1551.700000,1.5370E-007,1551.700000,1.5370E-007
1551.705000,1.8590E-007,1551.705000,1.8590E-007
1551.710000,2.0060E-007,1551.710000,2.0060E-007
1551.715000,2.0370E-007,1551.715000,2.0370E-007
1551.720000,1.8620E-007,1551.720000,1.8620E-007
1551.725000,2.0180E-007,1551.725000,2.0180E-007
1551.730000,1.6070E-007,1551.730000,1.6070E-007
1551.735000,1.9720E-007,1551.735000,1.9720E-007
1551.740000,2.2080E-007,1551.740000,2.2080E-007
1551.745000,1.8000E-007,1551.745000,1.8000E-007
1551.750000,1.5790E-007,1551.750000,1.5790E-007
1551.755000,1.7170E-007,1551.755000,1.7170E-007
1551.760000,2.2740E-007,1551.760000,2.2740E-007
1551.765000,2.4740E-007,1551.765000,2.4740E-007
1551.770000,2.1210E-007,1551.770000,2.1210E-007
1551.775000,2.0480E-007,1551.775000,2.0480E-007
1551.780000,2.1610E-007,1551.780000,2.1610E-007
1551.785000,2.1980E-007,1551.785000,2.1980E-007
1551.790000,2.0820E-007,1551.790000,2.0820E-007
1551.795000,2.6200E-007,1551.795000,2.6200E-007
1551.800000,2.1490E-007,1551.800000,2.1490E-007
1551.805000,2.3300E-007,1551.805000,2.3300E-007
1551.810000,2.6100E-007,1551.810000,2.6100E-007
1551.815000,2.5200E-007,1551.815000,2.5200E-007
1551.820000,2.2650E-007,1551.820000,2.2650E-007
1551.825000,2.2610E-007,1551.825000,2.2610E-007
1551.830000,2.4210E-007,1551.830000,2.4210E-007
1551.835000,1.9800E-007,1551.835000,1.9800E-007
1551.840000,2.2000E-007,1551.840000,2.2000E-007
1551.845000,2.3470E-007,1551.845000,2.3470E-007
1551.850000,2.3380E-007,1551.850000,2.3380E-007
1551.855000,2.1950E-007,1551.855000,2.1950E-007
1551.860000,2.3710E-007,1551.860000,2.3710E-007
1551.865000,2.3620E-007,1551.865000,2.3620E-007
1551.870000,2.1770E-007,1551.870000,2.1770E-007
1551.875000,2.1040E-007,1551.875000,2.1040E-007
1551.880000,2.0050E-007,1551.880000,2.0050E-007
1551.885000,2.1230E-007,1551.885000,2.1230E-007
1551.890000,2.4230E-007,1551.890000,2.4230E-007
1551.895000,1.8760E-007,1551.895000,1.8760E-007
1551.900000,2.3350E-007,1551.900000,2.3350E-007
1551.905000,1.7110E-007,1551.905000,1.7110E-007
1551.910000,2.4280E-007,1551.910000,2.4280E-007
1551.915000,2.0690E-007,1551.915000,2.0690E-007
1551.920000,2.3120E-007,1551.920000,2.3120E-007
1551.925000,2.4680E-007,1551.925000,2.4680E-007
1551.930000,1.9920E-007,1551.930000,1.9920E-007
1551.935000,2.1300E-007,1551.935000,2.1300E-007
1551.940000,2.4210E-007,1551.940000,2.4210E-007
1551.945000,1.7390E-007,1551.945000,1.7390E-007
1551.950000,2.1420E-007,1551.950000,2.1420E-007
1551.955000,2.2580E-007,1551.955000,2.2580E-007
1551.960000,2.1340E-007,1551.960000,2.1340E-007
1551.965000,1.9100E-007,1551.965000,1.9100E-007
1551.970000,2.1340E-007,1551.970000,2.1340E-007
1551.975000,1.8820E-007,1551.975000,1.8820E-007
1551.980000,2.1800E-007,1551.980000,2.1800E-007
1551.985000,1.9900E-007,1551.985000,1.9900E-007
1551.990000,2.1280E-007,1551.990000,2.1280E-007
1551.995000,1.7680E-007,1551.995000,1.7680E-007
1552.000000,1.9210E-007,1552.000000,1.9210E-007
1552.005000,1.9590E-007,1552.005000,1.9590E-007
1552.010000,1.6840E-007,1552.010000,1.6840E-007
1552.015000,1.6310E-007,1552.015000,1.6310E-007
1552.020000,1.3290E-007,1552.020000,1.3290E-007
1552.025000,1.4460E-007,1552.025000,1.4460E-007
1552.030000,1.7370E-007,1552.030000,1.7370E-007
1552.035000,1.7000E-007,1552.035000,1.7000E-007
1552.040000,1.5300E-007,1552.040000,1.5300E-007
1552.045000,2.0920E-007,1552.045000,2.0920E-007
1552.050000,1.8720E-007,1552.050000,1.8720E-007
1552.055000,1.9320E-007,1552.055000,1.9320E-007
1552.060000,2.0430E-007,1552.060000,2.0430E-007
1552.065000,1.9000E-007,1552.065000,1.9000E-007
1552.070000,2.0230E-007,1552.070000,2.0230E-007
1552.075000,1.7190E-007,1552.075000,1.7190E-007
1552.080000,1.6970E-007,1552.080000,1.6970E-007
1552.085000,1.9990E-007,1552.085000,1.9990E-007
1552.090000,1.7930E-007,1552.090000,1.7930E-007
1552.095000,1.6220E-007,1552.095000,1.6220E-007
1552.100000,1.7810E-007,1552.100000,1.7810E-007
1552.105000,1.9290E-007,1552.105000,1.9290E-007
1552.110000,2.3200E-007,1552.110000,2.3200E-007
1552.115000,2.1220E-007,1552.115000,2.1220E-007
1552.120000,2.0730E-007,1552.120000,2.0730E-007
1552.125000,1.6710E-007,1552.125000,1.6710E-007
1552.130000,2.1080E-007,1552.130000,2.1080E-007
1552.135000,1.9000E-007,1552.135000,1.9000E-007
1552.140000,2.1990E-007,1552.140000,2.1990E-007
1552.145000,2.3800E-007,1552.145000,2.3800E-007
1552.150000,1.8330E-007,1552.150000,1.8330E-007
1552.155000,2.3690E-007,1552.155000,2.3690E-007
1552.160000,2.1260E-007,1552.160000,2.1260E-007
1552.165000,2.0340E-007,1552.165000,2.0340E-007
1552.170000,2.1710E-007,1552.170000,2.1710E-007
1552.175000,2.6220E-007,1552.175000,2.6220E-007
1552.180000,2.3850E-007,1552.180000,2.3850E-007
1552.185000,2.4230E-007,1552.185000,2.4230E-007
1552.190000,2.1260E-007,1552.190000,2.1260E-007
1552.195000,2.4120E-007,1552.195000,2.4120E-007
1552.200000,2.0890E-007,1552.200000,2.0890E-007
1552.205000,2.4990E-007,1552.205000,2.4990E-007
1552.210000,2.4560E-007,1552.210000,2.4560E-007
1552.215000,1.9570E-007,1552.215000,1.9570E-007
1552.220000,2.3880E-007,1552.220000,2.3880E-007
1552.225000,2.1660E-007,1552.225000,2.1660E-007
1552.230000,2.1110E-007,1552.230000,2.1110E-007
1552.235000,2.0540E-007,1552.235000,2.0540E-007
1552.240000,2.1650E-007,1552.240000,2.1650E-007
1552.245000,1.9300E-007,1552.245000,1.9300E-007
1552.250000,2.2090E-007,1552.250000,2.2090E-007
1552.255000,1.9650E-007,1552.255000,1.9650E-007
1552.260000,2.0160E-007,1552.260000,2.0160E-007
1552.265000,2.0690E-007,1552.265000,2.0690E-007
1552.270000,2.3230E-007,1552.270000,2.3230E-007
1552.275000,2.0720E-007,1552.275000,2.0720E-007
1552.280000,2.1470E-007,1552.280000,2.1470E-007
1552.285000,2.0370E-007,1552.285000,2.0370E-007
1552.290000,2.0990E-007,1552.290000,2.0990E-007
1552.295000,2.1440E-007,1552.295000,2.1440E-007
1552.300000,2.1670E-007,1552.300000,2.1670E-007
1552.305000,1.9550E-007,1552.305000,1.9550E-007
1552.310000,2.0620E-007,1552.310000,2.0620E-007
1552.315000,2.0550E-007,1552.315000,2.0550E-007
1552.320000,2.0230E-007,1552.320000,2.0230E-007
1552.325000,2.0010E-007,1552.325000,2.0010E-007
1552.330000,1.9690E-007,1552.330000,1.9690E-007
1552.335000,2.2540E-007,1552.335000,2.2540E-007
1552.340000,1.8040E-007,1552.340000,1.8040E-007
1552.345000,1.7520E-007,1552.345000,1.7520E-007
1552.350000,1.8460E-007,1552.350000,1.8460E-007
1552.355000,1.5690E-007,1552.355000,1.5690E-007
1552.360000,1.8470E-007,1552.360000,1.8470E-007
1552.365000,1.7590E-007,1552.365000,1.7590E-007
1552.370000,1.8640E-007,1552.370000,1.8640E-007
1552.375000,2.0950E-007,1552.375000,2.0950E-007
1552.380000,1.9080E-007,1552.380000,1.9080E-007
1552.385000,1.5500E-007,1552.385000,1.5500E-007
1552.390000,1.9390E-007,1552.390000,1.9390E-007
1552.395000,1.6790E-007,1552.395000,1.6790E-007
1552.400000,1.8360E-007,1552.400000,1.8360E-007
1552.405000,1.7240E-007,1552.405000,1.7240E-007
1552.410000,1.8990E-007,1552.410000,1.8990E-007
1552.415000,1.6650E-007,1552.415000,1.6650E-007
1552.420000,1.6900E-007,1552.420000,1.6900E-007
1552.425000,1.7080E-007,1552.425000,1.7080E-007
1552.430000,2.0460E-007,1552.430000,2.0460E-007
1552.435000,1.8560E-007,1552.435000,1.8560E-007
1552.440000,1.9160E-007,1552.440000,1.9160E-007
1552.445000,1.6440E-007,1552.445000,1.6440E-007
1552.450000,2.0650E-007,1552.450000,2.0650E-007
1552.455000,1.8660E-007,1552.455000,1.8660E-007
1552.460000,2.2250E-007,1552.460000,2.2250E-007
1552.465000,1.5710E-007,1552.465000,1.5710E-007
1552.470000,2.0530E-007,1552.470000,2.0530E-007
1552.475000,2.2600E-007,1552.475000,2.2600E-007
1552.480000,2.2160E-007,1552.480000,2.2160E-007
1552.485000,1.6810E-007,1552.485000,1.6810E-007
1552.490000,2.0850E-007,1552.490000,2.0850E-007
1552.495000,2.4470E-007,1552.495000,2.4470E-007
1552.500000,2.4160E-007,1552.500000,2.4160E-007
1552.505000,2.0150E-007,1552.505000,2.0150E-007
1552.510000,2.1320E-007,1552.510000,2.1320E-007
1552.515000,2.1730E-007,1552.515000,2.1730E-007
1552.520000,2.3380E-007,1552.520000,2.3380E-007
1552.525000,2.0780E-007,1552.525000,2.0780E-007
1552.530000,2.3770E-007,1552.530000,2.3770E-007
1552.535000,2.3510E-007,1552.535000,2.3510E-007
1552.540000,1.9470E-007,1552.540000,1.9470E-007
1552.545000,2.4990E-007,1552.545000,2.4990E-007
1552.550000,2.5800E-007,1552.550000,2.5800E-007
1552.555000,2.4670E-007,1552.555000,2.4670E-007
1552.560000,2.4650E-007,1552.560000,2.4650E-007
1552.565000,1.9120E-007,1552.565000,1.9120E-007
1552.570000,2.4630E-007,1552.570000,2.4630E-007
1552.575000,2.0260E-007,1552.575000,2.0260E-007
1552.580000,1.8270E-007,1552.580000,1.8270E-007
1552.585000,2.2850E-007,1552.585000,2.2850E-007
1552.590000,2.3110E-007,1552.590000,2.3110E-007
1552.595000,2.3990E-007,1552.595000,2.3990E-007
1552.600000,2.2640E-007,1552.600000,2.2640E-007
1552.605000,1.9480E-007,1552.605000,1.9480E-007
1552.610000,2.4330E-007,1552.610000,2.4330E-007
1552.615000,2.4770E-007,1552.615000,2.4770E-007
1552.620000,2.2000E-007,1552.620000,2.2000E-007
1552.625000,1.9570E-007,1552.625000,1.9570E-007
1552.630000,2.2220E-007,1552.630000,2.2220E-007
1552.635000,2.3300E-007,1552.635000,2.3300E-007
1552.640000,2.1980E-007,1552.640000,2.1980E-007
1552.645000,1.8710E-007,1552.645000,1.8710E-007
1552.650000,2.0530E-007,1552.650000,2.0530E-007
1552.655000,2.1680E-007,1552.655000,2.1680E-007
1552.660000,2.1990E-007,1552.660000,2.1990E-007
1552.665000,1.9730E-007,1552.665000,1.9730E-007
1552.670000,1.7460E-007,1552.670000,1.7460E-007
1552.675000,1.9800E-007,1552.675000,1.9800E-007
1552.680000,1.9600E-007,1552.680000,1.9600E-007
1552.685000,1.5950E-007,1552.685000,1.5950E-007
1552.690000,2.0790E-007,1552.690000,2.0790E-007
1552.695000,1.8910E-007,1552.695000,1.8910E-007
1552.700000,1.7410E-007,1552.700000,1.7410E-007
