File,WaveData20200720_025.csv,
Date/Time,20-07-20/11:04,

Trace,A
Center Wavelength,1546.5,nm
Span Wavelength,5,nm
Start Wavelength,1544,nm
Stop Wavelength,1549,nm
Value In Air/Vacuum,Vacuum,
Optical Attenuater,Off,
Resolution,0.1,nm
Actual Resolution,0.096,nm
VBW,1000,Hz
Point Average,Off,
Sweep Average,15,
Smooth,Off,
Sampling Points,2001,pt
Trace Type,Write,
Trace Storage Mode,Off,
Trace Calculate Trace 1,-,
Trace Calculate Trace 2,-,
Dynamic Range,Normal,
Ext-Trigger,Off,
Interval Time,Off,
MM Mode,Off,
Start,1544,nm
Stop,1549,nm
Trace,B
Center Wavelength,1546.5,nm
Span Wavelength,5,nm
Start Wavelength,1544,nm
Stop Wavelength,1549,nm
Value In Air/Vacuum,Vacuum,
Optical Attenuater,Off,
Resolution,0.1,nm
Actual Resolution,0.096,nm
VBW,1000,Hz
Point Average,Off,
Sweep Average,15,
Smooth,Off,
Sampling Points,2001,pt
Trace Type,Write,
Trace Storage Mode,Off,
Trace Calculate Trace 1,-,
Trace Calculate Trace 2,-,
Dynamic Range,Normal,
Ext-Trigger,Off,
Interval Time,Off,
MM Mode,Off,
Start,1544,nm
Stop,1549,nm
Trace,C
Center Wavelength,1537.97,nm
Span Wavelength,2,nm
Start Wavelength,1536.97,nm
Stop Wavelength,1538.97,nm
Value In Air/Vacuum,Air,
Optical Attenuater,Off,
Resolution,0.03,nm
Actual Resolution,0.031,nm
VBW,1000,Hz
Point Average,Off,
Sweep Average,1,
Smooth,Off,
Sampling Points,501,pt
Trace Type,Fix,
Trace Storage Mode,Off,
Trace Calculate Trace 1,-,
Trace Calculate Trace 2,-,
Dynamic Range,Normal,
Ext-Trigger,Off,
Interval Time,Off,
MM Mode,Off,

Wavelength(A),Level(A),Wavelength(B),Level(B)
1544.000000,1.1790E-005,1544.000000,1.1790E-005
1544.002500,1.1800E-005,1544.002500,1.1800E-005
1544.005000,1.1780E-005,1544.005000,1.1780E-005
1544.007500,1.1720E-005,1544.007500,1.1720E-005
1544.010000,1.1690E-005,1544.010000,1.1690E-005
1544.012500,1.1730E-005,1544.012500,1.1730E-005
1544.015000,1.1650E-005,1544.015000,1.1650E-005
1544.017500,1.1730E-005,1544.017500,1.1730E-005
1544.020000,1.1600E-005,1544.020000,1.1600E-005
1544.022500,1.1670E-005,1544.022500,1.1670E-005
1544.025000,1.1680E-005,1544.025000,1.1680E-005
1544.027500,1.1690E-005,1544.027500,1.1690E-005
1544.030000,1.1650E-005,1544.030000,1.1650E-005
1544.032500,1.1650E-005,1544.032500,1.1650E-005
1544.035000,1.1620E-005,1544.035000,1.1620E-005
1544.037500,1.1670E-005,1544.037500,1.1670E-005
1544.040000,1.1630E-005,1544.040000,1.1630E-005
1544.042500,1.1670E-005,1544.042500,1.1670E-005
1544.045000,1.1550E-005,1544.045000,1.1550E-005
1544.047500,1.1600E-005,1544.047500,1.1600E-005
1544.050000,1.1480E-005,1544.050000,1.1480E-005
1544.052500,1.1500E-005,1544.052500,1.1500E-005
1544.055000,1.1460E-005,1544.055000,1.1460E-005
1544.057500,1.1460E-005,1544.057500,1.1460E-005
1544.060000,1.1490E-005,1544.060000,1.1490E-005
1544.062500,1.1480E-005,1544.062500,1.1480E-005
1544.065000,1.1500E-005,1544.065000,1.1500E-005
1544.067500,1.1530E-005,1544.067500,1.1530E-005
1544.070000,1.1580E-005,1544.070000,1.1580E-005
1544.072500,1.1580E-005,1544.072500,1.1580E-005
1544.075000,1.1580E-005,1544.075000,1.1580E-005
1544.077500,1.1540E-005,1544.077500,1.1540E-005
1544.080000,1.1530E-005,1544.080000,1.1530E-005
1544.082500,1.1540E-005,1544.082500,1.1540E-005
1544.085000,1.1570E-005,1544.085000,1.1570E-005
1544.087500,1.1540E-005,1544.087500,1.1540E-005
1544.090000,1.1560E-005,1544.090000,1.1560E-005
1544.092500,1.1500E-005,1544.092500,1.1500E-005
1544.095000,1.1570E-005,1544.095000,1.1570E-005
1544.097500,1.1510E-005,1544.097500,1.1510E-005
1544.100000,1.1610E-005,1544.100000,1.1610E-005
1544.102500,1.1640E-005,1544.102500,1.1640E-005
1544.105000,1.1640E-005,1544.105000,1.1640E-005
1544.107500,1.1730E-005,1544.107500,1.1730E-005
1544.110000,1.1690E-005,1544.110000,1.1690E-005
1544.112500,1.1720E-005,1544.112500,1.1720E-005
1544.115000,1.1730E-005,1544.115000,1.1730E-005
1544.117500,1.1750E-005,1544.117500,1.1750E-005
1544.120000,1.1780E-005,1544.120000,1.1780E-005
1544.122500,1.1740E-005,1544.122500,1.1740E-005
1544.125000,1.1790E-005,1544.125000,1.1790E-005
1544.127500,1.1750E-005,1544.127500,1.1750E-005
1544.130000,1.1730E-005,1544.130000,1.1730E-005
1544.132500,1.1790E-005,1544.132500,1.1790E-005
1544.135000,1.1830E-005,1544.135000,1.1830E-005
1544.137500,1.1780E-005,1544.137500,1.1780E-005
1544.140000,1.1920E-005,1544.140000,1.1920E-005
1544.142500,1.1920E-005,1544.142500,1.1920E-005
1544.145000,1.1940E-005,1544.145000,1.1940E-005
1544.147500,1.1960E-005,1544.147500,1.1960E-005
1544.150000,1.1970E-005,1544.150000,1.1970E-005
1544.152500,1.2000E-005,1544.152500,1.2000E-005
1544.155000,1.1970E-005,1544.155000,1.1970E-005
1544.157500,1.1960E-005,1544.157500,1.1960E-005
1544.160000,1.1900E-005,1544.160000,1.1900E-005
1544.162500,1.1880E-005,1544.162500,1.1880E-005
1544.165000,1.1810E-005,1544.165000,1.1810E-005
1544.167500,1.1860E-005,1544.167500,1.1860E-005
1544.170000,1.1870E-005,1544.170000,1.1870E-005
1544.172500,1.1870E-005,1544.172500,1.1870E-005
1544.175000,1.1810E-005,1544.175000,1.1810E-005
1544.177500,1.1880E-005,1544.177500,1.1880E-005
1544.180000,1.1890E-005,1544.180000,1.1890E-005
1544.182500,1.1880E-005,1544.182500,1.1880E-005
1544.185000,1.1900E-005,1544.185000,1.1900E-005
1544.187500,1.1940E-005,1544.187500,1.1940E-005
1544.190000,1.1850E-005,1544.190000,1.1850E-005
1544.192500,1.1820E-005,1544.192500,1.1820E-005
1544.195000,1.1750E-005,1544.195000,1.1750E-005
1544.197500,1.1800E-005,1544.197500,1.1800E-005
1544.200000,1.1760E-005,1544.200000,1.1760E-005
1544.202500,1.1750E-005,1544.202500,1.1750E-005
1544.205000,1.1750E-005,1544.205000,1.1750E-005
1544.207500,1.1660E-005,1544.207500,1.1660E-005
1544.210000,1.1670E-005,1544.210000,1.1670E-005
1544.212500,1.1660E-005,1544.212500,1.1660E-005
1544.215000,1.1660E-005,1544.215000,1.1660E-005
1544.217500,1.1660E-005,1544.217500,1.1660E-005
1544.220000,1.1670E-005,1544.220000,1.1670E-005
1544.222500,1.1690E-005,1544.222500,1.1690E-005
1544.225000,1.1690E-005,1544.225000,1.1690E-005
1544.227500,1.1620E-005,1544.227500,1.1620E-005
1544.230000,1.1580E-005,1544.230000,1.1580E-005
1544.232500,1.1620E-005,1544.232500,1.1620E-005
1544.235000,1.1540E-005,1544.235000,1.1540E-005
1544.237500,1.1530E-005,1544.237500,1.1530E-005
1544.240000,1.1500E-005,1544.240000,1.1500E-005
1544.242500,1.1470E-005,1544.242500,1.1470E-005
1544.245000,1.1480E-005,1544.245000,1.1480E-005
1544.247500,1.1390E-005,1544.247500,1.1390E-005
1544.250000,1.1460E-005,1544.250000,1.1460E-005
1544.252500,1.1460E-005,1544.252500,1.1460E-005
1544.255000,1.1410E-005,1544.255000,1.1410E-005
1544.257500,1.1430E-005,1544.257500,1.1430E-005
1544.260000,1.1420E-005,1544.260000,1.1420E-005
1544.262500,1.1430E-005,1544.262500,1.1430E-005
1544.265000,1.1390E-005,1544.265000,1.1390E-005
1544.267500,1.1400E-005,1544.267500,1.1400E-005
1544.270000,1.1350E-005,1544.270000,1.1350E-005
1544.272500,1.1330E-005,1544.272500,1.1330E-005
1544.275000,1.1250E-005,1544.275000,1.1250E-005
1544.277500,1.1350E-005,1544.277500,1.1350E-005
1544.280000,1.1280E-005,1544.280000,1.1280E-005
1544.282500,1.1310E-005,1544.282500,1.1310E-005
1544.285000,1.1290E-005,1544.285000,1.1290E-005
1544.287500,1.1300E-005,1544.287500,1.1300E-005
1544.290000,1.1320E-005,1544.290000,1.1320E-005
1544.292500,1.1340E-005,1544.292500,1.1340E-005
1544.295000,1.1310E-005,1544.295000,1.1310E-005
1544.297500,1.1360E-005,1544.297500,1.1360E-005
1544.300000,1.1330E-005,1544.300000,1.1330E-005
1544.302500,1.1310E-005,1544.302500,1.1310E-005
1544.305000,1.1280E-005,1544.305000,1.1280E-005
1544.307500,1.1250E-005,1544.307500,1.1250E-005
1544.310000,1.1250E-005,1544.310000,1.1250E-005
1544.312500,1.1230E-005,1544.312500,1.1230E-005
1544.315000,1.1200E-005,1544.315000,1.1200E-005
1544.317500,1.1250E-005,1544.317500,1.1250E-005
1544.320000,1.1260E-005,1544.320000,1.1260E-005
1544.322500,1.1320E-005,1544.322500,1.1320E-005
1544.325000,1.1340E-005,1544.325000,1.1340E-005
1544.327500,1.1400E-005,1544.327500,1.1400E-005
1544.330000,1.1340E-005,1544.330000,1.1340E-005
1544.332500,1.1340E-005,1544.332500,1.1340E-005
1544.335000,1.1320E-005,1544.335000,1.1320E-005
1544.337500,1.1340E-005,1544.337500,1.1340E-005
1544.340000,1.1350E-005,1544.340000,1.1350E-005
1544.342500,1.1330E-005,1544.342500,1.1330E-005
1544.345000,1.1330E-005,1544.345000,1.1330E-005
1544.347500,1.1320E-005,1544.347500,1.1320E-005
1544.350000,1.1410E-005,1544.350000,1.1410E-005
1544.352500,1.1380E-005,1544.352500,1.1380E-005
1544.355000,1.1380E-005,1544.355000,1.1380E-005
1544.357500,1.1390E-005,1544.357500,1.1390E-005
1544.360000,1.1390E-005,1544.360000,1.1390E-005
1544.362500,1.1460E-005,1544.362500,1.1460E-005
1544.365000,1.1550E-005,1544.365000,1.1550E-005
1544.367500,1.1480E-005,1544.367500,1.1480E-005
1544.370000,1.1480E-005,1544.370000,1.1480E-005
1544.372500,1.1480E-005,1544.372500,1.1480E-005
1544.375000,1.1480E-005,1544.375000,1.1480E-005
1544.377500,1.1480E-005,1544.377500,1.1480E-005
1544.380000,1.1450E-005,1544.380000,1.1450E-005
1544.382500,1.1440E-005,1544.382500,1.1440E-005
1544.385000,1.1430E-005,1544.385000,1.1430E-005
1544.387500,1.1460E-005,1544.387500,1.1460E-005
1544.390000,1.1440E-005,1544.390000,1.1440E-005
1544.392500,1.1510E-005,1544.392500,1.1510E-005
1544.395000,1.1540E-005,1544.395000,1.1540E-005
1544.397500,1.1540E-005,1544.397500,1.1540E-005
1544.400000,1.1560E-005,1544.400000,1.1560E-005
1544.402500,1.1540E-005,1544.402500,1.1540E-005
1544.405000,1.1560E-005,1544.405000,1.1560E-005
1544.407500,1.1580E-005,1544.407500,1.1580E-005
1544.410000,1.1500E-005,1544.410000,1.1500E-005
1544.412500,1.1530E-005,1544.412500,1.1530E-005
1544.415000,1.1510E-005,1544.415000,1.1510E-005
1544.417500,1.1460E-005,1544.417500,1.1460E-005
1544.420000,1.1510E-005,1544.420000,1.1510E-005
1544.422500,1.1450E-005,1544.422500,1.1450E-005
1544.425000,1.1440E-005,1544.425000,1.1440E-005
1544.427500,1.1440E-005,1544.427500,1.1440E-005
1544.430000,1.1500E-005,1544.430000,1.1500E-005
1544.432500,1.1450E-005,1544.432500,1.1450E-005
1544.435000,1.1530E-005,1544.435000,1.1530E-005
1544.437500,1.1510E-005,1544.437500,1.1510E-005
1544.440000,1.1530E-005,1544.440000,1.1530E-005
1544.442500,1.1540E-005,1544.442500,1.1540E-005
1544.445000,1.1530E-005,1544.445000,1.1530E-005
1544.447500,1.1460E-005,1544.447500,1.1460E-005
1544.450000,1.1430E-005,1544.450000,1.1430E-005
1544.452500,1.1430E-005,1544.452500,1.1430E-005
1544.455000,1.1380E-005,1544.455000,1.1380E-005
1544.457500,1.1390E-005,1544.457500,1.1390E-005
1544.460000,1.1330E-005,1544.460000,1.1330E-005
1544.462500,1.1350E-005,1544.462500,1.1350E-005
1544.465000,1.1380E-005,1544.465000,1.1380E-005
1544.467500,1.1340E-005,1544.467500,1.1340E-005
1544.470000,1.1410E-005,1544.470000,1.1410E-005
1544.472500,1.1400E-005,1544.472500,1.1400E-005
1544.475000,1.1460E-005,1544.475000,1.1460E-005
1544.477500,1.1410E-005,1544.477500,1.1410E-005
1544.480000,1.1440E-005,1544.480000,1.1440E-005
1544.482500,1.1440E-005,1544.482500,1.1440E-005
1544.485000,1.1450E-005,1544.485000,1.1450E-005
1544.487500,1.1420E-005,1544.487500,1.1420E-005
1544.490000,1.1380E-005,1544.490000,1.1380E-005
1544.492500,1.1360E-005,1544.492500,1.1360E-005
1544.495000,1.1370E-005,1544.495000,1.1370E-005
1544.497500,1.1380E-005,1544.497500,1.1380E-005
1544.500000,1.1300E-005,1544.500000,1.1300E-005
1544.502500,1.1380E-005,1544.502500,1.1380E-005
1544.505000,1.1460E-005,1544.505000,1.1460E-005
1544.507500,1.1440E-005,1544.507500,1.1440E-005
1544.510000,1.1490E-005,1544.510000,1.1490E-005
1544.512500,1.1460E-005,1544.512500,1.1460E-005
1544.515000,1.1480E-005,1544.515000,1.1480E-005
1544.517500,1.1540E-005,1544.517500,1.1540E-005
1544.520000,1.1530E-005,1544.520000,1.1530E-005
1544.522500,1.1510E-005,1544.522500,1.1510E-005
1544.525000,1.1530E-005,1544.525000,1.1530E-005
1544.527500,1.1480E-005,1544.527500,1.1480E-005
1544.530000,1.1550E-005,1544.530000,1.1550E-005
1544.532500,1.1520E-005,1544.532500,1.1520E-005
1544.535000,1.1580E-005,1544.535000,1.1580E-005
1544.537500,1.1510E-005,1544.537500,1.1510E-005
1544.540000,1.1610E-005,1544.540000,1.1610E-005
1544.542500,1.1580E-005,1544.542500,1.1580E-005
1544.545000,1.1620E-005,1544.545000,1.1620E-005
1544.547500,1.1690E-005,1544.547500,1.1690E-005
1544.550000,1.1720E-005,1544.550000,1.1720E-005
1544.552500,1.1700E-005,1544.552500,1.1700E-005
1544.555000,1.1730E-005,1544.555000,1.1730E-005
1544.557500,1.1820E-005,1544.557500,1.1820E-005
1544.560000,1.1790E-005,1544.560000,1.1790E-005
1544.562500,1.1750E-005,1544.562500,1.1750E-005
1544.565000,1.1720E-005,1544.565000,1.1720E-005
1544.567500,1.1790E-005,1544.567500,1.1790E-005
1544.570000,1.1800E-005,1544.570000,1.1800E-005
1544.572500,1.1800E-005,1544.572500,1.1800E-005
1544.575000,1.1810E-005,1544.575000,1.1810E-005
1544.577500,1.1820E-005,1544.577500,1.1820E-005
1544.580000,1.1910E-005,1544.580000,1.1910E-005
1544.582500,1.1890E-005,1544.582500,1.1890E-005
1544.585000,1.1960E-005,1544.585000,1.1960E-005
1544.587500,1.1960E-005,1544.587500,1.1960E-005
1544.590000,1.2040E-005,1544.590000,1.2040E-005
1544.592500,1.1980E-005,1544.592500,1.1980E-005
1544.595000,1.2030E-005,1544.595000,1.2030E-005
1544.597500,1.2020E-005,1544.597500,1.2020E-005
1544.600000,1.2030E-005,1544.600000,1.2030E-005
1544.602500,1.2110E-005,1544.602500,1.2110E-005
1544.605000,1.2110E-005,1544.605000,1.2110E-005
1544.607500,1.2080E-005,1544.607500,1.2080E-005
1544.610000,1.2070E-005,1544.610000,1.2070E-005
1544.612500,1.2090E-005,1544.612500,1.2090E-005
1544.615000,1.2130E-005,1544.615000,1.2130E-005
1544.617500,1.2200E-005,1544.617500,1.2200E-005
1544.620000,1.2180E-005,1544.620000,1.2180E-005
1544.622500,1.2170E-005,1544.622500,1.2170E-005
1544.625000,1.2230E-005,1544.625000,1.2230E-005
1544.627500,1.2240E-005,1544.627500,1.2240E-005
1544.630000,1.2180E-005,1544.630000,1.2180E-005
1544.632500,1.2250E-005,1544.632500,1.2250E-005
1544.635000,1.2170E-005,1544.635000,1.2170E-005
1544.637500,1.2210E-005,1544.637500,1.2210E-005
1544.640000,1.2280E-005,1544.640000,1.2280E-005
1544.642500,1.2240E-005,1544.642500,1.2240E-005
1544.645000,1.2250E-005,1544.645000,1.2250E-005
1544.647500,1.2280E-005,1544.647500,1.2280E-005
1544.650000,1.2250E-005,1544.650000,1.2250E-005
1544.652500,1.2340E-005,1544.652500,1.2340E-005
1544.655000,1.2310E-005,1544.655000,1.2310E-005
1544.657500,1.2300E-005,1544.657500,1.2300E-005
1544.660000,1.2290E-005,1544.660000,1.2290E-005
1544.662500,1.2320E-005,1544.662500,1.2320E-005
1544.665000,1.2320E-005,1544.665000,1.2320E-005
1544.667500,1.2350E-005,1544.667500,1.2350E-005
1544.670000,1.2310E-005,1544.670000,1.2310E-005
1544.672500,1.2280E-005,1544.672500,1.2280E-005
1544.675000,1.2240E-005,1544.675000,1.2240E-005
1544.677500,1.2280E-005,1544.677500,1.2280E-005
1544.680000,1.2300E-005,1544.680000,1.2300E-005
1544.682500,1.2350E-005,1544.682500,1.2350E-005
1544.685000,1.2250E-005,1544.685000,1.2250E-005
1544.687500,1.2350E-005,1544.687500,1.2350E-005
1544.690000,1.2350E-005,1544.690000,1.2350E-005
1544.692500,1.2390E-005,1544.692500,1.2390E-005
1544.695000,1.2300E-005,1544.695000,1.2300E-005
1544.697500,1.2390E-005,1544.697500,1.2390E-005
1544.700000,1.2410E-005,1544.700000,1.2410E-005
1544.702500,1.2350E-005,1544.702500,1.2350E-005
1544.705000,1.2360E-005,1544.705000,1.2360E-005
1544.707500,1.2340E-005,1544.707500,1.2340E-005
1544.710000,1.2320E-005,1544.710000,1.2320E-005
1544.712500,1.2350E-005,1544.712500,1.2350E-005
1544.715000,1.2280E-005,1544.715000,1.2280E-005
1544.717500,1.2340E-005,1544.717500,1.2340E-005
1544.720000,1.2370E-005,1544.720000,1.2370E-005
1544.722500,1.2360E-005,1544.722500,1.2360E-005
1544.725000,1.2430E-005,1544.725000,1.2430E-005
1544.727500,1.2410E-005,1544.727500,1.2410E-005
1544.730000,1.2510E-005,1544.730000,1.2510E-005
1544.732500,1.2490E-005,1544.732500,1.2490E-005
1544.735000,1.2430E-005,1544.735000,1.2430E-005
1544.737500,1.2510E-005,1544.737500,1.2510E-005
1544.740000,1.2440E-005,1544.740000,1.2440E-005
1544.742500,1.2450E-005,1544.742500,1.2450E-005
1544.745000,1.2430E-005,1544.745000,1.2430E-005
1544.747500,1.2500E-005,1544.747500,1.2500E-005
1544.750000,1.2480E-005,1544.750000,1.2480E-005
1544.752500,1.2430E-005,1544.752500,1.2430E-005
1544.755000,1.2420E-005,1544.755000,1.2420E-005
1544.757500,1.2390E-005,1544.757500,1.2390E-005
1544.760000,1.2490E-005,1544.760000,1.2490E-005
1544.762500,1.2560E-005,1544.762500,1.2560E-005
1544.765000,1.2590E-005,1544.765000,1.2590E-005
1544.767500,1.2580E-005,1544.767500,1.2580E-005
1544.770000,1.2520E-005,1544.770000,1.2520E-005
1544.772500,1.2610E-005,1544.772500,1.2610E-005
1544.775000,1.2620E-005,1544.775000,1.2620E-005
1544.777500,1.2590E-005,1544.777500,1.2590E-005
1544.780000,1.2550E-005,1544.780000,1.2550E-005
1544.782500,1.2560E-005,1544.782500,1.2560E-005
1544.785000,1.2540E-005,1544.785000,1.2540E-005
1544.787500,1.2510E-005,1544.787500,1.2510E-005
1544.790000,1.2520E-005,1544.790000,1.2520E-005
1544.792500,1.2590E-005,1544.792500,1.2590E-005
1544.795000,1.2500E-005,1544.795000,1.2500E-005
1544.797500,1.2580E-005,1544.797500,1.2580E-005
1544.800000,1.2640E-005,1544.800000,1.2640E-005
1544.802500,1.2640E-005,1544.802500,1.2640E-005
1544.805000,1.2700E-005,1544.805000,1.2700E-005
1544.807500,1.2620E-005,1544.807500,1.2620E-005
1544.810000,1.2640E-005,1544.810000,1.2640E-005
1544.812500,1.2640E-005,1544.812500,1.2640E-005
1544.815000,1.2650E-005,1544.815000,1.2650E-005
1544.817500,1.2650E-005,1544.817500,1.2650E-005
1544.820000,1.2620E-005,1544.820000,1.2620E-005
1544.822500,1.2560E-005,1544.822500,1.2560E-005
1544.825000,1.2580E-005,1544.825000,1.2580E-005
1544.827500,1.2540E-005,1544.827500,1.2540E-005
1544.830000,1.2550E-005,1544.830000,1.2550E-005
1544.832500,1.2580E-005,1544.832500,1.2580E-005
1544.835000,1.2620E-005,1544.835000,1.2620E-005
1544.837500,1.2650E-005,1544.837500,1.2650E-005
1544.840000,1.2660E-005,1544.840000,1.2660E-005
1544.842500,1.2620E-005,1544.842500,1.2620E-005
1544.845000,1.2630E-005,1544.845000,1.2630E-005
1544.847500,1.2700E-005,1544.847500,1.2700E-005
1544.850000,1.2680E-005,1544.850000,1.2680E-005
1544.852500,1.2630E-005,1544.852500,1.2630E-005
1544.855000,1.2550E-005,1544.855000,1.2550E-005
1544.857500,1.2550E-005,1544.857500,1.2550E-005
1544.860000,1.2580E-005,1544.860000,1.2580E-005
1544.862500,1.2520E-005,1544.862500,1.2520E-005
1544.865000,1.2500E-005,1544.865000,1.2500E-005
1544.867500,1.2550E-005,1544.867500,1.2550E-005
1544.870000,1.2500E-005,1544.870000,1.2500E-005
1544.872500,1.2490E-005,1544.872500,1.2490E-005
1544.875000,1.2500E-005,1544.875000,1.2500E-005
1544.877500,1.2520E-005,1544.877500,1.2520E-005
1544.880000,1.2490E-005,1544.880000,1.2490E-005
1544.882500,1.2590E-005,1544.882500,1.2590E-005
1544.885000,1.2550E-005,1544.885000,1.2550E-005
1544.887500,1.2540E-005,1544.887500,1.2540E-005
1544.890000,1.2480E-005,1544.890000,1.2480E-005
1544.892500,1.2430E-005,1544.892500,1.2430E-005
1544.895000,1.2450E-005,1544.895000,1.2450E-005
1544.897500,1.2390E-005,1544.897500,1.2390E-005
1544.900000,1.2360E-005,1544.900000,1.2360E-005
1544.902500,1.2390E-005,1544.902500,1.2390E-005
1544.905000,1.2370E-005,1544.905000,1.2370E-005
1544.907500,1.2360E-005,1544.907500,1.2360E-005
1544.910000,1.2340E-005,1544.910000,1.2340E-005
1544.912500,1.2350E-005,1544.912500,1.2350E-005
1544.915000,1.2420E-005,1544.915000,1.2420E-005
1544.917500,1.2380E-005,1544.917500,1.2380E-005
1544.920000,1.2380E-005,1544.920000,1.2380E-005
1544.922500,1.2450E-005,1544.922500,1.2450E-005
1544.925000,1.2420E-005,1544.925000,1.2420E-005
1544.927500,1.2360E-005,1544.927500,1.2360E-005
1544.930000,1.2300E-005,1544.930000,1.2300E-005
1544.932500,1.2300E-005,1544.932500,1.2300E-005
1544.935000,1.2320E-005,1544.935000,1.2320E-005
1544.937500,1.2280E-005,1544.937500,1.2280E-005
1544.940000,1.2300E-005,1544.940000,1.2300E-005
1544.942500,1.2270E-005,1544.942500,1.2270E-005
1544.945000,1.2300E-005,1544.945000,1.2300E-005
1544.947500,1.2280E-005,1544.947500,1.2280E-005
1544.950000,1.2280E-005,1544.950000,1.2280E-005
1544.952500,1.2310E-005,1544.952500,1.2310E-005
1544.955000,1.2370E-005,1544.955000,1.2370E-005
1544.957500,1.2360E-005,1544.957500,1.2360E-005
1544.960000,1.2350E-005,1544.960000,1.2350E-005
1544.962500,1.2300E-005,1544.962500,1.2300E-005
1544.965000,1.2280E-005,1544.965000,1.2280E-005
1544.967500,1.2290E-005,1544.967500,1.2290E-005
1544.970000,1.2220E-005,1544.970000,1.2220E-005
1544.972500,1.2210E-005,1544.972500,1.2210E-005
1544.975000,1.2290E-005,1544.975000,1.2290E-005
1544.977500,1.2270E-005,1544.977500,1.2270E-005
1544.980000,1.2270E-005,1544.980000,1.2270E-005
1544.982500,1.2270E-005,1544.982500,1.2270E-005
1544.985000,1.2320E-005,1544.985000,1.2320E-005
1544.987500,1.2340E-005,1544.987500,1.2340E-005
1544.990000,1.2310E-005,1544.990000,1.2310E-005
1544.992500,1.2320E-005,1544.992500,1.2320E-005
1544.995000,1.2300E-005,1544.995000,1.2300E-005
1544.997500,1.2300E-005,1544.997500,1.2300E-005
1545.000000,1.2290E-005,1545.000000,1.2290E-005
1545.002500,1.2280E-005,1545.002500,1.2280E-005
1545.005000,1.2290E-005,1545.005000,1.2290E-005
1545.007500,1.2280E-005,1545.007500,1.2280E-005
1545.010000,1.2300E-005,1545.010000,1.2300E-005
1545.012500,1.2300E-005,1545.012500,1.2300E-005
1545.015000,1.2350E-005,1545.015000,1.2350E-005
1545.017500,1.2310E-005,1545.017500,1.2310E-005
1545.020000,1.2320E-005,1545.020000,1.2320E-005
1545.022500,1.2360E-005,1545.022500,1.2360E-005
1545.025000,1.2340E-005,1545.025000,1.2340E-005
1545.027500,1.2420E-005,1545.027500,1.2420E-005
1545.030000,1.2370E-005,1545.030000,1.2370E-005
1545.032500,1.2360E-005,1545.032500,1.2360E-005
1545.035000,1.2350E-005,1545.035000,1.2350E-005
1545.037500,1.2320E-005,1545.037500,1.2320E-005
1545.040000,1.2320E-005,1545.040000,1.2320E-005
1545.042500,1.2340E-005,1545.042500,1.2340E-005
1545.045000,1.2340E-005,1545.045000,1.2340E-005
1545.047500,1.2350E-005,1545.047500,1.2350E-005
1545.050000,1.2420E-005,1545.050000,1.2420E-005
1545.052500,1.2420E-005,1545.052500,1.2420E-005
1545.055000,1.2410E-005,1545.055000,1.2410E-005
1545.057500,1.2410E-005,1545.057500,1.2410E-005
1545.060000,1.2380E-005,1545.060000,1.2380E-005
1545.062500,1.2430E-005,1545.062500,1.2430E-005
1545.065000,1.2480E-005,1545.065000,1.2480E-005
1545.067500,1.2350E-005,1545.067500,1.2350E-005
1545.070000,1.2410E-005,1545.070000,1.2410E-005
1545.072500,1.2380E-005,1545.072500,1.2380E-005
1545.075000,1.2360E-005,1545.075000,1.2360E-005
1545.077500,1.2350E-005,1545.077500,1.2350E-005
1545.080000,1.2350E-005,1545.080000,1.2350E-005
1545.082500,1.2370E-005,1545.082500,1.2370E-005
1545.085000,1.2370E-005,1545.085000,1.2370E-005
1545.087500,1.2410E-005,1545.087500,1.2410E-005
1545.090000,1.2430E-005,1545.090000,1.2430E-005
1545.092500,1.2420E-005,1545.092500,1.2420E-005
1545.095000,1.2440E-005,1545.095000,1.2440E-005
1545.097500,1.2510E-005,1545.097500,1.2510E-005
1545.100000,1.2440E-005,1545.100000,1.2440E-005
1545.102500,1.2480E-005,1545.102500,1.2480E-005
1545.105000,1.2420E-005,1545.105000,1.2420E-005
1545.107500,1.2450E-005,1545.107500,1.2450E-005
1545.110000,1.2420E-005,1545.110000,1.2420E-005
1545.112500,1.2390E-005,1545.112500,1.2390E-005
1545.115000,1.2380E-005,1545.115000,1.2380E-005
1545.117500,1.2390E-005,1545.117500,1.2390E-005
1545.120000,1.2440E-005,1545.120000,1.2440E-005
1545.122500,1.2360E-005,1545.122500,1.2360E-005
1545.125000,1.2350E-005,1545.125000,1.2350E-005
1545.127500,1.2450E-005,1545.127500,1.2450E-005
1545.130000,1.2420E-005,1545.130000,1.2420E-005
1545.132500,1.2450E-005,1545.132500,1.2450E-005
1545.135000,1.2500E-005,1545.135000,1.2500E-005
1545.137500,1.2490E-005,1545.137500,1.2490E-005
1545.140000,1.2450E-005,1545.140000,1.2450E-005
1545.142500,1.2480E-005,1545.142500,1.2480E-005
1545.145000,1.2390E-005,1545.145000,1.2390E-005
1545.147500,1.2430E-005,1545.147500,1.2430E-005
1545.150000,1.2320E-005,1545.150000,1.2320E-005
1545.152500,1.2320E-005,1545.152500,1.2320E-005
1545.155000,1.2370E-005,1545.155000,1.2370E-005
1545.157500,1.2300E-005,1545.157500,1.2300E-005
1545.160000,1.2410E-005,1545.160000,1.2410E-005
1545.162500,1.2380E-005,1545.162500,1.2380E-005
1545.165000,1.2430E-005,1545.165000,1.2430E-005
1545.167500,1.2350E-005,1545.167500,1.2350E-005
1545.170000,1.2410E-005,1545.170000,1.2410E-005
1545.172500,1.2420E-005,1545.172500,1.2420E-005
1545.175000,1.2370E-005,1545.175000,1.2370E-005
1545.177500,1.2420E-005,1545.177500,1.2420E-005
1545.180000,1.2410E-005,1545.180000,1.2410E-005
1545.182500,1.2350E-005,1545.182500,1.2350E-005
1545.185000,1.2320E-005,1545.185000,1.2320E-005
1545.187500,1.2310E-005,1545.187500,1.2310E-005
1545.190000,1.2350E-005,1545.190000,1.2350E-005
1545.192500,1.2240E-005,1545.192500,1.2240E-005
1545.195000,1.2300E-005,1545.195000,1.2300E-005
1545.197500,1.2290E-005,1545.197500,1.2290E-005
1545.200000,1.2320E-005,1545.200000,1.2320E-005
1545.202500,1.2280E-005,1545.202500,1.2280E-005
1545.205000,1.2320E-005,1545.205000,1.2320E-005
1545.207500,1.2380E-005,1545.207500,1.2380E-005
1545.210000,1.2350E-005,1545.210000,1.2350E-005
1545.212500,1.2320E-005,1545.212500,1.2320E-005
1545.215000,1.2370E-005,1545.215000,1.2370E-005
1545.217500,1.2350E-005,1545.217500,1.2350E-005
1545.220000,1.2320E-005,1545.220000,1.2320E-005
1545.222500,1.2310E-005,1545.222500,1.2310E-005
1545.225000,1.2320E-005,1545.225000,1.2320E-005
1545.227500,1.2280E-005,1545.227500,1.2280E-005
1545.230000,1.2210E-005,1545.230000,1.2210E-005
1545.232500,1.2220E-005,1545.232500,1.2220E-005
1545.235000,1.2270E-005,1545.235000,1.2270E-005
1545.237500,1.2230E-005,1545.237500,1.2230E-005
1545.240000,1.2340E-005,1545.240000,1.2340E-005
1545.242500,1.2310E-005,1545.242500,1.2310E-005
1545.245000,1.2340E-005,1545.245000,1.2340E-005
1545.247500,1.2340E-005,1545.247500,1.2340E-005
1545.250000,1.2300E-005,1545.250000,1.2300E-005
1545.252500,1.2300E-005,1545.252500,1.2300E-005
1545.255000,1.2380E-005,1545.255000,1.2380E-005
1545.257500,1.2310E-005,1545.257500,1.2310E-005
1545.260000,1.2250E-005,1545.260000,1.2250E-005
1545.262500,1.2270E-005,1545.262500,1.2270E-005
1545.265000,1.2270E-005,1545.265000,1.2270E-005
1545.267500,1.2290E-005,1545.267500,1.2290E-005
1545.270000,1.2200E-005,1545.270000,1.2200E-005
1545.272500,1.2230E-005,1545.272500,1.2230E-005
1545.275000,1.2240E-005,1545.275000,1.2240E-005
1545.277500,1.2290E-005,1545.277500,1.2290E-005
1545.280000,1.2250E-005,1545.280000,1.2250E-005
1545.282500,1.2230E-005,1545.282500,1.2230E-005
1545.285000,1.2250E-005,1545.285000,1.2250E-005
1545.287500,1.2270E-005,1545.287500,1.2270E-005
1545.290000,1.2290E-005,1545.290000,1.2290E-005
1545.292500,1.2250E-005,1545.292500,1.2250E-005
1545.295000,1.2230E-005,1545.295000,1.2230E-005
1545.297500,1.2200E-005,1545.297500,1.2200E-005
1545.300000,1.2230E-005,1545.300000,1.2230E-005
1545.302500,1.2230E-005,1545.302500,1.2230E-005
1545.305000,1.2200E-005,1545.305000,1.2200E-005
1545.307500,1.2230E-005,1545.307500,1.2230E-005
1545.310000,1.2280E-005,1545.310000,1.2280E-005
1545.312500,1.2280E-005,1545.312500,1.2280E-005
1545.315000,1.2230E-005,1545.315000,1.2230E-005
1545.317500,1.2220E-005,1545.317500,1.2220E-005
1545.320000,1.2280E-005,1545.320000,1.2280E-005
1545.322500,1.2290E-005,1545.322500,1.2290E-005
1545.325000,1.2200E-005,1545.325000,1.2200E-005
1545.327500,1.2200E-005,1545.327500,1.2200E-005
1545.330000,1.2220E-005,1545.330000,1.2220E-005
1545.332500,1.2220E-005,1545.332500,1.2220E-005
1545.335000,1.2230E-005,1545.335000,1.2230E-005
1545.337500,1.2230E-005,1545.337500,1.2230E-005
1545.340000,1.2150E-005,1545.340000,1.2150E-005
1545.342500,1.2230E-005,1545.342500,1.2230E-005
1545.345000,1.2230E-005,1545.345000,1.2230E-005
1545.347500,1.2220E-005,1545.347500,1.2220E-005
1545.350000,1.2290E-005,1545.350000,1.2290E-005
1545.352500,1.2290E-005,1545.352500,1.2290E-005
1545.355000,1.2240E-005,1545.355000,1.2240E-005
1545.357500,1.2280E-005,1545.357500,1.2280E-005
1545.360000,1.2210E-005,1545.360000,1.2210E-005
1545.362500,1.2250E-005,1545.362500,1.2250E-005
1545.365000,1.2160E-005,1545.365000,1.2160E-005
1545.367500,1.2180E-005,1545.367500,1.2180E-005
1545.370000,1.2200E-005,1545.370000,1.2200E-005
1545.372500,1.2220E-005,1545.372500,1.2220E-005
1545.375000,1.2270E-005,1545.375000,1.2270E-005
1545.377500,1.2220E-005,1545.377500,1.2220E-005
1545.380000,1.2230E-005,1545.380000,1.2230E-005
1545.382500,1.2280E-005,1545.382500,1.2280E-005
1545.385000,1.2270E-005,1545.385000,1.2270E-005
1545.387500,1.2270E-005,1545.387500,1.2270E-005
1545.390000,1.2310E-005,1545.390000,1.2310E-005
1545.392500,1.2290E-005,1545.392500,1.2290E-005
1545.395000,1.2320E-005,1545.395000,1.2320E-005
1545.397500,1.2310E-005,1545.397500,1.2310E-005
1545.400000,1.2240E-005,1545.400000,1.2240E-005
1545.402500,1.2240E-005,1545.402500,1.2240E-005
1545.405000,1.2290E-005,1545.405000,1.2290E-005
1545.407500,1.2230E-005,1545.407500,1.2230E-005
1545.410000,1.2270E-005,1545.410000,1.2270E-005
1545.412500,1.2200E-005,1545.412500,1.2200E-005
1545.415000,1.2300E-005,1545.415000,1.2300E-005
1545.417500,1.2300E-005,1545.417500,1.2300E-005
1545.420000,1.2320E-005,1545.420000,1.2320E-005
1545.422500,1.2280E-005,1545.422500,1.2280E-005
1545.425000,1.2370E-005,1545.425000,1.2370E-005
1545.427500,1.2300E-005,1545.427500,1.2300E-005
1545.430000,1.2370E-005,1545.430000,1.2370E-005
1545.432500,1.2350E-005,1545.432500,1.2350E-005
1545.435000,1.2340E-005,1545.435000,1.2340E-005
1545.437500,1.2300E-005,1545.437500,1.2300E-005
1545.440000,1.2250E-005,1545.440000,1.2250E-005
1545.442500,1.2280E-005,1545.442500,1.2280E-005
1545.445000,1.2280E-005,1545.445000,1.2280E-005
1545.447500,1.2270E-005,1545.447500,1.2270E-005
1545.450000,1.2270E-005,1545.450000,1.2270E-005
1545.452500,1.2290E-005,1545.452500,1.2290E-005
1545.455000,1.2250E-005,1545.455000,1.2250E-005
1545.457500,1.2310E-005,1545.457500,1.2310E-005
1545.460000,1.2370E-005,1545.460000,1.2370E-005
1545.462500,1.2370E-005,1545.462500,1.2370E-005
1545.465000,1.2370E-005,1545.465000,1.2370E-005
1545.467500,1.2360E-005,1545.467500,1.2360E-005
1545.470000,1.2310E-005,1545.470000,1.2310E-005
1545.472500,1.2350E-005,1545.472500,1.2350E-005
1545.475000,1.2290E-005,1545.475000,1.2290E-005
1545.477500,1.2290E-005,1545.477500,1.2290E-005
1545.480000,1.2240E-005,1545.480000,1.2240E-005
1545.482500,1.2280E-005,1545.482500,1.2280E-005
1545.485000,1.2270E-005,1545.485000,1.2270E-005
1545.487500,1.2300E-005,1545.487500,1.2300E-005
1545.490000,1.2240E-005,1545.490000,1.2240E-005
1545.492500,1.2250E-005,1545.492500,1.2250E-005
1545.495000,1.2250E-005,1545.495000,1.2250E-005
1545.497500,1.2280E-005,1545.497500,1.2280E-005
1545.500000,1.2290E-005,1545.500000,1.2290E-005
1545.502500,1.2270E-005,1545.502500,1.2270E-005
1545.505000,1.2380E-005,1545.505000,1.2380E-005
1545.507500,1.2350E-005,1545.507500,1.2350E-005
1545.510000,1.2320E-005,1545.510000,1.2320E-005
1545.512500,1.2360E-005,1545.512500,1.2360E-005
1545.515000,1.2290E-005,1545.515000,1.2290E-005
1545.517500,1.2250E-005,1545.517500,1.2250E-005
1545.520000,1.2240E-005,1545.520000,1.2240E-005
1545.522500,1.2230E-005,1545.522500,1.2230E-005
1545.525000,1.2220E-005,1545.525000,1.2220E-005
1545.527500,1.2210E-005,1545.527500,1.2210E-005
1545.530000,1.2240E-005,1545.530000,1.2240E-005
1545.532500,1.2270E-005,1545.532500,1.2270E-005
1545.535000,1.2270E-005,1545.535000,1.2270E-005
1545.537500,1.2390E-005,1545.537500,1.2390E-005
1545.540000,1.2360E-005,1545.540000,1.2360E-005
1545.542500,1.2380E-005,1545.542500,1.2380E-005
1545.545000,1.2370E-005,1545.545000,1.2370E-005
1545.547500,1.2340E-005,1545.547500,1.2340E-005
1545.550000,1.2370E-005,1545.550000,1.2370E-005
1545.552500,1.2280E-005,1545.552500,1.2280E-005
1545.555000,1.2280E-005,1545.555000,1.2280E-005
1545.557500,1.2290E-005,1545.557500,1.2290E-005
1545.560000,1.2320E-005,1545.560000,1.2320E-005
1545.562500,1.2270E-005,1545.562500,1.2270E-005
1545.565000,1.2290E-005,1545.565000,1.2290E-005
1545.567500,1.2300E-005,1545.567500,1.2300E-005
1545.570000,1.2350E-005,1545.570000,1.2350E-005
1545.572500,1.2380E-005,1545.572500,1.2380E-005
1545.575000,1.2350E-005,1545.575000,1.2350E-005
1545.577500,1.2350E-005,1545.577500,1.2350E-005
1545.580000,1.2370E-005,1545.580000,1.2370E-005
1545.582500,1.2360E-005,1545.582500,1.2360E-005
1545.585000,1.2370E-005,1545.585000,1.2370E-005
1545.587500,1.2300E-005,1545.587500,1.2300E-005
1545.590000,1.2300E-005,1545.590000,1.2300E-005
1545.592500,1.2280E-005,1545.592500,1.2280E-005
1545.595000,1.2290E-005,1545.595000,1.2290E-005
1545.597500,1.2290E-005,1545.597500,1.2290E-005
1545.600000,1.2240E-005,1545.600000,1.2240E-005
1545.602500,1.2270E-005,1545.602500,1.2270E-005
1545.605000,1.2230E-005,1545.605000,1.2230E-005
1545.607500,1.2270E-005,1545.607500,1.2270E-005
1545.610000,1.2310E-005,1545.610000,1.2310E-005
1545.612500,1.2320E-005,1545.612500,1.2320E-005
1545.615000,1.2370E-005,1545.615000,1.2370E-005
1545.617500,1.2310E-005,1545.617500,1.2310E-005
1545.620000,1.2370E-005,1545.620000,1.2370E-005
1545.622500,1.2370E-005,1545.622500,1.2370E-005
1545.625000,1.2320E-005,1545.625000,1.2320E-005
1545.627500,1.2370E-005,1545.627500,1.2370E-005
1545.630000,1.2380E-005,1545.630000,1.2380E-005
1545.632500,1.2420E-005,1545.632500,1.2420E-005
1545.635000,1.2480E-005,1545.635000,1.2480E-005
1545.637500,1.2520E-005,1545.637500,1.2520E-005
1545.640000,1.2550E-005,1545.640000,1.2550E-005
1545.642500,1.2660E-005,1545.642500,1.2660E-005
1545.645000,1.2700E-005,1545.645000,1.2700E-005
1545.647500,1.2780E-005,1545.647500,1.2780E-005
1545.650000,1.2880E-005,1545.650000,1.2880E-005
1545.652500,1.2960E-005,1545.652500,1.2960E-005
1545.655000,1.3070E-005,1545.655000,1.3070E-005
1545.657500,1.3070E-005,1545.657500,1.3070E-005
1545.660000,1.3180E-005,1545.660000,1.3180E-005
1545.662500,1.3220E-005,1545.662500,1.3220E-005
1545.665000,1.3310E-005,1545.665000,1.3310E-005
1545.667500,1.3410E-005,1545.667500,1.3410E-005
1545.670000,1.3470E-005,1545.670000,1.3470E-005
1545.672500,1.3560E-005,1545.672500,1.3560E-005
1545.675000,1.3630E-005,1545.675000,1.3630E-005
1545.677500,1.3680E-005,1545.677500,1.3680E-005
1545.680000,1.3720E-005,1545.680000,1.3720E-005
1545.682500,1.3800E-005,1545.682500,1.3800E-005
1545.685000,1.3850E-005,1545.685000,1.3850E-005
1545.687500,1.3930E-005,1545.687500,1.3930E-005
1545.690000,1.3920E-005,1545.690000,1.3920E-005
1545.692500,1.4050E-005,1545.692500,1.4050E-005
1545.695000,1.4130E-005,1545.695000,1.4130E-005
1545.697500,1.4280E-005,1545.697500,1.4280E-005
1545.700000,1.4500E-005,1545.700000,1.4500E-005
1545.702500,1.4760E-005,1545.702500,1.4760E-005
1545.705000,1.4940E-005,1545.705000,1.4940E-005
1545.707500,1.5470E-005,1545.707500,1.5470E-005
1545.710000,1.5930E-005,1545.710000,1.5930E-005
1545.712500,1.6770E-005,1545.712500,1.6770E-005
1545.715000,1.7490E-005,1545.715000,1.7490E-005
1545.717500,1.8580E-005,1545.717500,1.8580E-005
1545.720000,1.9780E-005,1545.720000,1.9780E-005
1545.722500,2.1030E-005,1545.722500,2.1030E-005
1545.725000,2.2290E-005,1545.725000,2.2290E-005
1545.727500,2.4080E-005,1545.727500,2.4080E-005
1545.730000,2.5920E-005,1545.730000,2.5920E-005
1545.732500,2.8290E-005,1545.732500,2.8290E-005
1545.735000,3.0760E-005,1545.735000,3.0760E-005
1545.737500,3.3680E-005,1545.737500,3.3680E-005
1545.740000,3.6970E-005,1545.740000,3.6970E-005
1545.742500,4.0280E-005,1545.742500,4.0280E-005
1545.745000,4.3930E-005,1545.745000,4.3930E-005
1545.747500,4.8960E-005,1545.747500,4.8960E-005
1545.750000,5.3200E-005,1545.750000,5.3200E-005
1545.752500,5.8450E-005,1545.752500,5.8450E-005
1545.755000,6.2500E-005,1545.755000,6.2500E-005
1545.757500,6.7980E-005,1545.757500,6.7980E-005
1545.760000,6.7910E-005,1545.760000,6.7910E-005
1545.762500,7.4840E-005,1545.762500,7.4840E-005
1545.765000,8.2020E-005,1545.765000,8.2020E-005
1545.767500,8.8090E-005,1545.767500,8.8090E-005
1545.770000,9.2700E-005,1545.770000,9.2700E-005
1545.772500,9.8790E-005,1545.772500,9.8790E-005
1545.775000,1.0370E-004,1545.775000,1.0370E-004
1545.777500,1.1080E-004,1545.777500,1.1080E-004
1545.780000,1.1700E-004,1545.780000,1.1700E-004
1545.782500,1.2420E-004,1545.782500,1.2420E-004
1545.785000,1.3020E-004,1545.785000,1.3020E-004
1545.787500,1.3610E-004,1545.787500,1.3610E-004
1545.790000,1.4180E-004,1545.790000,1.4180E-004
1545.792500,1.5020E-004,1545.792500,1.5020E-004
1545.795000,1.5690E-004,1545.795000,1.5690E-004
1545.797500,1.6440E-004,1545.797500,1.6440E-004
1545.800000,1.6990E-004,1545.800000,1.6990E-004
1545.802500,1.7730E-004,1545.802500,1.7730E-004
1545.805000,1.8360E-004,1545.805000,1.8360E-004
1545.807500,1.8990E-004,1545.807500,1.8990E-004
1545.810000,1.9300E-004,1545.810000,1.9300E-004
1545.812500,1.9980E-004,1545.812500,1.9980E-004
1545.815000,2.0550E-004,1545.815000,2.0550E-004
1545.817500,2.1220E-004,1545.817500,2.1220E-004
1545.820000,2.1770E-004,1545.820000,2.1770E-004
1545.822500,2.2420E-004,1545.822500,2.2420E-004
1545.825000,2.2880E-004,1545.825000,2.2880E-004
1545.827500,2.3410E-004,1545.827500,2.3410E-004
1545.830000,2.3920E-004,1545.830000,2.3920E-004
1545.832500,2.4420E-004,1545.832500,2.4420E-004
1545.835000,2.4670E-004,1545.835000,2.4670E-004
1545.837500,2.5030E-004,1545.837500,2.5030E-004
1545.840000,2.5370E-004,1545.840000,2.5370E-004
1545.842500,2.5790E-004,1545.842500,2.5790E-004
1545.845000,2.6180E-004,1545.845000,2.6180E-004
1545.847500,2.6580E-004,1545.847500,2.6580E-004
1545.850000,2.6830E-004,1545.850000,2.6830E-004
1545.852500,2.7090E-004,1545.852500,2.7090E-004
1545.855000,2.7370E-004,1545.855000,2.7370E-004
1545.857500,2.7680E-004,1545.857500,2.7680E-004
1545.860000,2.7990E-004,1545.860000,2.7990E-004
1545.862500,2.8300E-004,1545.862500,2.8300E-004
1545.865000,2.8520E-004,1545.865000,2.8520E-004
1545.867500,2.8960E-004,1545.867500,2.8960E-004
1545.870000,2.9220E-004,1545.870000,2.9220E-004
1545.872500,2.9550E-004,1545.872500,2.9550E-004
1545.875000,2.9510E-004,1545.875000,2.9510E-004
1545.877500,2.9850E-004,1545.877500,2.9850E-004
1545.880000,3.0200E-004,1545.880000,3.0200E-004
1545.882500,3.0580E-004,1545.882500,3.0580E-004
1545.885000,3.0880E-004,1545.885000,3.0880E-004
1545.887500,3.1190E-004,1545.887500,3.1190E-004
1545.890000,3.1360E-004,1545.890000,3.1360E-004
1545.892500,3.1650E-004,1545.892500,3.1650E-004
1545.895000,3.1850E-004,1545.895000,3.1850E-004
1545.897500,3.2150E-004,1545.897500,3.2150E-004
1545.900000,3.2400E-004,1545.900000,3.2400E-004
1545.902500,3.2730E-004,1545.902500,3.2730E-004
1545.905000,3.2950E-004,1545.905000,3.2950E-004
1545.907500,3.3210E-004,1545.907500,3.3210E-004
1545.910000,3.3410E-004,1545.910000,3.3410E-004
1545.912500,3.3630E-004,1545.912500,3.3630E-004
1545.915000,3.3840E-004,1545.915000,3.3840E-004
1545.917500,3.4080E-004,1545.917500,3.4080E-004
1545.920000,3.4230E-004,1545.920000,3.4230E-004
1545.922500,3.4330E-004,1545.922500,3.4330E-004
1545.925000,3.4450E-004,1545.925000,3.4450E-004
1545.927500,3.4530E-004,1545.927500,3.4530E-004
1545.930000,3.4600E-004,1545.930000,3.4600E-004
1545.932500,3.4630E-004,1545.932500,3.4630E-004
1545.935000,3.4600E-004,1545.935000,3.4600E-004
1545.937500,3.4570E-004,1545.937500,3.4570E-004
1545.940000,3.4510E-004,1545.940000,3.4510E-004
1545.942500,3.4360E-004,1545.942500,3.4360E-004
1545.945000,3.4220E-004,1545.945000,3.4220E-004
1545.947500,3.3990E-004,1545.947500,3.3990E-004
1545.950000,3.3740E-004,1545.950000,3.3740E-004
1545.952500,3.3400E-004,1545.952500,3.3400E-004
1545.955000,3.3350E-004,1545.955000,3.3350E-004
1545.957500,3.2900E-004,1545.957500,3.2900E-004
1545.960000,3.2440E-004,1545.960000,3.2440E-004
1545.962500,3.1710E-004,1545.962500,3.1710E-004
1545.965000,3.1710E-004,1545.965000,3.1710E-004
1545.967500,3.1140E-004,1545.967500,3.1140E-004
1545.970000,3.0440E-004,1545.970000,3.0440E-004
1545.972500,2.9880E-004,1545.972500,2.9880E-004
1545.975000,2.9400E-004,1545.975000,2.9400E-004
1545.977500,2.8900E-004,1545.977500,2.8900E-004
1545.980000,2.8330E-004,1545.980000,2.8330E-004
1545.982500,2.7740E-004,1545.982500,2.7740E-004
1545.985000,2.7230E-004,1545.985000,2.7230E-004
1545.987500,2.6650E-004,1545.987500,2.6650E-004
1545.990000,2.6030E-004,1545.990000,2.6030E-004
1545.992500,2.5300E-004,1545.992500,2.5300E-004
1545.995000,2.4760E-004,1545.995000,2.4760E-004
1545.997500,2.3990E-004,1545.997500,2.3990E-004
1546.000000,2.4060E-004,1546.000000,2.4060E-004
1546.002500,2.3380E-004,1546.002500,2.3380E-004
1546.005000,2.2730E-004,1546.005000,2.2730E-004
1546.007500,2.1850E-004,1546.007500,2.1850E-004
1546.010000,2.1380E-004,1546.010000,2.1380E-004
1546.012500,2.0800E-004,1546.012500,2.0800E-004
1546.015000,2.0340E-004,1546.015000,2.0340E-004
1546.017500,1.9840E-004,1546.017500,1.9840E-004
1546.020000,1.9330E-004,1546.020000,1.9330E-004
1546.022500,1.8820E-004,1546.022500,1.8820E-004
1546.025000,1.8360E-004,1546.025000,1.8360E-004
1546.027500,1.7800E-004,1546.027500,1.7800E-004
1546.030000,1.7380E-004,1546.030000,1.7380E-004
1546.032500,1.6980E-004,1546.032500,1.6980E-004
1546.035000,1.6700E-004,1546.035000,1.6700E-004
1546.037500,1.6370E-004,1546.037500,1.6370E-004
1546.040000,1.6020E-004,1546.040000,1.6020E-004
1546.042500,1.5700E-004,1546.042500,1.5700E-004
1546.045000,1.5430E-004,1546.045000,1.5430E-004
1546.047500,1.5070E-004,1546.047500,1.5070E-004
1546.050000,1.5070E-004,1546.050000,1.5070E-004
1546.052500,1.4700E-004,1546.052500,1.4700E-004
1546.055000,1.4460E-004,1546.055000,1.4460E-004
1546.057500,1.4190E-004,1546.057500,1.4190E-004
1546.060000,1.3980E-004,1546.060000,1.3980E-004
1546.062500,1.3790E-004,1546.062500,1.3790E-004
1546.065000,1.3510E-004,1546.065000,1.3510E-004
1546.067500,1.3180E-004,1546.067500,1.3180E-004
1546.070000,1.3190E-004,1546.070000,1.3190E-004
1546.072500,1.2880E-004,1546.072500,1.2880E-004
1546.075000,1.2470E-004,1546.075000,1.2470E-004
1546.077500,1.2230E-004,1546.077500,1.2230E-004
1546.080000,1.1970E-004,1546.080000,1.1970E-004
1546.082500,1.1580E-004,1546.082500,1.1580E-004
1546.085000,1.1230E-004,1546.085000,1.1230E-004
1546.087500,1.0890E-004,1546.087500,1.0890E-004
1546.090000,1.0640E-004,1546.090000,1.0640E-004
1546.092500,1.0330E-004,1546.092500,1.0330E-004
1546.095000,9.9620E-005,1546.095000,9.9620E-005
1546.097500,9.5150E-005,1546.097500,9.5150E-005
1546.100000,9.1580E-005,1546.100000,9.1580E-005
1546.102500,8.7390E-005,1546.102500,8.7390E-005
1546.105000,8.4380E-005,1546.105000,8.4380E-005
1546.107500,8.0210E-005,1546.107500,8.0210E-005
1546.110000,7.7030E-005,1546.110000,7.7030E-005
1546.112500,7.3440E-005,1546.112500,7.3440E-005
1546.115000,7.0320E-005,1546.115000,7.0320E-005
1546.117500,6.7190E-005,1546.117500,6.7190E-005
1546.120000,6.4020E-005,1546.120000,6.4020E-005
1546.122500,6.0470E-005,1546.122500,6.0470E-005
1546.125000,5.7790E-005,1546.125000,5.7790E-005
1546.127500,5.3910E-005,1546.127500,5.3910E-005
1546.130000,5.3980E-005,1546.130000,5.3980E-005
1546.132500,5.0970E-005,1546.132500,5.0970E-005
1546.135000,4.7330E-005,1546.135000,4.7330E-005
1546.137500,4.3870E-005,1546.137500,4.3870E-005
1546.140000,4.1140E-005,1546.140000,4.1140E-005
1546.142500,3.8740E-005,1546.142500,3.8740E-005
1546.145000,3.6500E-005,1546.145000,3.6500E-005
1546.147500,3.3710E-005,1546.147500,3.3710E-005
1546.150000,3.1230E-005,1546.150000,3.1230E-005
1546.152500,2.8820E-005,1546.152500,2.8820E-005
1546.155000,2.6950E-005,1546.155000,2.6950E-005
1546.157500,2.4710E-005,1546.157500,2.4710E-005
1546.160000,2.3360E-005,1546.160000,2.3360E-005
1546.162500,2.1730E-005,1546.162500,2.1730E-005
1546.165000,2.1790E-005,1546.165000,2.1790E-005
1546.167500,2.0410E-005,1546.167500,2.0410E-005
1546.170000,1.8960E-005,1546.170000,1.8960E-005
1546.172500,1.7660E-005,1546.172500,1.7660E-005
1546.175000,1.6940E-005,1546.175000,1.6940E-005
1546.177500,1.6320E-005,1546.177500,1.6320E-005
1546.180000,1.5900E-005,1546.180000,1.5900E-005
1546.182500,1.5430E-005,1546.182500,1.5430E-005
1546.185000,1.5110E-005,1546.185000,1.5110E-005
1546.187500,1.4800E-005,1546.187500,1.4800E-005
1546.190000,1.4520E-005,1546.190000,1.4520E-005
1546.192500,1.4310E-005,1546.192500,1.4310E-005
1546.195000,1.4180E-005,1546.195000,1.4180E-005
1546.197500,1.4060E-005,1546.197500,1.4060E-005
1546.200000,1.3970E-005,1546.200000,1.3970E-005
1546.202500,1.3840E-005,1546.202500,1.3840E-005
1546.205000,1.3870E-005,1546.205000,1.3870E-005
1546.207500,1.3740E-005,1546.207500,1.3740E-005
1546.210000,1.3590E-005,1546.210000,1.3590E-005
1546.212500,1.3460E-005,1546.212500,1.3460E-005
1546.215000,1.3440E-005,1546.215000,1.3440E-005
1546.217500,1.3360E-005,1546.217500,1.3360E-005
1546.220000,1.3240E-005,1546.220000,1.3240E-005
1546.222500,1.3200E-005,1546.222500,1.3200E-005
1546.225000,1.3180E-005,1546.225000,1.3180E-005
1546.227500,1.3160E-005,1546.227500,1.3160E-005
1546.230000,1.3190E-005,1546.230000,1.3190E-005
1546.232500,1.3060E-005,1546.232500,1.3060E-005
1546.235000,1.2990E-005,1546.235000,1.2990E-005
1546.237500,1.3070E-005,1546.237500,1.3070E-005
1546.240000,1.2990E-005,1546.240000,1.2990E-005
1546.242500,1.2990E-005,1546.242500,1.2990E-005
1546.245000,1.2890E-005,1546.245000,1.2890E-005
1546.247500,1.2870E-005,1546.247500,1.2870E-005
1546.250000,1.2860E-005,1546.250000,1.2860E-005
1546.252500,1.2780E-005,1546.252500,1.2780E-005
1546.255000,1.2780E-005,1546.255000,1.2780E-005
1546.257500,1.2750E-005,1546.257500,1.2750E-005
1546.260000,1.2780E-005,1546.260000,1.2780E-005
1546.262500,1.2840E-005,1546.262500,1.2840E-005
1546.265000,1.2820E-005,1546.265000,1.2820E-005
1546.267500,1.2860E-005,1546.267500,1.2860E-005
1546.270000,1.2840E-005,1546.270000,1.2840E-005
1546.272500,1.2850E-005,1546.272500,1.2850E-005
1546.275000,1.2850E-005,1546.275000,1.2850E-005
1546.277500,1.2890E-005,1546.277500,1.2890E-005
1546.280000,1.2840E-005,1546.280000,1.2840E-005
1546.282500,1.2850E-005,1546.282500,1.2850E-005
1546.285000,1.2790E-005,1546.285000,1.2790E-005
1546.287500,1.2860E-005,1546.287500,1.2860E-005
1546.290000,1.2830E-005,1546.290000,1.2830E-005
1546.292500,1.2760E-005,1546.292500,1.2760E-005
1546.295000,1.2760E-005,1546.295000,1.2760E-005
1546.297500,1.2820E-005,1546.297500,1.2820E-005
1546.300000,1.2750E-005,1546.300000,1.2750E-005
1546.302500,1.2720E-005,1546.302500,1.2720E-005
1546.305000,1.2790E-005,1546.305000,1.2790E-005
1546.307500,1.2720E-005,1546.307500,1.2720E-005
1546.310000,1.2790E-005,1546.310000,1.2790E-005
1546.312500,1.2710E-005,1546.312500,1.2710E-005
1546.315000,1.2720E-005,1546.315000,1.2720E-005
1546.317500,1.2650E-005,1546.317500,1.2650E-005
1546.320000,1.2660E-005,1546.320000,1.2660E-005
1546.322500,1.2640E-005,1546.322500,1.2640E-005
1546.325000,1.2550E-005,1546.325000,1.2550E-005
1546.327500,1.2550E-005,1546.327500,1.2550E-005
1546.330000,1.2490E-005,1546.330000,1.2490E-005
1546.332500,1.2500E-005,1546.332500,1.2500E-005
1546.335000,1.2450E-005,1546.335000,1.2450E-005
1546.337500,1.2500E-005,1546.337500,1.2500E-005
1546.340000,1.2490E-005,1546.340000,1.2490E-005
1546.342500,1.2440E-005,1546.342500,1.2440E-005
1546.345000,1.2450E-005,1546.345000,1.2450E-005
1546.347500,1.2380E-005,1546.347500,1.2380E-005
1546.350000,1.2320E-005,1546.350000,1.2320E-005
1546.352500,1.2310E-005,1546.352500,1.2310E-005
1546.355000,1.2280E-005,1546.355000,1.2280E-005
1546.357500,1.2260E-005,1546.357500,1.2260E-005
1546.360000,1.2220E-005,1546.360000,1.2220E-005
1546.362500,1.2180E-005,1546.362500,1.2180E-005
1546.365000,1.2220E-005,1546.365000,1.2220E-005
1546.367500,1.2120E-005,1546.367500,1.2120E-005
1546.370000,1.2140E-005,1546.370000,1.2140E-005
1546.372500,1.2170E-005,1546.372500,1.2170E-005
1546.375000,1.2110E-005,1546.375000,1.2110E-005
1546.377500,1.2140E-005,1546.377500,1.2140E-005
1546.380000,1.2090E-005,1546.380000,1.2090E-005
1546.382500,1.2090E-005,1546.382500,1.2090E-005
1546.385000,1.2050E-005,1546.385000,1.2050E-005
1546.387500,1.2040E-005,1546.387500,1.2040E-005
1546.390000,1.2070E-005,1546.390000,1.2070E-005
1546.392500,1.1950E-005,1546.392500,1.1950E-005
1546.395000,1.1920E-005,1546.395000,1.1920E-005
1546.397500,1.1920E-005,1546.397500,1.1920E-005
1546.400000,1.1920E-005,1546.400000,1.1920E-005
1546.402500,1.1910E-005,1546.402500,1.1910E-005
1546.405000,1.1890E-005,1546.405000,1.1890E-005
1546.407500,1.1960E-005,1546.407500,1.1960E-005
1546.410000,1.1890E-005,1546.410000,1.1890E-005
1546.412500,1.1890E-005,1546.412500,1.1890E-005
1546.415000,1.1920E-005,1546.415000,1.1920E-005
1546.417500,1.1920E-005,1546.417500,1.1920E-005
1546.420000,1.1890E-005,1546.420000,1.1890E-005
1546.422500,1.1880E-005,1546.422500,1.1880E-005
1546.425000,1.1850E-005,1546.425000,1.1850E-005
1546.427500,1.1770E-005,1546.427500,1.1770E-005
1546.430000,1.1750E-005,1546.430000,1.1750E-005
1546.432500,1.1760E-005,1546.432500,1.1760E-005
1546.435000,1.1740E-005,1546.435000,1.1740E-005
1546.437500,1.1760E-005,1546.437500,1.1760E-005
1546.440000,1.1800E-005,1546.440000,1.1800E-005
1546.442500,1.1760E-005,1546.442500,1.1760E-005
1546.445000,1.1740E-005,1546.445000,1.1740E-005
1546.447500,1.1780E-005,1546.447500,1.1780E-005
1546.450000,1.1810E-005,1546.450000,1.1810E-005
1546.452500,1.1760E-005,1546.452500,1.1760E-005
1546.455000,1.1710E-005,1546.455000,1.1710E-005
1546.457500,1.1710E-005,1546.457500,1.1710E-005
1546.460000,1.1660E-005,1546.460000,1.1660E-005
1546.462500,1.1590E-005,1546.462500,1.1590E-005
1546.465000,1.1650E-005,1546.465000,1.1650E-005
1546.467500,1.1570E-005,1546.467500,1.1570E-005
1546.470000,1.1580E-005,1546.470000,1.1580E-005
1546.472500,1.1560E-005,1546.472500,1.1560E-005
1546.475000,1.1550E-005,1546.475000,1.1550E-005
1546.477500,1.1510E-005,1546.477500,1.1510E-005
1546.480000,1.1540E-005,1546.480000,1.1540E-005
1546.482500,1.1630E-005,1546.482500,1.1630E-005
1546.485000,1.1570E-005,1546.485000,1.1570E-005
1546.487500,1.1570E-005,1546.487500,1.1570E-005
1546.490000,1.1520E-005,1546.490000,1.1520E-005
1546.492500,1.1550E-005,1546.492500,1.1550E-005
1546.495000,1.1500E-005,1546.495000,1.1500E-005
1546.497500,1.1530E-005,1546.497500,1.1530E-005
1546.500000,1.1520E-005,1546.500000,1.1520E-005
1546.502500,1.1470E-005,1546.502500,1.1470E-005
1546.505000,1.1430E-005,1546.505000,1.1430E-005
1546.507500,1.1450E-005,1546.507500,1.1450E-005
1546.510000,1.1390E-005,1546.510000,1.1390E-005
1546.512500,1.1360E-005,1546.512500,1.1360E-005
1546.515000,1.1350E-005,1546.515000,1.1350E-005
1546.517500,1.1440E-005,1546.517500,1.1440E-005
1546.520000,1.1400E-005,1546.520000,1.1400E-005
1546.522500,1.1400E-005,1546.522500,1.1400E-005
1546.525000,1.1420E-005,1546.525000,1.1420E-005
1546.527500,1.1490E-005,1546.527500,1.1490E-005
1546.530000,1.1430E-005,1546.530000,1.1430E-005
1546.532500,1.1450E-005,1546.532500,1.1450E-005
1546.535000,1.1450E-005,1546.535000,1.1450E-005
1546.537500,1.1390E-005,1546.537500,1.1390E-005
1546.540000,1.1360E-005,1546.540000,1.1360E-005
1546.542500,1.1350E-005,1546.542500,1.1350E-005
1546.545000,1.1360E-005,1546.545000,1.1360E-005
1546.547500,1.1350E-005,1546.547500,1.1350E-005
1546.550000,1.1290E-005,1546.550000,1.1290E-005
1546.552500,1.1270E-005,1546.552500,1.1270E-005
1546.555000,1.1310E-005,1546.555000,1.1310E-005
1546.557500,1.1340E-005,1546.557500,1.1340E-005
1546.560000,1.1270E-005,1546.560000,1.1270E-005
1546.562500,1.1280E-005,1546.562500,1.1280E-005
1546.565000,1.1280E-005,1546.565000,1.1280E-005
1546.567500,1.1310E-005,1546.567500,1.1310E-005
1546.570000,1.1260E-005,1546.570000,1.1260E-005
1546.572500,1.1260E-005,1546.572500,1.1260E-005
1546.575000,1.1170E-005,1546.575000,1.1170E-005
1546.577500,1.1190E-005,1546.577500,1.1190E-005
1546.580000,1.1130E-005,1546.580000,1.1130E-005
1546.582500,1.1080E-005,1546.582500,1.1080E-005
1546.585000,1.1150E-005,1546.585000,1.1150E-005
1546.587500,1.1100E-005,1546.587500,1.1100E-005
1546.590000,1.1100E-005,1546.590000,1.1100E-005
1546.592500,1.1070E-005,1546.592500,1.1070E-005
1546.595000,1.1110E-005,1546.595000,1.1110E-005
1546.597500,1.1030E-005,1546.597500,1.1030E-005
1546.600000,1.1030E-005,1546.600000,1.1030E-005
1546.602500,1.1070E-005,1546.602500,1.1070E-005
1546.605000,1.1010E-005,1546.605000,1.1010E-005
1546.607500,1.1080E-005,1546.607500,1.1080E-005
1546.610000,1.0990E-005,1546.610000,1.0990E-005
1546.612500,1.0990E-005,1546.612500,1.0990E-005
1546.615000,1.0960E-005,1546.615000,1.0960E-005
1546.617500,1.0930E-005,1546.617500,1.0930E-005
1546.620000,1.0900E-005,1546.620000,1.0900E-005
1546.622500,1.0870E-005,1546.622500,1.0870E-005
1546.625000,1.0850E-005,1546.625000,1.0850E-005
1546.627500,1.0900E-005,1546.627500,1.0900E-005
1546.630000,1.0870E-005,1546.630000,1.0870E-005
1546.632500,1.0880E-005,1546.632500,1.0880E-005
1546.635000,1.0890E-005,1546.635000,1.0890E-005
1546.637500,1.0900E-005,1546.637500,1.0900E-005
1546.640000,1.0900E-005,1546.640000,1.0900E-005
1546.642500,1.0910E-005,1546.642500,1.0910E-005
1546.645000,1.0920E-005,1546.645000,1.0920E-005
1546.647500,1.0840E-005,1546.647500,1.0840E-005
1546.650000,1.0870E-005,1546.650000,1.0870E-005
1546.652500,1.0840E-005,1546.652500,1.0840E-005
1546.655000,1.0830E-005,1546.655000,1.0830E-005
1546.657500,1.0810E-005,1546.657500,1.0810E-005
1546.660000,1.0800E-005,1546.660000,1.0800E-005
1546.662500,1.0790E-005,1546.662500,1.0790E-005
1546.665000,1.0800E-005,1546.665000,1.0800E-005
1546.667500,1.0860E-005,1546.667500,1.0860E-005
1546.670000,1.0760E-005,1546.670000,1.0760E-005
1546.672500,1.0890E-005,1546.672500,1.0890E-005
1546.675000,1.0840E-005,1546.675000,1.0840E-005
1546.677500,1.0830E-005,1546.677500,1.0830E-005
1546.680000,1.0870E-005,1546.680000,1.0870E-005
1546.682500,1.0860E-005,1546.682500,1.0860E-005
1546.685000,1.0840E-005,1546.685000,1.0840E-005
1546.687500,1.0750E-005,1546.687500,1.0750E-005
1546.690000,1.0800E-005,1546.690000,1.0800E-005
1546.692500,1.0810E-005,1546.692500,1.0810E-005
1546.695000,1.0820E-005,1546.695000,1.0820E-005
1546.697500,1.0830E-005,1546.697500,1.0830E-005
1546.700000,1.0820E-005,1546.700000,1.0820E-005
1546.702500,1.0890E-005,1546.702500,1.0890E-005
1546.705000,1.0900E-005,1546.705000,1.0900E-005
1546.707500,1.0850E-005,1546.707500,1.0850E-005
1546.710000,1.0870E-005,1546.710000,1.0870E-005
1546.712500,1.0850E-005,1546.712500,1.0850E-005
1546.715000,1.0840E-005,1546.715000,1.0840E-005
1546.717500,1.0880E-005,1546.717500,1.0880E-005
1546.720000,1.0800E-005,1546.720000,1.0800E-005
1546.722500,1.0860E-005,1546.722500,1.0860E-005
1546.725000,1.0850E-005,1546.725000,1.0850E-005
1546.727500,1.0770E-005,1546.727500,1.0770E-005
1546.730000,1.0850E-005,1546.730000,1.0850E-005
1546.732500,1.0860E-005,1546.732500,1.0860E-005
1546.735000,1.0820E-005,1546.735000,1.0820E-005
1546.737500,1.0930E-005,1546.737500,1.0930E-005
1546.740000,1.0920E-005,1546.740000,1.0920E-005
1546.742500,1.0950E-005,1546.742500,1.0950E-005
1546.745000,1.0930E-005,1546.745000,1.0930E-005
1546.747500,1.1020E-005,1546.747500,1.1020E-005
1546.750000,1.1000E-005,1546.750000,1.1000E-005
1546.752500,1.0990E-005,1546.752500,1.0990E-005
1546.755000,1.1040E-005,1546.755000,1.1040E-005
1546.757500,1.0990E-005,1546.757500,1.0990E-005
1546.760000,1.1040E-005,1546.760000,1.1040E-005
1546.762500,1.1080E-005,1546.762500,1.1080E-005
1546.765000,1.1070E-005,1546.765000,1.1070E-005
1546.767500,1.1000E-005,1546.767500,1.1000E-005
1546.770000,1.1040E-005,1546.770000,1.1040E-005
1546.772500,1.1050E-005,1546.772500,1.1050E-005
1546.775000,1.1090E-005,1546.775000,1.1090E-005
1546.777500,1.1110E-005,1546.777500,1.1110E-005
1546.780000,1.1120E-005,1546.780000,1.1120E-005
1546.782500,1.1120E-005,1546.782500,1.1120E-005
1546.785000,1.1100E-005,1546.785000,1.1100E-005
1546.787500,1.1210E-005,1546.787500,1.1210E-005
1546.790000,1.1150E-005,1546.790000,1.1150E-005
1546.792500,1.1130E-005,1546.792500,1.1130E-005
1546.795000,1.1150E-005,1546.795000,1.1150E-005
1546.797500,1.1170E-005,1546.797500,1.1170E-005
1546.800000,1.1150E-005,1546.800000,1.1150E-005
1546.802500,1.1170E-005,1546.802500,1.1170E-005
1546.805000,1.1210E-005,1546.805000,1.1210E-005
1546.807500,1.1280E-005,1546.807500,1.1280E-005
1546.810000,1.1300E-005,1546.810000,1.1300E-005
1546.812500,1.1410E-005,1546.812500,1.1410E-005
1546.815000,1.1570E-005,1546.815000,1.1570E-005
1546.817500,1.1680E-005,1546.817500,1.1680E-005
1546.820000,1.1890E-005,1546.820000,1.1890E-005
1546.822500,1.1980E-005,1546.822500,1.1980E-005
1546.825000,1.2160E-005,1546.825000,1.2160E-005
1546.827500,1.2440E-005,1546.827500,1.2440E-005
1546.830000,1.2660E-005,1546.830000,1.2660E-005
1546.832500,1.2920E-005,1546.832500,1.2920E-005
1546.835000,1.3330E-005,1546.835000,1.3330E-005
1546.837500,1.3790E-005,1546.837500,1.3790E-005
1546.840000,1.4260E-005,1546.840000,1.4260E-005
1546.842500,1.4620E-005,1546.842500,1.4620E-005
1546.845000,1.5260E-005,1546.845000,1.5260E-005
1546.847500,1.5930E-005,1546.847500,1.5930E-005
1546.850000,1.6880E-005,1546.850000,1.6880E-005
1546.852500,1.6890E-005,1546.852500,1.6890E-005
1546.855000,1.7820E-005,1546.855000,1.7820E-005
1546.857500,1.8980E-005,1546.857500,1.8980E-005
1546.860000,1.9740E-005,1546.860000,1.9740E-005
1546.862500,2.0660E-005,1546.862500,2.0660E-005
1546.865000,2.1850E-005,1546.865000,2.1850E-005
1546.867500,2.2780E-005,1546.867500,2.2780E-005
1546.870000,2.3740E-005,1546.870000,2.3740E-005
1546.872500,2.4670E-005,1546.872500,2.4670E-005
1546.875000,2.5750E-005,1546.875000,2.5750E-005
1546.877500,2.6830E-005,1546.877500,2.6830E-005
1546.880000,2.8120E-005,1546.880000,2.8120E-005
1546.882500,2.9480E-005,1546.882500,2.9480E-005
1546.885000,3.0820E-005,1546.885000,3.0820E-005
1546.887500,3.1990E-005,1546.887500,3.1990E-005
1546.890000,3.3370E-005,1546.890000,3.3370E-005
1546.892500,3.4430E-005,1546.892500,3.4430E-005
1546.895000,3.5790E-005,1546.895000,3.5790E-005
1546.897500,3.7130E-005,1546.897500,3.7130E-005
1546.900000,3.8810E-005,1546.900000,3.8810E-005
1546.902500,4.0140E-005,1546.902500,4.0140E-005
1546.905000,4.1830E-005,1546.905000,4.1830E-005
1546.907500,4.1500E-005,1546.907500,4.1500E-005
1546.910000,4.3020E-005,1546.910000,4.3020E-005
1546.912500,4.4630E-005,1546.912500,4.4630E-005
1546.915000,4.6110E-005,1546.915000,4.6110E-005
1546.917500,4.7380E-005,1546.917500,4.7380E-005
1546.920000,4.8570E-005,1546.920000,4.8570E-005
1546.922500,4.9670E-005,1546.922500,4.9670E-005
1546.925000,5.0850E-005,1546.925000,5.0850E-005
1546.927500,5.1680E-005,1546.927500,5.1680E-005
1546.930000,5.3020E-005,1546.930000,5.3020E-005
1546.932500,5.4280E-005,1546.932500,5.4280E-005
1546.935000,5.5380E-005,1546.935000,5.5380E-005
1546.937500,5.5240E-005,1546.937500,5.5240E-005
1546.940000,5.6280E-005,1546.940000,5.6280E-005
1546.942500,5.7230E-005,1546.942500,5.7230E-005
1546.945000,5.8200E-005,1546.945000,5.8200E-005
1546.947500,5.9090E-005,1546.947500,5.9090E-005
1546.950000,5.9930E-005,1546.950000,5.9930E-005
1546.952500,5.9730E-005,1546.952500,5.9730E-005
1546.955000,6.0330E-005,1546.955000,6.0330E-005
1546.957500,6.1140E-005,1546.957500,6.1140E-005
1546.960000,6.1750E-005,1546.960000,6.1750E-005
1546.962500,6.1740E-005,1546.962500,6.1740E-005
1546.965000,6.2420E-005,1546.965000,6.2420E-005
1546.967500,6.2870E-005,1546.967500,6.2870E-005
1546.970000,6.3250E-005,1546.970000,6.3250E-005
1546.972500,6.3500E-005,1546.972500,6.3500E-005
1546.975000,6.3680E-005,1546.975000,6.3680E-005
1546.977500,6.3890E-005,1546.977500,6.3890E-005
1546.980000,6.4180E-005,1546.980000,6.4180E-005
1546.982500,6.4300E-005,1546.982500,6.4300E-005
1546.985000,6.4330E-005,1546.985000,6.4330E-005
1546.987500,6.4630E-005,1546.987500,6.4630E-005
1546.990000,6.4700E-005,1546.990000,6.4700E-005
1546.992500,6.4690E-005,1546.992500,6.4690E-005
1546.995000,6.4820E-005,1546.995000,6.4820E-005
1546.997500,6.4840E-005,1546.997500,6.4840E-005
1547.000000,6.4700E-005,1547.000000,6.4700E-005
1547.002500,6.4700E-005,1547.002500,6.4700E-005
1547.005000,6.4800E-005,1547.005000,6.4800E-005
1547.007500,6.4710E-005,1547.007500,6.4710E-005
1547.010000,6.4430E-005,1547.010000,6.4430E-005
1547.012500,6.4330E-005,1547.012500,6.4330E-005
1547.015000,6.4250E-005,1547.015000,6.4250E-005
1547.017500,6.4190E-005,1547.017500,6.4190E-005
1547.020000,6.3930E-005,1547.020000,6.3930E-005
1547.022500,6.3650E-005,1547.022500,6.3650E-005
1547.025000,6.3380E-005,1547.025000,6.3380E-005
1547.027500,6.3160E-005,1547.027500,6.3160E-005
1547.030000,6.2660E-005,1547.030000,6.2660E-005
1547.032500,6.2280E-005,1547.032500,6.2280E-005
1547.035000,6.1660E-005,1547.035000,6.1660E-005
1547.037500,6.1620E-005,1547.037500,6.1620E-005
1547.040000,6.0920E-005,1547.040000,6.0920E-005
1547.042500,6.0170E-005,1547.042500,6.0170E-005
1547.045000,5.9230E-005,1547.045000,5.9230E-005
1547.047500,5.8520E-005,1547.047500,5.8520E-005
1547.050000,5.7890E-005,1547.050000,5.7890E-005
1547.052500,5.7110E-005,1547.052500,5.7110E-005
1547.055000,5.6210E-005,1547.055000,5.6210E-005
1547.057500,5.5350E-005,1547.057500,5.5350E-005
1547.060000,5.4210E-005,1547.060000,5.4210E-005
1547.062500,5.3130E-005,1547.062500,5.3130E-005
1547.065000,5.2090E-005,1547.065000,5.2090E-005
1547.067500,5.1090E-005,1547.067500,5.1090E-005
1547.070000,4.9600E-005,1547.070000,4.9600E-005
1547.072500,4.8180E-005,1547.072500,4.8180E-005
1547.075000,4.6450E-005,1547.075000,4.6450E-005
1547.077500,4.5170E-005,1547.077500,4.5170E-005
1547.080000,4.3570E-005,1547.080000,4.3570E-005
1547.082500,4.1990E-005,1547.082500,4.1990E-005
1547.085000,4.0600E-005,1547.085000,4.0600E-005
1547.087500,4.0660E-005,1547.087500,4.0660E-005
1547.090000,3.8850E-005,1547.090000,3.8850E-005
1547.092500,3.6820E-005,1547.092500,3.6820E-005
1547.095000,3.5240E-005,1547.095000,3.5240E-005
1547.097500,3.4250E-005,1547.097500,3.4250E-005
1547.100000,3.3020E-005,1547.100000,3.3020E-005
1547.102500,3.2120E-005,1547.102500,3.2120E-005
1547.105000,3.0890E-005,1547.105000,3.0890E-005
1547.107500,2.9520E-005,1547.107500,2.9520E-005
1547.110000,2.7950E-005,1547.110000,2.7950E-005
1547.112500,2.6830E-005,1547.112500,2.6830E-005
1547.115000,2.5490E-005,1547.115000,2.5490E-005
1547.117500,2.4660E-005,1547.117500,2.4660E-005
1547.120000,2.3670E-005,1547.120000,2.3670E-005
1547.122500,2.2620E-005,1547.122500,2.2620E-005
1547.125000,2.1320E-005,1547.125000,2.1320E-005
1547.127500,2.0230E-005,1547.127500,2.0230E-005
1547.130000,1.9080E-005,1547.130000,1.9080E-005
1547.132500,1.8210E-005,1547.132500,1.8210E-005
1547.135000,1.7280E-005,1547.135000,1.7280E-005
1547.137500,1.6530E-005,1547.137500,1.6530E-005
1547.140000,1.5730E-005,1547.140000,1.5730E-005
1547.142500,1.5110E-005,1547.142500,1.5110E-005
1547.145000,1.4340E-005,1547.145000,1.4340E-005
1547.147500,1.3950E-005,1547.147500,1.3950E-005
1547.150000,1.3370E-005,1547.150000,1.3370E-005
1547.152500,1.3030E-005,1547.152500,1.3030E-005
1547.155000,1.2770E-005,1547.155000,1.2770E-005
1547.157500,1.2470E-005,1547.157500,1.2470E-005
1547.160000,1.2120E-005,1547.160000,1.2120E-005
1547.162500,1.1910E-005,1547.162500,1.1910E-005
1547.165000,1.1720E-005,1547.165000,1.1720E-005
1547.167500,1.1630E-005,1547.167500,1.1630E-005
1547.170000,1.1490E-005,1547.170000,1.1490E-005
1547.172500,1.1400E-005,1547.172500,1.1400E-005
1547.175000,1.1370E-005,1547.175000,1.1370E-005
1547.177500,1.1310E-005,1547.177500,1.1310E-005
1547.180000,1.1320E-005,1547.180000,1.1320E-005
1547.182500,1.1290E-005,1547.182500,1.1290E-005
1547.185000,1.1280E-005,1547.185000,1.1280E-005
1547.187500,1.1380E-005,1547.187500,1.1380E-005
1547.190000,1.1260E-005,1547.190000,1.1260E-005
1547.192500,1.1270E-005,1547.192500,1.1270E-005
1547.195000,1.1230E-005,1547.195000,1.1230E-005
1547.197500,1.1280E-005,1547.197500,1.1280E-005
1547.200000,1.1210E-005,1547.200000,1.1210E-005
1547.202500,1.1130E-005,1547.202500,1.1130E-005
1547.205000,1.1020E-005,1547.205000,1.1020E-005
1547.207500,1.1020E-005,1547.207500,1.1020E-005
1547.210000,1.0970E-005,1547.210000,1.0970E-005
1547.212500,1.0980E-005,1547.212500,1.0980E-005
1547.215000,1.0980E-005,1547.215000,1.0980E-005
1547.217500,1.0990E-005,1547.217500,1.0990E-005
1547.220000,1.0950E-005,1547.220000,1.0950E-005
1547.222500,1.1000E-005,1547.222500,1.1000E-005
1547.225000,1.0980E-005,1547.225000,1.0980E-005
1547.227500,1.0950E-005,1547.227500,1.0950E-005
1547.230000,1.0940E-005,1547.230000,1.0940E-005
1547.232500,1.0900E-005,1547.232500,1.0900E-005
1547.235000,1.0890E-005,1547.235000,1.0890E-005
1547.237500,1.0860E-005,1547.237500,1.0860E-005
1547.240000,1.0820E-005,1547.240000,1.0820E-005
1547.242500,1.0760E-005,1547.242500,1.0760E-005
1547.245000,1.0850E-005,1547.245000,1.0850E-005
1547.247500,1.0810E-005,1547.247500,1.0810E-005
1547.250000,1.0780E-005,1547.250000,1.0780E-005
1547.252500,1.0840E-005,1547.252500,1.0840E-005
1547.255000,1.0780E-005,1547.255000,1.0780E-005
1547.257500,1.0830E-005,1547.257500,1.0830E-005
1547.260000,1.0820E-005,1547.260000,1.0820E-005
1547.262500,1.0760E-005,1547.262500,1.0760E-005
1547.265000,1.0780E-005,1547.265000,1.0780E-005
1547.267500,1.0710E-005,1547.267500,1.0710E-005
1547.270000,1.0660E-005,1547.270000,1.0660E-005
1547.272500,1.0710E-005,1547.272500,1.0710E-005
1547.275000,1.0640E-005,1547.275000,1.0640E-005
1547.277500,1.0600E-005,1547.277500,1.0600E-005
1547.280000,1.0570E-005,1547.280000,1.0570E-005
1547.282500,1.0560E-005,1547.282500,1.0560E-005
1547.285000,1.0510E-005,1547.285000,1.0510E-005
1547.287500,1.0520E-005,1547.287500,1.0520E-005
1547.290000,1.0490E-005,1547.290000,1.0490E-005
1547.292500,1.0480E-005,1547.292500,1.0480E-005
1547.295000,1.0480E-005,1547.295000,1.0480E-005
1547.297500,1.0510E-005,1547.297500,1.0510E-005
1547.300000,1.0460E-005,1547.300000,1.0460E-005
1547.302500,1.0440E-005,1547.302500,1.0440E-005
1547.305000,1.0470E-005,1547.305000,1.0470E-005
1547.307500,1.0410E-005,1547.307500,1.0410E-005
1547.310000,1.0420E-005,1547.310000,1.0420E-005
1547.312500,1.0320E-005,1547.312500,1.0320E-005
1547.315000,1.0410E-005,1547.315000,1.0410E-005
1547.317500,1.0330E-005,1547.317500,1.0330E-005
1547.320000,1.0300E-005,1547.320000,1.0300E-005
1547.322500,1.0320E-005,1547.322500,1.0320E-005
1547.325000,1.0330E-005,1547.325000,1.0330E-005
1547.327500,1.0310E-005,1547.327500,1.0310E-005
1547.330000,1.0330E-005,1547.330000,1.0330E-005
1547.332500,1.0330E-005,1547.332500,1.0330E-005
1547.335000,1.0290E-005,1547.335000,1.0290E-005
1547.337500,1.0260E-005,1547.337500,1.0260E-005
1547.340000,1.0270E-005,1547.340000,1.0270E-005
1547.342500,1.0310E-005,1547.342500,1.0310E-005
1547.345000,1.0280E-005,1547.345000,1.0280E-005
1547.347500,1.0290E-005,1547.347500,1.0290E-005
1547.350000,1.0260E-005,1547.350000,1.0260E-005
1547.352500,1.0250E-005,1547.352500,1.0250E-005
1547.355000,1.0270E-005,1547.355000,1.0270E-005
1547.357500,1.0250E-005,1547.357500,1.0250E-005
1547.360000,1.0290E-005,1547.360000,1.0290E-005
1547.362500,1.0230E-005,1547.362500,1.0230E-005
1547.365000,1.0300E-005,1547.365000,1.0300E-005
1547.367500,1.0350E-005,1547.367500,1.0350E-005
1547.370000,1.0310E-005,1547.370000,1.0310E-005
1547.372500,1.0290E-005,1547.372500,1.0290E-005
1547.375000,1.0300E-005,1547.375000,1.0300E-005
1547.377500,1.0310E-005,1547.377500,1.0310E-005
1547.380000,1.0350E-005,1547.380000,1.0350E-005
1547.382500,1.0300E-005,1547.382500,1.0300E-005
1547.385000,1.0280E-005,1547.385000,1.0280E-005
1547.387500,1.0300E-005,1547.387500,1.0300E-005
1547.390000,1.0350E-005,1547.390000,1.0350E-005
1547.392500,1.0370E-005,1547.392500,1.0370E-005
1547.395000,1.0270E-005,1547.395000,1.0270E-005
1547.397500,1.0370E-005,1547.397500,1.0370E-005
1547.400000,1.0340E-005,1547.400000,1.0340E-005
1547.402500,1.0370E-005,1547.402500,1.0370E-005
1547.405000,1.0350E-005,1547.405000,1.0350E-005
1547.407500,1.0380E-005,1547.407500,1.0380E-005
1547.410000,1.0470E-005,1547.410000,1.0470E-005
1547.412500,1.0390E-005,1547.412500,1.0390E-005
1547.415000,1.0410E-005,1547.415000,1.0410E-005
1547.417500,1.0400E-005,1547.417500,1.0400E-005
1547.420000,1.0330E-005,1547.420000,1.0330E-005
1547.422500,1.0340E-005,1547.422500,1.0340E-005
1547.425000,1.0350E-005,1547.425000,1.0350E-005
1547.427500,1.0340E-005,1547.427500,1.0340E-005
1547.430000,1.0320E-005,1547.430000,1.0320E-005
1547.432500,1.0360E-005,1547.432500,1.0360E-005
1547.435000,1.0370E-005,1547.435000,1.0370E-005
1547.437500,1.0380E-005,1547.437500,1.0380E-005
1547.440000,1.0330E-005,1547.440000,1.0330E-005
1547.442500,1.0360E-005,1547.442500,1.0360E-005
1547.445000,1.0410E-005,1547.445000,1.0410E-005
1547.447500,1.0380E-005,1547.447500,1.0380E-005
1547.450000,1.0380E-005,1547.450000,1.0380E-005
1547.452500,1.0360E-005,1547.452500,1.0360E-005
1547.455000,1.0290E-005,1547.455000,1.0290E-005
1547.457500,1.0270E-005,1547.457500,1.0270E-005
1547.460000,1.0330E-005,1547.460000,1.0330E-005
1547.462500,1.0250E-005,1547.462500,1.0250E-005
1547.465000,1.0310E-005,1547.465000,1.0310E-005
1547.467500,1.0280E-005,1547.467500,1.0280E-005
1547.470000,1.0300E-005,1547.470000,1.0300E-005
1547.472500,1.0280E-005,1547.472500,1.0280E-005
1547.475000,1.0330E-005,1547.475000,1.0330E-005
1547.477500,1.0290E-005,1547.477500,1.0290E-005
1547.480000,1.0310E-005,1547.480000,1.0310E-005
1547.482500,1.0330E-005,1547.482500,1.0330E-005
1547.485000,1.0310E-005,1547.485000,1.0310E-005
1547.487500,1.0260E-005,1547.487500,1.0260E-005
1547.490000,1.0280E-005,1547.490000,1.0280E-005
1547.492500,1.0220E-005,1547.492500,1.0220E-005
1547.495000,1.0170E-005,1547.495000,1.0170E-005
1547.497500,1.0210E-005,1547.497500,1.0210E-005
1547.500000,1.0200E-005,1547.500000,1.0200E-005
1547.502500,1.0180E-005,1547.502500,1.0180E-005
1547.505000,1.0160E-005,1547.505000,1.0160E-005
1547.507500,1.0170E-005,1547.507500,1.0170E-005
1547.510000,1.0210E-005,1547.510000,1.0210E-005
1547.512500,1.0150E-005,1547.512500,1.0150E-005
1547.515000,1.0180E-005,1547.515000,1.0180E-005
1547.517500,1.0230E-005,1547.517500,1.0230E-005
1547.520000,1.0230E-005,1547.520000,1.0230E-005
1547.522500,1.0210E-005,1547.522500,1.0210E-005
1547.525000,1.0160E-005,1547.525000,1.0160E-005
1547.527500,1.0120E-005,1547.527500,1.0120E-005
1547.530000,1.0160E-005,1547.530000,1.0160E-005
1547.532500,1.0130E-005,1547.532500,1.0130E-005
1547.535000,1.0170E-005,1547.535000,1.0170E-005
1547.537500,1.0070E-005,1547.537500,1.0070E-005
1547.540000,1.0090E-005,1547.540000,1.0090E-005
1547.542500,1.0070E-005,1547.542500,1.0070E-005
1547.545000,1.0090E-005,1547.545000,1.0090E-005
1547.547500,1.0100E-005,1547.547500,1.0100E-005
1547.550000,1.0040E-005,1547.550000,1.0040E-005
1547.552500,1.0100E-005,1547.552500,1.0100E-005
1547.555000,1.0110E-005,1547.555000,1.0110E-005
1547.557500,1.0150E-005,1547.557500,1.0150E-005
1547.560000,1.0080E-005,1547.560000,1.0080E-005
1547.562500,1.0080E-005,1547.562500,1.0080E-005
1547.565000,1.0040E-005,1547.565000,1.0040E-005
1547.567500,1.0120E-005,1547.567500,1.0120E-005
1547.570000,1.0050E-005,1547.570000,1.0050E-005
1547.572500,1.0010E-005,1547.572500,1.0010E-005
1547.575000,9.9550E-006,1547.575000,9.9550E-006
1547.577500,9.9970E-006,1547.577500,9.9970E-006
1547.580000,1.0020E-005,1547.580000,1.0020E-005
1547.582500,1.0010E-005,1547.582500,1.0010E-005
1547.585000,1.0000E-005,1547.585000,1.0000E-005
1547.587500,1.0020E-005,1547.587500,1.0020E-005
1547.590000,1.0030E-005,1547.590000,1.0030E-005
1547.592500,1.0040E-005,1547.592500,1.0040E-005
1547.595000,9.9810E-006,1547.595000,9.9810E-006
1547.597500,1.0070E-005,1547.597500,1.0070E-005
1547.600000,1.0030E-005,1547.600000,1.0030E-005
1547.602500,1.0010E-005,1547.602500,1.0010E-005
1547.605000,1.0010E-005,1547.605000,1.0010E-005
1547.607500,1.0070E-005,1547.607500,1.0070E-005
1547.610000,1.0000E-005,1547.610000,1.0000E-005
1547.612500,9.9470E-006,1547.612500,9.9470E-006
1547.615000,9.9580E-006,1547.615000,9.9580E-006
1547.617500,9.9310E-006,1547.617500,9.9310E-006
1547.620000,9.9540E-006,1547.620000,9.9540E-006
1547.622500,9.9470E-006,1547.622500,9.9470E-006
1547.625000,9.9560E-006,1547.625000,9.9560E-006
1547.627500,9.9810E-006,1547.627500,9.9810E-006
1547.630000,9.9800E-006,1547.630000,9.9800E-006
1547.632500,9.9770E-006,1547.632500,9.9770E-006
1547.635000,1.0010E-005,1547.635000,1.0010E-005
1547.637500,9.9280E-006,1547.637500,9.9280E-006
1547.640000,9.9890E-006,1547.640000,9.9890E-006
1547.642500,9.9640E-006,1547.642500,9.9640E-006
1547.645000,9.9780E-006,1547.645000,9.9780E-006
1547.647500,9.9320E-006,1547.647500,9.9320E-006
1547.650000,9.9390E-006,1547.650000,9.9390E-006
1547.652500,9.9320E-006,1547.652500,9.9320E-006
1547.655000,9.9120E-006,1547.655000,9.9120E-006
1547.657500,9.9280E-006,1547.657500,9.9280E-006
1547.660000,9.9360E-006,1547.660000,9.9360E-006
1547.662500,9.8750E-006,1547.662500,9.8750E-006
1547.665000,9.9360E-006,1547.665000,9.9360E-006
1547.667500,9.9120E-006,1547.667500,9.9120E-006
1547.670000,9.9560E-006,1547.670000,9.9560E-006
1547.672500,9.9220E-006,1547.672500,9.9220E-006
1547.675000,9.9120E-006,1547.675000,9.9120E-006
1547.677500,9.8570E-006,1547.677500,9.8570E-006
1547.680000,9.8920E-006,1547.680000,9.8920E-006
1547.682500,9.8350E-006,1547.682500,9.8350E-006
1547.685000,9.8750E-006,1547.685000,9.8750E-006
1547.687500,9.8490E-006,1547.687500,9.8490E-006
1547.690000,9.8410E-006,1547.690000,9.8410E-006
1547.692500,9.8240E-006,1547.692500,9.8240E-006
1547.695000,9.8980E-006,1547.695000,9.8980E-006
1547.697500,9.8810E-006,1547.697500,9.8810E-006
1547.700000,9.8480E-006,1547.700000,9.8480E-006
1547.702500,9.8700E-006,1547.702500,9.8700E-006
1547.705000,9.8850E-006,1547.705000,9.8850E-006
1547.707500,9.9010E-006,1547.707500,9.9010E-006
1547.710000,9.8230E-006,1547.710000,9.8230E-006
1547.712500,9.8950E-006,1547.712500,9.8950E-006
1547.715000,9.7830E-006,1547.715000,9.7830E-006
1547.717500,9.8330E-006,1547.717500,9.8330E-006
1547.720000,9.8120E-006,1547.720000,9.8120E-006
1547.722500,9.7790E-006,1547.722500,9.7790E-006
1547.725000,9.8570E-006,1547.725000,9.8570E-006
1547.727500,9.8310E-006,1547.727500,9.8310E-006
1547.730000,9.8910E-006,1547.730000,9.8910E-006
1547.732500,9.8120E-006,1547.732500,9.8120E-006
1547.735000,9.8250E-006,1547.735000,9.8250E-006
1547.737500,9.8410E-006,1547.737500,9.8410E-006
1547.740000,9.8390E-006,1547.740000,9.8390E-006
1547.742500,9.8620E-006,1547.742500,9.8620E-006
1547.745000,9.8160E-006,1547.745000,9.8160E-006
1547.747500,9.7640E-006,1547.747500,9.7640E-006
1547.750000,9.8120E-006,1547.750000,9.8120E-006
1547.752500,9.8110E-006,1547.752500,9.8110E-006
1547.755000,9.8450E-006,1547.755000,9.8450E-006
1547.757500,9.7580E-006,1547.757500,9.7580E-006
1547.760000,9.8250E-006,1547.760000,9.8250E-006
1547.762500,9.8380E-006,1547.762500,9.8380E-006
1547.765000,9.7750E-006,1547.765000,9.7750E-006
1547.767500,9.8110E-006,1547.767500,9.8110E-006
1547.770000,9.8780E-006,1547.770000,9.8780E-006
1547.772500,9.8720E-006,1547.772500,9.8720E-006
1547.775000,9.8820E-006,1547.775000,9.8820E-006
1547.777500,9.8780E-006,1547.777500,9.8780E-006
1547.780000,9.8290E-006,1547.780000,9.8290E-006
1547.782500,9.8490E-006,1547.782500,9.8490E-006
1547.785000,9.8230E-006,1547.785000,9.8230E-006
1547.787500,9.8080E-006,1547.787500,9.8080E-006
1547.790000,9.8420E-006,1547.790000,9.8420E-006
1547.792500,9.7600E-006,1547.792500,9.7600E-006
1547.795000,9.8300E-006,1547.795000,9.8300E-006
1547.797500,9.8230E-006,1547.797500,9.8230E-006
1547.800000,9.8450E-006,1547.800000,9.8450E-006
1547.802500,9.8790E-006,1547.802500,9.8790E-006
1547.805000,9.8590E-006,1547.805000,9.8590E-006
1547.807500,9.9320E-006,1547.807500,9.9320E-006
1547.810000,9.9170E-006,1547.810000,9.9170E-006
1547.812500,9.9540E-006,1547.812500,9.9540E-006
1547.815000,9.9100E-006,1547.815000,9.9100E-006
1547.817500,9.9150E-006,1547.817500,9.9150E-006
1547.820000,9.9240E-006,1547.820000,9.9240E-006
1547.822500,9.9310E-006,1547.822500,9.9310E-006
1547.825000,9.8360E-006,1547.825000,9.8360E-006
1547.827500,9.9110E-006,1547.827500,9.9110E-006
1547.830000,9.8650E-006,1547.830000,9.8650E-006
1547.832500,9.8910E-006,1547.832500,9.8910E-006
1547.835000,9.8890E-006,1547.835000,9.8890E-006
1547.837500,9.9500E-006,1547.837500,9.9500E-006
1547.840000,9.9160E-006,1547.840000,9.9160E-006
1547.842500,9.9370E-006,1547.842500,9.9370E-006
1547.845000,1.0010E-005,1547.845000,1.0010E-005
1547.847500,9.9470E-006,1547.847500,9.9470E-006
1547.850000,9.9860E-006,1547.850000,9.9860E-006
1547.852500,9.9590E-006,1547.852500,9.9590E-006
1547.855000,9.9990E-006,1547.855000,9.9990E-006
1547.857500,9.9870E-006,1547.857500,9.9870E-006
1547.860000,9.9160E-006,1547.860000,9.9160E-006
1547.862500,9.8890E-006,1547.862500,9.8890E-006
1547.865000,9.8680E-006,1547.865000,9.8680E-006
1547.867500,9.8810E-006,1547.867500,9.8810E-006
1547.870000,9.8560E-006,1547.870000,9.8560E-006
1547.872500,9.8960E-006,1547.872500,9.8960E-006
1547.875000,9.9300E-006,1547.875000,9.9300E-006
1547.877500,9.9460E-006,1547.877500,9.9460E-006
1547.880000,9.8810E-006,1547.880000,9.8810E-006
1547.882500,9.9330E-006,1547.882500,9.9330E-006
1547.885000,9.9560E-006,1547.885000,9.9560E-006
1547.887500,9.9240E-006,1547.887500,9.9240E-006
1547.890000,9.9900E-006,1547.890000,9.9900E-006
1547.892500,9.9400E-006,1547.892500,9.9400E-006
1547.895000,9.9330E-006,1547.895000,9.9330E-006
1547.897500,9.9480E-006,1547.897500,9.9480E-006
1547.900000,9.8490E-006,1547.900000,9.8490E-006
1547.902500,9.8820E-006,1547.902500,9.8820E-006
1547.905000,9.8480E-006,1547.905000,9.8480E-006
1547.907500,9.8370E-006,1547.907500,9.8370E-006
1547.910000,9.8590E-006,1547.910000,9.8590E-006
1547.912500,9.8970E-006,1547.912500,9.8970E-006
1547.915000,9.9010E-006,1547.915000,9.9010E-006
1547.917500,9.8820E-006,1547.917500,9.8820E-006
1547.920000,9.8750E-006,1547.920000,9.8750E-006
1547.922500,9.9000E-006,1547.922500,9.9000E-006
1547.925000,9.9180E-006,1547.925000,9.9180E-006
1547.927500,9.8580E-006,1547.927500,9.8580E-006
1547.930000,9.9150E-006,1547.930000,9.9150E-006
1547.932500,9.8980E-006,1547.932500,9.8980E-006
1547.935000,9.8020E-006,1547.935000,9.8020E-006
1547.937500,9.8500E-006,1547.937500,9.8500E-006
1547.940000,9.8020E-006,1547.940000,9.8020E-006
1547.942500,9.8350E-006,1547.942500,9.8350E-006
1547.945000,9.7580E-006,1547.945000,9.7580E-006
1547.947500,9.7550E-006,1547.947500,9.7550E-006
1547.950000,9.8100E-006,1547.950000,9.8100E-006
1547.952500,9.8020E-006,1547.952500,9.8020E-006
1547.955000,9.7780E-006,1547.955000,9.7780E-006
1547.957500,9.8450E-006,1547.957500,9.8450E-006
1547.960000,9.8150E-006,1547.960000,9.8150E-006
1547.962500,9.8690E-006,1547.962500,9.8690E-006
1547.965000,9.8050E-006,1547.965000,9.8050E-006
1547.967500,9.7730E-006,1547.967500,9.7730E-006
1547.970000,9.7960E-006,1547.970000,9.7960E-006
1547.972500,9.7690E-006,1547.972500,9.7690E-006
1547.975000,9.7430E-006,1547.975000,9.7430E-006
1547.977500,9.7450E-006,1547.977500,9.7450E-006
1547.980000,9.7510E-006,1547.980000,9.7510E-006
1547.982500,9.7000E-006,1547.982500,9.7000E-006
1547.985000,9.7170E-006,1547.985000,9.7170E-006
1547.987500,9.7120E-006,1547.987500,9.7120E-006
1547.990000,9.7920E-006,1547.990000,9.7920E-006
1547.992500,9.6890E-006,1547.992500,9.6890E-006
1547.995000,9.7450E-006,1547.995000,9.7450E-006
1547.997500,9.7580E-006,1547.997500,9.7580E-006
1548.000000,9.7260E-006,1548.000000,9.7260E-006
1548.002500,9.7330E-006,1548.002500,9.7330E-006
1548.005000,9.7060E-006,1548.005000,9.7060E-006
1548.007500,9.6680E-006,1548.007500,9.6680E-006
1548.010000,9.7040E-006,1548.010000,9.7040E-006
1548.012500,9.6700E-006,1548.012500,9.6700E-006
1548.015000,9.6860E-006,1548.015000,9.6860E-006
1548.017500,9.6390E-006,1548.017500,9.6390E-006
1548.020000,9.6710E-006,1548.020000,9.6710E-006
1548.022500,9.6630E-006,1548.022500,9.6630E-006
1548.025000,9.6270E-006,1548.025000,9.6270E-006
1548.027500,9.6190E-006,1548.027500,9.6190E-006
1548.030000,9.7250E-006,1548.030000,9.7250E-006
1548.032500,9.6350E-006,1548.032500,9.6350E-006
1548.035000,9.7520E-006,1548.035000,9.7520E-006
1548.037500,9.6850E-006,1548.037500,9.6850E-006
1548.040000,9.7120E-006,1548.040000,9.7120E-006
1548.042500,9.6630E-006,1548.042500,9.6630E-006
1548.045000,9.6630E-006,1548.045000,9.6630E-006
1548.047500,9.6610E-006,1548.047500,9.6610E-006
1548.050000,9.6270E-006,1548.050000,9.6270E-006
1548.052500,9.6240E-006,1548.052500,9.6240E-006
1548.055000,9.6250E-006,1548.055000,9.6250E-006
1548.057500,9.6570E-006,1548.057500,9.6570E-006
1548.060000,9.6700E-006,1548.060000,9.6700E-006
1548.062500,9.6710E-006,1548.062500,9.6710E-006
1548.065000,9.6340E-006,1548.065000,9.6340E-006
1548.067500,9.6890E-006,1548.067500,9.6890E-006
1548.070000,9.6430E-006,1548.070000,9.6430E-006
1548.072500,9.6780E-006,1548.072500,9.6780E-006
1548.075000,9.6710E-006,1548.075000,9.6710E-006
1548.077500,9.6670E-006,1548.077500,9.6670E-006
1548.080000,9.6340E-006,1548.080000,9.6340E-006
1548.082500,9.6700E-006,1548.082500,9.6700E-006
1548.085000,9.6430E-006,1548.085000,9.6430E-006
1548.087500,9.6340E-006,1548.087500,9.6340E-006
1548.090000,9.6350E-006,1548.090000,9.6350E-006
1548.092500,9.6380E-006,1548.092500,9.6380E-006
1548.095000,9.6740E-006,1548.095000,9.6740E-006
1548.097500,9.6790E-006,1548.097500,9.6790E-006
1548.100000,9.7370E-006,1548.100000,9.7370E-006
1548.102500,9.7640E-006,1548.102500,9.7640E-006
1548.105000,9.6760E-006,1548.105000,9.6760E-006
1548.107500,9.6970E-006,1548.107500,9.6970E-006
1548.110000,9.7440E-006,1548.110000,9.7440E-006
1548.112500,9.7000E-006,1548.112500,9.7000E-006
1548.115000,9.6440E-006,1548.115000,9.6440E-006
1548.117500,9.7170E-006,1548.117500,9.7170E-006
1548.120000,9.6790E-006,1548.120000,9.6790E-006
1548.122500,9.7230E-006,1548.122500,9.7230E-006
1548.125000,9.6580E-006,1548.125000,9.6580E-006
1548.127500,9.7190E-006,1548.127500,9.7190E-006
1548.130000,9.7250E-006,1548.130000,9.7250E-006
1548.132500,9.6920E-006,1548.132500,9.6920E-006
1548.135000,9.7660E-006,1548.135000,9.7660E-006
1548.137500,9.7860E-006,1548.137500,9.7860E-006
1548.140000,9.8280E-006,1548.140000,9.8280E-006
1548.142500,9.7690E-006,1548.142500,9.7690E-006
1548.145000,9.8040E-006,1548.145000,9.8040E-006
1548.147500,9.7310E-006,1548.147500,9.7310E-006
1548.150000,9.7810E-006,1548.150000,9.7810E-006
1548.152500,9.7550E-006,1548.152500,9.7550E-006
1548.155000,9.7920E-006,1548.155000,9.7920E-006
1548.157500,9.7360E-006,1548.157500,9.7360E-006
1548.160000,9.6730E-006,1548.160000,9.6730E-006
1548.162500,9.7380E-006,1548.162500,9.7380E-006
1548.165000,9.7440E-006,1548.165000,9.7440E-006
1548.167500,9.7770E-006,1548.167500,9.7770E-006
1548.170000,9.7970E-006,1548.170000,9.7970E-006
1548.172500,9.7660E-006,1548.172500,9.7660E-006
1548.175000,9.8180E-006,1548.175000,9.8180E-006
1548.177500,9.8340E-006,1548.177500,9.8340E-006
1548.180000,9.8650E-006,1548.180000,9.8650E-006
1548.182500,9.8610E-006,1548.182500,9.8610E-006
1548.185000,9.8550E-006,1548.185000,9.8550E-006
1548.187500,9.8400E-006,1548.187500,9.8400E-006
1548.190000,9.7990E-006,1548.190000,9.7990E-006
1548.192500,9.7650E-006,1548.192500,9.7650E-006
1548.195000,9.7880E-006,1548.195000,9.7880E-006
1548.197500,9.7760E-006,1548.197500,9.7760E-006
1548.200000,9.7780E-006,1548.200000,9.7780E-006
1548.202500,9.8300E-006,1548.202500,9.8300E-006
1548.205000,9.8710E-006,1548.205000,9.8710E-006
1548.207500,9.8440E-006,1548.207500,9.8440E-006
1548.210000,9.8240E-006,1548.210000,9.8240E-006
1548.212500,9.8630E-006,1548.212500,9.8630E-006
1548.215000,9.8450E-006,1548.215000,9.8450E-006
1548.217500,9.8370E-006,1548.217500,9.8370E-006
1548.220000,9.8410E-006,1548.220000,9.8410E-006
1548.222500,9.8760E-006,1548.222500,9.8760E-006
1548.225000,9.8030E-006,1548.225000,9.8030E-006
1548.227500,9.8940E-006,1548.227500,9.8940E-006
1548.230000,9.7910E-006,1548.230000,9.7910E-006
1548.232500,9.7650E-006,1548.232500,9.7650E-006
1548.235000,9.7230E-006,1548.235000,9.7230E-006
1548.237500,9.7840E-006,1548.237500,9.7840E-006
1548.240000,9.7810E-006,1548.240000,9.7810E-006
1548.242500,9.8450E-006,1548.242500,9.8450E-006
1548.245000,9.7840E-006,1548.245000,9.7840E-006
1548.247500,9.8320E-006,1548.247500,9.8320E-006
1548.250000,9.8140E-006,1548.250000,9.8140E-006
1548.252500,9.8040E-006,1548.252500,9.8040E-006
1548.255000,9.8110E-006,1548.255000,9.8110E-006
1548.257500,9.8310E-006,1548.257500,9.8310E-006
1548.260000,9.8450E-006,1548.260000,9.8450E-006
1548.262500,9.8230E-006,1548.262500,9.8230E-006
1548.265000,9.7980E-006,1548.265000,9.7980E-006
1548.267500,9.7890E-006,1548.267500,9.7890E-006
1548.270000,9.7460E-006,1548.270000,9.7460E-006
1548.272500,9.7100E-006,1548.272500,9.7100E-006
1548.275000,9.7000E-006,1548.275000,9.7000E-006
1548.277500,9.7140E-006,1548.277500,9.7140E-006
1548.280000,9.7380E-006,1548.280000,9.7380E-006
1548.282500,9.7250E-006,1548.282500,9.7250E-006
1548.285000,9.7240E-006,1548.285000,9.7240E-006
1548.287500,9.7840E-006,1548.287500,9.7840E-006
1548.290000,9.7530E-006,1548.290000,9.7530E-006
1548.292500,9.8010E-006,1548.292500,9.8010E-006
1548.295000,9.7070E-006,1548.295000,9.7070E-006
1548.297500,9.7030E-006,1548.297500,9.7030E-006
1548.300000,9.6970E-006,1548.300000,9.6970E-006
1548.302500,9.6640E-006,1548.302500,9.6640E-006
1548.305000,9.6350E-006,1548.305000,9.6350E-006
1548.307500,9.6280E-006,1548.307500,9.6280E-006
1548.310000,9.6150E-006,1548.310000,9.6150E-006
1548.312500,9.6500E-006,1548.312500,9.6500E-006
1548.315000,9.6470E-006,1548.315000,9.6470E-006
1548.317500,9.6240E-006,1548.317500,9.6240E-006
1548.320000,9.6590E-006,1548.320000,9.6590E-006
1548.322500,9.6130E-006,1548.322500,9.6130E-006
1548.325000,9.6210E-006,1548.325000,9.6210E-006
1548.327500,9.6830E-006,1548.327500,9.6830E-006
1548.330000,9.7010E-006,1548.330000,9.7010E-006
1548.332500,9.6600E-006,1548.332500,9.6600E-006
1548.335000,9.5760E-006,1548.335000,9.5760E-006
1548.337500,9.6150E-006,1548.337500,9.6150E-006
1548.340000,9.6040E-006,1548.340000,9.6040E-006
1548.342500,9.5930E-006,1548.342500,9.5930E-006
1548.345000,9.5530E-006,1548.345000,9.5530E-006
1548.347500,9.5270E-006,1548.347500,9.5270E-006
1548.350000,9.5110E-006,1548.350000,9.5110E-006
1548.352500,9.5610E-006,1548.352500,9.5610E-006
1548.355000,9.5660E-006,1548.355000,9.5660E-006
1548.357500,9.5780E-006,1548.357500,9.5780E-006
1548.360000,9.5070E-006,1548.360000,9.5070E-006
1548.362500,9.5200E-006,1548.362500,9.5200E-006
1548.365000,9.5700E-006,1548.365000,9.5700E-006
1548.367500,9.5460E-006,1548.367500,9.5460E-006
1548.370000,9.5720E-006,1548.370000,9.5720E-006
1548.372500,9.5410E-006,1548.372500,9.5410E-006
1548.375000,9.5470E-006,1548.375000,9.5470E-006
1548.377500,9.5080E-006,1548.377500,9.5080E-006
1548.380000,9.5410E-006,1548.380000,9.5410E-006
1548.382500,9.5660E-006,1548.382500,9.5660E-006
1548.385000,9.5410E-006,1548.385000,9.5410E-006
1548.387500,9.5460E-006,1548.387500,9.5460E-006
1548.390000,9.5230E-006,1548.390000,9.5230E-006
1548.392500,9.6140E-006,1548.392500,9.6140E-006
1548.395000,9.5330E-006,1548.395000,9.5330E-006
1548.397500,9.5680E-006,1548.397500,9.5680E-006
1548.400000,9.6360E-006,1548.400000,9.6360E-006
1548.402500,9.5570E-006,1548.402500,9.5570E-006
1548.405000,9.5860E-006,1548.405000,9.5860E-006
1548.407500,9.5300E-006,1548.407500,9.5300E-006
1548.410000,9.5350E-006,1548.410000,9.5350E-006
1548.412500,9.5370E-006,1548.412500,9.5370E-006
1548.415000,9.5340E-006,1548.415000,9.5340E-006
1548.417500,9.5880E-006,1548.417500,9.5880E-006
1548.420000,9.6070E-006,1548.420000,9.6070E-006
1548.422500,9.5670E-006,1548.422500,9.5670E-006
1548.425000,9.5700E-006,1548.425000,9.5700E-006
1548.427500,9.5870E-006,1548.427500,9.5870E-006
1548.430000,9.6730E-006,1548.430000,9.6730E-006
1548.432500,9.6330E-006,1548.432500,9.6330E-006
1548.435000,9.6440E-006,1548.435000,9.6440E-006
1548.437500,9.6400E-006,1548.437500,9.6400E-006
1548.440000,9.6350E-006,1548.440000,9.6350E-006
1548.442500,9.6190E-006,1548.442500,9.6190E-006
1548.445000,9.6330E-006,1548.445000,9.6330E-006
1548.447500,9.6070E-006,1548.447500,9.6070E-006
1548.450000,9.6650E-006,1548.450000,9.6650E-006
1548.452500,9.6030E-006,1548.452500,9.6030E-006
1548.455000,9.6570E-006,1548.455000,9.6570E-006
1548.457500,9.6940E-006,1548.457500,9.6940E-006
1548.460000,9.6860E-006,1548.460000,9.6860E-006
1548.462500,9.6780E-006,1548.462500,9.6780E-006
1548.465000,9.7210E-006,1548.465000,9.7210E-006
1548.467500,9.7050E-006,1548.467500,9.7050E-006
1548.470000,9.6740E-006,1548.470000,9.6740E-006
1548.472500,9.7490E-006,1548.472500,9.7490E-006
1548.475000,9.7270E-006,1548.475000,9.7270E-006
1548.477500,9.7110E-006,1548.477500,9.7110E-006
1548.480000,9.7120E-006,1548.480000,9.7120E-006
1548.482500,9.6990E-006,1548.482500,9.6990E-006
1548.485000,9.6990E-006,1548.485000,9.6990E-006
1548.487500,9.7180E-006,1548.487500,9.7180E-006
1548.490000,9.6800E-006,1548.490000,9.6800E-006
1548.492500,9.7010E-006,1548.492500,9.7010E-006
1548.495000,9.7270E-006,1548.495000,9.7270E-006
1548.497500,9.7160E-006,1548.497500,9.7160E-006
1548.500000,9.6990E-006,1548.500000,9.6990E-006
1548.502500,9.7520E-006,1548.502500,9.7520E-006
1548.505000,9.7960E-006,1548.505000,9.7960E-006
1548.507500,9.7690E-006,1548.507500,9.7690E-006
1548.510000,9.7310E-006,1548.510000,9.7310E-006
1548.512500,9.8110E-006,1548.512500,9.8110E-006
1548.515000,9.7490E-006,1548.515000,9.7490E-006
1548.517500,9.7010E-006,1548.517500,9.7010E-006
1548.520000,9.6970E-006,1548.520000,9.6970E-006
1548.522500,9.6910E-006,1548.522500,9.6910E-006
1548.525000,9.7070E-006,1548.525000,9.7070E-006
1548.527500,9.7070E-006,1548.527500,9.7070E-006
1548.530000,9.6970E-006,1548.530000,9.6970E-006
1548.532500,9.7090E-006,1548.532500,9.7090E-006
1548.535000,9.7750E-006,1548.535000,9.7750E-006
1548.537500,9.7450E-006,1548.537500,9.7450E-006
1548.540000,9.7510E-006,1548.540000,9.7510E-006
1548.542500,9.7860E-006,1548.542500,9.7860E-006
1548.545000,9.7550E-006,1548.545000,9.7550E-006
1548.547500,9.8400E-006,1548.547500,9.8400E-006
1548.550000,9.7680E-006,1548.550000,9.7680E-006
1548.552500,9.7500E-006,1548.552500,9.7500E-006
1548.555000,9.7120E-006,1548.555000,9.7120E-006
1548.557500,9.7010E-006,1548.557500,9.7010E-006
1548.560000,9.7000E-006,1548.560000,9.7000E-006
1548.562500,9.7160E-006,1548.562500,9.7160E-006
1548.565000,9.6590E-006,1548.565000,9.6590E-006
1548.567500,9.6550E-006,1548.567500,9.6550E-006
1548.570000,9.7310E-006,1548.570000,9.7310E-006
1548.572500,9.7130E-006,1548.572500,9.7130E-006
1548.575000,9.7340E-006,1548.575000,9.7340E-006
1548.577500,9.7130E-006,1548.577500,9.7130E-006
1548.580000,9.7490E-006,1548.580000,9.7490E-006
1548.582500,9.7500E-006,1548.582500,9.7500E-006
1548.585000,9.7340E-006,1548.585000,9.7340E-006
1548.587500,9.7050E-006,1548.587500,9.7050E-006
1548.590000,9.6880E-006,1548.590000,9.6880E-006
1548.592500,9.6680E-006,1548.592500,9.6680E-006
1548.595000,9.6920E-006,1548.595000,9.6920E-006
1548.597500,9.5930E-006,1548.597500,9.5930E-006
1548.600000,9.6570E-006,1548.600000,9.6570E-006
1548.602500,9.6090E-006,1548.602500,9.6090E-006
1548.605000,9.6390E-006,1548.605000,9.6390E-006
1548.607500,9.6190E-006,1548.607500,9.6190E-006
1548.610000,9.6670E-006,1548.610000,9.6670E-006
1548.612500,9.6850E-006,1548.612500,9.6850E-006
1548.615000,9.6700E-006,1548.615000,9.6700E-006
1548.617500,9.6700E-006,1548.617500,9.6700E-006
1548.620000,9.6400E-006,1548.620000,9.6400E-006
1548.622500,9.6250E-006,1548.622500,9.6250E-006
1548.625000,9.6410E-006,1548.625000,9.6410E-006
1548.627500,9.6420E-006,1548.627500,9.6420E-006
1548.630000,9.6130E-006,1548.630000,9.6130E-006
1548.632500,9.6310E-006,1548.632500,9.6310E-006
1548.635000,9.5720E-006,1548.635000,9.5720E-006
1548.637500,9.5640E-006,1548.637500,9.5640E-006
1548.640000,9.5310E-006,1548.640000,9.5310E-006
1548.642500,9.5680E-006,1548.642500,9.5680E-006
1548.645000,9.5690E-006,1548.645000,9.5690E-006
1548.647500,9.5640E-006,1548.647500,9.5640E-006
1548.650000,9.6310E-006,1548.650000,9.6310E-006
1548.652500,9.5640E-006,1548.652500,9.5640E-006
1548.655000,9.5760E-006,1548.655000,9.5760E-006
1548.657500,9.5700E-006,1548.657500,9.5700E-006
1548.660000,9.6260E-006,1548.660000,9.6260E-006
1548.662500,9.6030E-006,1548.662500,9.6030E-006
1548.665000,9.6330E-006,1548.665000,9.6330E-006
1548.667500,9.5370E-006,1548.667500,9.5370E-006
1548.670000,9.5510E-006,1548.670000,9.5510E-006
1548.672500,9.5560E-006,1548.672500,9.5560E-006
1548.675000,9.5210E-006,1548.675000,9.5210E-006
1548.677500,9.5810E-006,1548.677500,9.5810E-006
1548.680000,9.4880E-006,1548.680000,9.4880E-006
1548.682500,9.5420E-006,1548.682500,9.5420E-006
1548.685000,9.4880E-006,1548.685000,9.4880E-006
1548.687500,9.5510E-006,1548.687500,9.5510E-006
1548.690000,9.5360E-006,1548.690000,9.5360E-006
1548.692500,9.6090E-006,1548.692500,9.6090E-006
1548.695000,9.5670E-006,1548.695000,9.5670E-006
1548.697500,9.5530E-006,1548.697500,9.5530E-006
1548.700000,9.5840E-006,1548.700000,9.5840E-006
1548.702500,9.5750E-006,1548.702500,9.5750E-006
1548.705000,9.5480E-006,1548.705000,9.5480E-006
1548.707500,9.5100E-006,1548.707500,9.5100E-006
1548.710000,9.5230E-006,1548.710000,9.5230E-006
1548.712500,9.5270E-006,1548.712500,9.5270E-006
1548.715000,9.5310E-006,1548.715000,9.5310E-006
1548.717500,9.5210E-006,1548.717500,9.5210E-006
1548.720000,9.5480E-006,1548.720000,9.5480E-006
1548.722500,9.5120E-006,1548.722500,9.5120E-006
1548.725000,9.5170E-006,1548.725000,9.5170E-006
1548.727500,9.5770E-006,1548.727500,9.5770E-006
1548.730000,9.5460E-006,1548.730000,9.5460E-006
1548.732500,9.5800E-006,1548.732500,9.5800E-006
1548.735000,9.5330E-006,1548.735000,9.5330E-006
1548.737500,9.5090E-006,1548.737500,9.5090E-006
1548.740000,9.5050E-006,1548.740000,9.5050E-006
1548.742500,9.5110E-006,1548.742500,9.5110E-006
1548.745000,9.5350E-006,1548.745000,9.5350E-006
1548.747500,9.5560E-006,1548.747500,9.5560E-006
1548.750000,9.5090E-006,1548.750000,9.5090E-006
1548.752500,9.5220E-006,1548.752500,9.5220E-006
1548.755000,9.5970E-006,1548.755000,9.5970E-006
1548.757500,9.5560E-006,1548.757500,9.5560E-006
1548.760000,9.5330E-006,1548.760000,9.5330E-006
1548.762500,9.5480E-006,1548.762500,9.5480E-006
1548.765000,9.5540E-006,1548.765000,9.5540E-006
1548.767500,9.6410E-006,1548.767500,9.6410E-006
1548.770000,9.5540E-006,1548.770000,9.5540E-006
1548.772500,9.4920E-006,1548.772500,9.4920E-006
1548.775000,9.5280E-006,1548.775000,9.5280E-006
1548.777500,9.5200E-006,1548.777500,9.5200E-006
1548.780000,9.5250E-006,1548.780000,9.5250E-006
1548.782500,9.5350E-006,1548.782500,9.5350E-006
1548.785000,9.5550E-006,1548.785000,9.5550E-006
1548.787500,9.5610E-006,1548.787500,9.5610E-006
1548.790000,9.5200E-006,1548.790000,9.5200E-006
1548.792500,9.5890E-006,1548.792500,9.5890E-006
1548.795000,9.5430E-006,1548.795000,9.5430E-006
1548.797500,9.6050E-006,1548.797500,9.6050E-006
1548.800000,9.5630E-006,1548.800000,9.5630E-006
1548.802500,9.5570E-006,1548.802500,9.5570E-006
1548.805000,9.5880E-006,1548.805000,9.5880E-006
1548.807500,9.5510E-006,1548.807500,9.5510E-006
1548.810000,9.5540E-006,1548.810000,9.5540E-006
1548.812500,9.5460E-006,1548.812500,9.5460E-006
1548.815000,9.5820E-006,1548.815000,9.5820E-006
1548.817500,9.5380E-006,1548.817500,9.5380E-006
1548.820000,9.5350E-006,1548.820000,9.5350E-006
1548.822500,9.5370E-006,1548.822500,9.5370E-006
1548.825000,9.5430E-006,1548.825000,9.5430E-006
1548.827500,9.5720E-006,1548.827500,9.5720E-006
1548.830000,9.5640E-006,1548.830000,9.5640E-006
1548.832500,9.5330E-006,1548.832500,9.5330E-006
1548.835000,9.6020E-006,1548.835000,9.6020E-006
1548.837500,9.5820E-006,1548.837500,9.5820E-006
1548.840000,9.6180E-006,1548.840000,9.6180E-006
1548.842500,9.5640E-006,1548.842500,9.5640E-006
1548.845000,9.6310E-006,1548.845000,9.6310E-006
1548.847500,9.6330E-006,1548.847500,9.6330E-006
1548.850000,9.5800E-006,1548.850000,9.5800E-006
1548.852500,9.5200E-006,1548.852500,9.5200E-006
1548.855000,9.5240E-006,1548.855000,9.5240E-006
1548.857500,9.5330E-006,1548.857500,9.5330E-006
1548.860000,9.5510E-006,1548.860000,9.5510E-006
1548.862500,9.5630E-006,1548.862500,9.5630E-006
1548.865000,9.5510E-006,1548.865000,9.5510E-006
1548.867500,9.5810E-006,1548.867500,9.5810E-006
1548.870000,9.5820E-006,1548.870000,9.5820E-006
1548.872500,9.6510E-006,1548.872500,9.6510E-006
1548.875000,9.6340E-006,1548.875000,9.6340E-006
1548.877500,9.6210E-006,1548.877500,9.6210E-006
1548.880000,9.6130E-006,1548.880000,9.6130E-006
1548.882500,9.6590E-006,1548.882500,9.6590E-006
1548.885000,9.6330E-006,1548.885000,9.6330E-006
1548.887500,9.5890E-006,1548.887500,9.5890E-006
1548.890000,9.5900E-006,1548.890000,9.5900E-006
1548.892500,9.6540E-006,1548.892500,9.6540E-006
1548.895000,9.5560E-006,1548.895000,9.5560E-006
1548.897500,9.5740E-006,1548.897500,9.5740E-006
1548.900000,9.6120E-006,1548.900000,9.6120E-006
1548.902500,9.6330E-006,1548.902500,9.6330E-006
1548.905000,9.6390E-006,1548.905000,9.6390E-006
1548.907500,9.6640E-006,1548.907500,9.6640E-006
1548.910000,9.6960E-006,1548.910000,9.6960E-006
1548.912500,9.6720E-006,1548.912500,9.6720E-006
1548.915000,9.7160E-006,1548.915000,9.7160E-006
1548.917500,9.6640E-006,1548.917500,9.6640E-006
1548.920000,9.6530E-006,1548.920000,9.6530E-006
1548.922500,9.6530E-006,1548.922500,9.6530E-006
1548.925000,9.6390E-006,1548.925000,9.6390E-006
1548.927500,9.7160E-006,1548.927500,9.7160E-006
1548.930000,9.5950E-006,1548.930000,9.5950E-006
1548.932500,9.5750E-006,1548.932500,9.5750E-006
1548.935000,9.5560E-006,1548.935000,9.5560E-006
1548.937500,9.6640E-006,1548.937500,9.6640E-006
1548.940000,9.6390E-006,1548.940000,9.6390E-006
1548.942500,9.6700E-006,1548.942500,9.6700E-006
1548.945000,9.6330E-006,1548.945000,9.6330E-006
1548.947500,9.7190E-006,1548.947500,9.7190E-006
1548.950000,9.6610E-006,1548.950000,9.6610E-006
1548.952500,9.6550E-006,1548.952500,9.6550E-006
1548.955000,9.6680E-006,1548.955000,9.6680E-006
1548.957500,9.6440E-006,1548.957500,9.6440E-006
1548.960000,9.5470E-006,1548.960000,9.5470E-006
1548.962500,9.5330E-006,1548.962500,9.5330E-006
1548.965000,9.6200E-006,1548.965000,9.6200E-006
1548.967500,9.5510E-006,1548.967500,9.5510E-006
1548.970000,9.6140E-006,1548.970000,9.6140E-006
1548.972500,9.5150E-006,1548.972500,9.5150E-006
1548.975000,9.6080E-006,1548.975000,9.6080E-006
1548.977500,9.5300E-006,1548.977500,9.5300E-006
1548.980000,9.5350E-006,1548.980000,9.5350E-006
1548.982500,9.5750E-006,1548.982500,9.5750E-006
1548.985000,9.6030E-006,1548.985000,9.6030E-006
1548.987500,9.5610E-006,1548.987500,9.5610E-006
1548.990000,9.5750E-006,1548.990000,9.5750E-006
1548.992500,9.5270E-006,1548.992500,9.5270E-006
1548.995000,9.5230E-006,1548.995000,9.5230E-006
1548.997500,9.5490E-006,1548.997500,9.5490E-006
1549.000000,9.5090E-006,1549.000000,9.5090E-006
